{
"type": "FeatureCollection",
"name": "basins",
"crs": { "type": "name", "properties": { "name": "urn:ogc:def:crs:OGC:1.3:CRS84" } },
"xy_coordinate_resolution": 0.001,
"features": [
{ "type": "Feature", "properties": { "hybas_id": 4071128040, "next_down": 4071130890, "main_bas": 4070017020, "sub_area": 4087.0, "up_area": 4087.0, "th_share": 0.31 }, "geometry": { "type": "Polygon", "coordinates": [ [ [ 102.458, 13.408 ], [ 102.511, 13.395 ], [ 102.529, 13.4 ], [ 102.563, 13.356 ], [ 102.6, 13.333 ], [ 102.63, 13.296 ], [ 102.688, 13.279 ], [ 102.703, 13.288 ], [ 102.717, 13.313 ], [ 102.75, 13.308 ], [ 102.755, 13.324 ], [ 102.775, 13.345 ], [ 102.788, 13.351 ], [ 102.813, 13.341 ], [ 102.823, 13.349 ], [ 102.837, 13.351 ], [ 102.854, 13.389 ], [ 102.85, 13.406 ], [ 102.859, 13.423 ], [ 102.85, 13.431 ], [ 102.854, 13.446 ], [ 102.881, 13.459 ], [ 102.904, 13.476 ], [ 102.904, 13.483 ], [ 102.924, 13.484 ], [ 102.929, 13.499 ], [ 102.938, 13.501 ], [ 102.933, 13.509 ], [ 102.938, 13.517 ], [ 102.943, 13.508 ], [ 102.966, 13.517 ], [ 102.97, 13.523 ], [ 102.967, 13.545 ], [ 102.973, 13.549 ], [ 102.999, 13.559 ], [ 103.065, 13.55 ], [ 103.098, 13.559 ], [ 103.106, 13.566 ], [ 103.125, 13.563 ], [ 103.121, 13.55 ], [ 103.101, 13.532 ], [ 103.096, 13.515 ], [ 103.101, 13.502 ], [ 103.045, 13.505 ], [ 103.027, 13.495 ], [ 103.02, 13.484 ], [ 103.001, 13.474 ], [ 102.995, 13.459 ], [ 102.955, 13.42 ], [ 102.95, 13.397 ], [ 102.957, 13.395 ], [ 102.963, 13.375 ], [ 102.97, 13.379 ], [ 102.971, 13.37 ], [ 102.93, 13.298 ], [ 102.929, 13.288 ], [ 102.909, 13.282 ], [ 102.908, 13.271 ], [ 102.9, 13.265 ], [ 102.904, 13.252 ], [ 102.892, 13.235 ], [ 102.895, 13.218 ], [ 102.872, 13.187 ], [ 102.875, 13.171 ], [ 102.851, 13.154 ], [ 102.825, 13.118 ], [ 102.788, 13.094 ], [ 102.782, 13.075 ], [ 102.755, 13.066 ], [ 102.754, 13.058 ], [ 102.767, 13.043 ], [ 102.787, 13.037 ], [ 102.788, 13.029 ], [ 102.774, 13.008 ], [ 102.78, 12.972 ], [ 102.821, 12.958 ], [ 102.82, 12.927 ], [ 102.788, 12.898 ], [ 102.788, 12.879 ], [ 102.731, 12.884 ], [ 102.694, 12.9 ], [ 102.665, 12.899 ], [ 102.647, 12.882 ], [ 102.645, 12.872 ], [ 102.629, 12.862 ], [ 102.649, 12.815 ], [ 102.634, 12.79 ], [ 102.633, 12.771 ], [ 102.618, 12.77 ], [ 102.594, 12.758 ], [ 102.572, 12.762 ], [ 102.56, 12.75 ], [ 102.513, 12.741 ], [ 102.508, 12.733 ], [ 102.497, 12.743 ], [ 102.496, 12.758 ], [ 102.477, 12.754 ], [ 102.469, 12.762 ], [ 102.431, 12.763 ], [ 102.397, 12.771 ], [ 102.39, 12.758 ], [ 102.38, 12.758 ], [ 102.371, 12.781 ], [ 102.376, 12.792 ], [ 102.362, 12.807 ], [ 102.352, 12.812 ], [ 102.323, 12.809 ], [ 102.295, 12.845 ], [ 102.284, 12.847 ], [ 102.278, 12.87 ], [ 102.263, 12.875 ], [ 102.262, 12.887 ], [ 102.245, 12.903 ], [ 102.2, 12.929 ], [ 102.204, 12.938 ], [ 102.188, 12.948 ], [ 102.175, 12.973 ], [ 102.184, 12.995 ], [ 102.174, 13.001 ], [ 102.179, 13.007 ], [ 102.167, 13.027 ], [ 102.167, 13.042 ], [ 102.207, 13.059 ], [ 102.204, 13.075 ], [ 102.209, 13.091 ], [ 102.217, 13.092 ], [ 102.23, 13.112 ], [ 102.259, 13.126 ], [ 102.267, 13.12 ], [ 102.287, 13.122 ], [ 102.288, 13.129 ], [ 102.271, 13.152 ], [ 102.271, 13.175 ], [ 102.28, 13.191 ], [ 102.308, 13.204 ], [ 102.295, 13.237 ], [ 102.301, 13.257 ], [ 102.316, 13.263 ], [ 102.322, 13.283 ], [ 102.339, 13.299 ], [ 102.368, 13.291 ], [ 102.379, 13.301 ], [ 102.376, 13.34 ], [ 102.388, 13.357 ], [ 102.379, 13.36 ], [ 102.384, 13.383 ], [ 102.374, 13.449 ], [ 102.379, 13.463 ], [ 102.4, 13.463 ], [ 102.42, 13.445 ], [ 102.426, 13.43 ], [ 102.458, 13.408 ] ] ] } },
{ "type": "Feature", "properties": { "hybas_id": 4071127980, "next_down": 4071130890, "main_bas": 4070017020, "sub_area": 6487.9, "up_area": 6488.0, "th_share": 0.44 }, "geometry": { "type": "Polygon", "coordinates": [ [ [ 102.696, 14.138 ], [ 102.731, 14.145 ], [ 102.757, 14.142 ], [ 102.773, 14.162 ], [ 102.803, 14.176 ], [ 102.857, 14.162 ], [ 102.86, 14.154 ], [ 102.87, 14.155 ], [ 102.877, 14.175 ], [ 102.907, 14.171 ], [ 102.929, 14.179 ], [ 102.941, 14.169 ], [ 102.946, 14.148 ], [ 102.955, 14.139 ], [ 102.942, 14.081 ], [ 102.95, 14.063 ], [ 102.983, 14.032 ], [ 102.974, 14.017 ], [ 102.976, 14.001 ], [ 102.983, 13.999 ], [ 102.984, 13.988 ], [ 103.008, 13.978 ], [ 103.02, 13.966 ], [ 103.017, 13.948 ], [ 103.026, 13.934 ], [ 103.02, 13.926 ], [ 103.029, 13.904 ], [ 103.05, 13.894 ], [ 103.046, 13.89 ], [ 103.054, 13.867 ], [ 103.074, 13.857 ], [ 103.076, 13.846 ], [ 103.082, 13.85 ], [ 103.087, 13.844 ], [ 103.088, 13.819 ], [ 103.096, 13.804 ], [ 103.108, 13.807 ], [ 103.12, 13.794 ], [ 103.117, 13.768 ], [ 103.124, 13.766 ], [ 103.13, 13.75 ], [ 103.145, 13.745 ], [ 103.142, 13.718 ], [ 103.162, 13.698 ], [ 103.163, 13.664 ], [ 103.176, 13.646 ], [ 103.17, 13.631 ], [ 103.162, 13.613 ], [ 103.147, 13.608 ], [ 103.145, 13.597 ], [ 103.134, 13.586 ], [ 103.129, 13.563 ], [ 103.106, 13.566 ], [ 103.098, 13.559 ], [ 103.065, 13.55 ], [ 102.999, 13.559 ], [ 102.973, 13.549 ], [ 102.967, 13.545 ], [ 102.97, 13.523 ], [ 102.966, 13.517 ], [ 102.943, 13.508 ], [ 102.938, 13.517 ], [ 102.933, 13.509 ], [ 102.938, 13.501 ], [ 102.929, 13.499 ], [ 102.924, 13.484 ], [ 102.904, 13.483 ], [ 102.904, 13.476 ], [ 102.881, 13.459 ], [ 102.854, 13.446 ], [ 102.85, 13.431 ], [ 102.859, 13.423 ], [ 102.85, 13.406 ], [ 102.854, 13.389 ], [ 102.837, 13.351 ], [ 102.823, 13.349 ], [ 102.813, 13.341 ], [ 102.788, 13.351 ], [ 102.775, 13.345 ], [ 102.755, 13.324 ], [ 102.75, 13.308 ], [ 102.717, 13.313 ], [ 102.703, 13.288 ], [ 102.688, 13.279 ], [ 102.63, 13.296 ], [ 102.6, 13.333 ], [ 102.563, 13.356 ], [ 102.529, 13.4 ], [ 102.511, 13.395 ], [ 102.456, 13.409 ], [ 102.426, 13.43 ], [ 102.42, 13.445 ], [ 102.4, 13.463 ], [ 102.379, 13.463 ], [ 102.374, 13.449 ], [ 102.384, 13.383 ], [ 102.379, 13.36 ], [ 102.388, 13.357 ], [ 102.376, 13.34 ], [ 102.379, 13.301 ], [ 102.368, 13.291 ], [ 102.359, 13.292 ], [ 102.328, 13.341 ], [ 102.322, 13.343 ], [ 102.32, 13.355 ], [ 102.33, 13.407 ], [ 102.345, 13.414 ], [ 102.346, 13.431 ], [ 102.321, 13.46 ], [ 102.308, 13.507 ], [ 102.292, 13.518 ], [ 102.296, 13.55 ], [ 102.284, 13.568 ], [ 102.287, 13.581 ], [ 102.277, 13.591 ], [ 102.259, 13.592 ], [ 102.245, 13.644 ], [ 102.221, 13.658 ], [ 102.225, 13.673 ], [ 102.217, 13.679 ], [ 102.223, 13.687 ], [ 102.246, 13.692 ], [ 102.263, 13.728 ], [ 102.278, 13.734 ], [ 102.283, 13.744 ], [ 102.278, 13.766 ], [ 102.263, 13.775 ], [ 102.263, 13.794 ], [ 102.275, 13.82 ], [ 102.262, 13.829 ], [ 102.263, 13.837 ], [ 102.294, 13.838 ], [ 102.303, 13.846 ], [ 102.31, 13.837 ], [ 102.332, 13.838 ], [ 102.334, 13.845 ], [ 102.35, 13.85 ], [ 102.346, 13.86 ], [ 102.355, 13.874 ], [ 102.369, 13.876 ], [ 102.392, 13.896 ], [ 102.411, 13.896 ], [ 102.434, 13.924 ], [ 102.453, 13.926 ], [ 102.463, 13.953 ], [ 102.483, 13.968 ], [ 102.487, 13.985 ], [ 102.483, 13.99 ], [ 102.506, 14.012 ], [ 102.523, 14.021 ], [ 102.527, 14.016 ], [ 102.546, 14.021 ], [ 102.539, 14.042 ], [ 102.537, 14.034 ], [ 102.524, 14.033 ], [ 102.498, 14.045 ], [ 102.49, 14.038 ], [ 102.463, 14.038 ], [ 102.454, 14.07 ], [ 102.438, 14.08 ], [ 102.433, 14.099 ], [ 102.449, 14.109 ], [ 102.459, 14.124 ], [ 102.482, 14.134 ], [ 102.485, 14.142 ], [ 102.504, 14.133 ], [ 102.514, 14.141 ], [ 102.547, 14.137 ], [ 102.577, 14.158 ], [ 102.591, 14.159 ], [ 102.603, 14.171 ], [ 102.62, 14.17 ], [ 102.641, 14.15 ], [ 102.653, 14.163 ], [ 102.665, 14.162 ], [ 102.696, 14.138 ] ] ] } },
{ "type": "Feature", "properties": { "hybas_id": 4071110860, "next_down": 4071117650, "main_bas": 4070017020, "sub_area": 884.5, "up_area": 541567.3, "th_share": 0.05 }, "geometry": { "type": "Polygon", "coordinates": [ [ [ 105.475, 15.1 ], [ 105.468, 15.101 ], [ 105.462, 15.122 ], [ 105.467, 15.137 ], [ 105.484, 15.149 ], [ 105.472, 15.155 ], [ 105.47, 15.18 ], [ 105.488, 15.192 ], [ 105.492, 15.212 ], [ 105.513, 15.221 ], [ 105.534, 15.257 ], [ 105.553, 15.254 ], [ 105.555, 15.267 ], [ 105.576, 15.262 ], [ 105.587, 15.271 ], [ 105.588, 15.28 ], [ 105.574, 15.295 ], [ 105.552, 15.296 ], [ 105.521, 15.321 ], [ 105.521, 15.34 ], [ 105.527, 15.345 ], [ 105.541, 15.347 ], [ 105.547, 15.358 ], [ 105.579, 15.363 ], [ 105.61, 15.358 ], [ 105.652, 15.338 ], [ 105.687, 15.333 ], [ 105.728, 15.338 ], [ 105.73, 15.349 ], [ 105.746, 15.363 ], [ 105.759, 15.352 ], [ 105.734, 15.315 ], [ 105.733, 15.289 ], [ 105.721, 15.277 ], [ 105.726, 15.259 ], [ 105.721, 15.252 ], [ 105.726, 15.238 ], [ 105.733, 15.237 ], [ 105.734, 15.206 ], [ 105.75, 15.175 ], [ 105.762, 15.174 ], [ 105.771, 15.138 ], [ 105.756, 15.121 ], [ 105.718, 15.103 ], [ 105.713, 15.094 ], [ 105.717, 15.086 ], [ 105.695, 15.059 ], [ 105.687, 15.057 ], [ 105.692, 15.046 ], [ 105.684, 15.045 ], [ 105.671, 15.027 ], [ 105.667, 15.004 ], [ 105.65, 14.994 ], [ 105.655, 14.982 ], [ 105.648, 14.975 ], [ 105.633, 14.971 ], [ 105.608, 14.975 ], [ 105.598, 14.995 ], [ 105.581, 14.996 ], [ 105.563, 15.014 ], [ 105.563, 15.025 ], [ 105.539, 15.03 ], [ 105.543, 15.045 ], [ 105.549, 15.047 ], [ 105.545, 15.066 ], [ 105.513, 15.063 ], [ 105.512, 15.082 ], [ 105.498, 15.091 ], [ 105.476, 15.092 ], [ 105.475, 15.1 ] ] ] } },
{ "type": "Feature", "properties": { "hybas_id": 4071108500, "next_down": 4071110860, "main_bas": 4070017020, "sub_area": 4919.4, "up_area": 420814.6, "th_share": 0.43 }, "geometry": { "type": "Polygon", "coordinates": [ [ [ 105.125, 16.025 ], [ 105.134, 16.037 ], [ 105.145, 16.033 ], [ 105.162, 16.042 ], [ 105.231, 16.038 ], [ 105.247, 16.066 ], [ 105.278, 16.071 ], [ 105.337, 16.066 ], [ 105.342, 16.058 ], [ 105.371, 16.067 ], [ 105.39, 16.063 ], [ 105.402, 16.071 ], [ 105.419, 16.067 ], [ 105.465, 16.079 ], [ 105.471, 16.071 ], [ 105.478, 16.071 ], [ 105.487, 16.084 ], [ 105.503, 16.079 ], [ 105.536, 16.084 ], [ 105.561, 16.12 ], [ 105.621, 16.1 ], [ 105.622, 16.084 ], [ 105.645, 16.083 ], [ 105.654, 16.054 ], [ 105.674, 16.055 ], [ 105.681, 16.07 ], [ 105.712, 16.08 ], [ 105.728, 16.078 ], [ 105.73, 16.072 ], [ 105.738, 16.071 ], [ 105.742, 16.047 ], [ 105.726, 16.041 ], [ 105.709, 15.977 ], [ 105.709, 15.964 ], [ 105.718, 15.955 ], [ 105.752, 15.954 ], [ 105.807, 15.937 ], [ 105.808, 15.929 ], [ 105.847, 15.924 ], [ 105.856, 15.933 ], [ 105.874, 15.934 ], [ 105.887, 15.947 ], [ 105.888, 15.958 ], [ 105.896, 15.954 ], [ 105.911, 15.959 ], [ 105.924, 15.968 ], [ 105.93, 15.983 ], [ 105.948, 15.984 ], [ 105.954, 15.992 ], [ 105.966, 15.987 ], [ 105.972, 15.962 ], [ 105.983, 15.967 ], [ 106.016, 15.962 ], [ 106.023, 15.955 ], [ 106.044, 15.95 ], [ 106.088, 15.958 ], [ 106.105, 15.93 ], [ 106.128, 15.92 ], [ 106.147, 15.93 ], [ 106.179, 15.925 ], [ 106.189, 15.913 ], [ 106.203, 15.912 ], [ 106.209, 15.901 ], [ 106.225, 15.896 ], [ 106.238, 15.872 ], [ 106.267, 15.858 ], [ 106.266, 15.848 ], [ 106.252, 15.834 ], [ 106.239, 15.833 ], [ 106.232, 15.825 ], [ 106.198, 15.829 ], [ 106.182, 15.821 ], [ 106.14, 15.825 ], [ 106.093, 15.82 ], [ 106.067, 15.817 ], [ 106.056, 15.8 ], [ 106.023, 15.808 ], [ 105.986, 15.792 ], [ 105.954, 15.796 ], [ 105.945, 15.82 ], [ 105.917, 15.817 ], [ 105.916, 15.808 ], [ 105.888, 15.813 ], [ 105.868, 15.803 ], [ 105.853, 15.78 ], [ 105.838, 15.778 ], [ 105.837, 15.768 ], [ 105.831, 15.766 ], [ 105.82, 15.783 ], [ 105.788, 15.797 ], [ 105.779, 15.813 ], [ 105.723, 15.842 ], [ 105.682, 15.879 ], [ 105.671, 15.879 ], [ 105.659, 15.861 ], [ 105.657, 15.843 ], [ 105.651, 15.841 ], [ 105.646, 15.813 ], [ 105.629, 15.8 ], [ 105.63, 15.788 ], [ 105.642, 15.783 ], [ 105.652, 15.791 ], [ 105.674, 15.787 ], [ 105.684, 15.759 ], [ 105.701, 15.742 ], [ 105.697, 15.722 ], [ 105.725, 15.708 ], [ 105.743, 15.672 ], [ 105.763, 15.667 ], [ 105.758, 15.643 ], [ 105.761, 15.587 ], [ 105.748, 15.591 ], [ 105.726, 15.579 ], [ 105.713, 15.588 ], [ 105.689, 15.583 ], [ 105.68, 15.569 ], [ 105.679, 15.529 ], [ 105.7, 15.517 ], [ 105.697, 15.497 ], [ 105.703, 15.495 ], [ 105.705, 15.468 ], [ 105.725, 15.462 ], [ 105.721, 15.456 ], [ 105.726, 15.443 ], [ 105.746, 15.433 ], [ 105.751, 15.418 ], [ 105.771, 15.406 ], [ 105.766, 15.389 ], [ 105.73, 15.349 ], [ 105.728, 15.338 ], [ 105.687, 15.333 ], [ 105.652, 15.338 ], [ 105.61, 15.358 ], [ 105.579, 15.363 ], [ 105.547, 15.358 ], [ 105.541, 15.347 ], [ 105.527, 15.345 ], [ 105.521, 15.34 ], [ 105.521, 15.321 ], [ 105.448, 15.317 ], [ 105.429, 15.325 ], [ 105.417, 15.352 ], [ 105.42, 15.402 ], [ 105.399, 15.438 ], [ 105.403, 15.453 ], [ 105.384, 15.468 ], [ 105.388, 15.494 ], [ 105.408, 15.514 ], [ 105.417, 15.538 ], [ 105.416, 15.544 ], [ 105.383, 15.574 ], [ 105.388, 15.587 ], [ 105.384, 15.619 ], [ 105.392, 15.628 ], [ 105.387, 15.637 ], [ 105.392, 15.646 ], [ 105.348, 15.65 ], [ 105.338, 15.646 ], [ 105.323, 15.658 ], [ 105.302, 15.659 ], [ 105.286, 15.674 ], [ 105.268, 15.676 ], [ 105.241, 15.715 ], [ 105.226, 15.726 ], [ 105.224, 15.737 ], [ 105.217, 15.738 ], [ 105.213, 15.754 ], [ 105.197, 15.755 ], [ 105.195, 15.77 ], [ 105.167, 15.776 ], [ 105.163, 15.804 ], [ 105.147, 15.809 ], [ 105.126, 15.83 ], [ 105.112, 15.858 ], [ 105.102, 15.859 ], [ 105.091, 15.874 ], [ 105.063, 15.884 ], [ 105.062, 15.891 ], [ 105.015, 15.909 ], [ 105.0, 15.925 ], [ 105.0, 15.933 ], [ 105.021, 15.933 ], [ 105.017, 15.988 ], [ 105.037, 15.993 ], [ 105.038, 16.003 ], [ 105.059, 16.025 ], [ 105.077, 16.037 ], [ 105.09, 16.033 ], [ 105.098, 16.038 ], [ 105.11, 16.033 ], [ 105.115, 16.038 ], [ 105.125, 16.025 ] ] ] } },
{ "type": "Feature", "properties": { "hybas_id": 4071108580, "next_down": 4071110860, "main_bas": 4070017020, "sub_area": 3952.0, "up_area": 119867.8, "th_share": 1.0 }, "geometry": { "type": "Polygon", "coordinates": [ [ [ 105.483, 14.508 ], [ 105.47, 14.476 ], [ 105.455, 14.47 ], [ 105.436, 14.43 ], [ 105.405, 14.424 ], [ 105.399, 14.413 ], [ 105.343, 14.387 ], [ 105.342, 14.396 ], [ 105.325, 14.4 ], [ 105.312, 14.435 ], [ 105.325, 14.46 ], [ 105.317, 14.483 ], [ 105.325, 14.488 ], [ 105.328, 14.505 ], [ 105.33, 14.518 ], [ 105.321, 14.527 ], [ 105.326, 14.559 ], [ 105.304, 14.576 ], [ 105.313, 14.597 ], [ 105.304, 14.624 ], [ 105.308, 14.633 ], [ 105.301, 14.634 ], [ 105.276, 14.659 ], [ 105.279, 14.682 ], [ 105.267, 14.698 ], [ 105.275, 14.71 ], [ 105.266, 14.732 ], [ 105.275, 14.748 ], [ 105.267, 14.754 ], [ 105.271, 14.764 ], [ 105.255, 14.789 ], [ 105.254, 14.8 ], [ 105.262, 14.801 ], [ 105.263, 14.812 ], [ 105.274, 14.813 ], [ 105.275, 14.825 ], [ 105.267, 14.829 ], [ 105.275, 14.864 ], [ 105.259, 14.885 ], [ 105.263, 14.921 ], [ 105.251, 14.926 ], [ 105.245, 14.949 ], [ 105.221, 14.958 ], [ 105.22, 14.974 ], [ 105.213, 14.976 ], [ 105.183, 15.017 ], [ 105.192, 15.031 ], [ 105.183, 15.048 ], [ 105.154, 15.071 ], [ 105.155, 15.087 ], [ 105.166, 15.093 ], [ 105.167, 15.107 ], [ 105.163, 15.108 ], [ 105.167, 15.14 ], [ 105.175, 15.148 ], [ 105.175, 15.173 ], [ 105.2, 15.189 ], [ 105.204, 15.231 ], [ 105.192, 15.26 ], [ 105.191, 15.291 ], [ 105.182, 15.299 ], [ 105.163, 15.304 ], [ 105.15, 15.345 ], [ 105.169, 15.351 ], [ 105.183, 15.363 ], [ 105.188, 15.379 ], [ 105.204, 15.39 ], [ 105.209, 15.408 ], [ 105.225, 15.414 ], [ 105.225, 15.431 ], [ 105.217, 15.439 ], [ 105.217, 15.458 ], [ 105.188, 15.488 ], [ 105.187, 15.502 ], [ 105.158, 15.548 ], [ 105.163, 15.556 ], [ 105.154, 15.59 ], [ 105.145, 15.603 ], [ 105.137, 15.605 ], [ 105.138, 15.628 ], [ 105.149, 15.634 ], [ 105.167, 15.674 ], [ 105.175, 15.679 ], [ 105.171, 15.692 ], [ 105.179, 15.715 ], [ 105.176, 15.724 ], [ 105.206, 15.73 ], [ 105.217, 15.738 ], [ 105.224, 15.737 ], [ 105.226, 15.726 ], [ 105.241, 15.715 ], [ 105.268, 15.676 ], [ 105.286, 15.674 ], [ 105.302, 15.659 ], [ 105.323, 15.658 ], [ 105.338, 15.646 ], [ 105.348, 15.65 ], [ 105.392, 15.646 ], [ 105.387, 15.637 ], [ 105.392, 15.628 ], [ 105.384, 15.619 ], [ 105.388, 15.587 ], [ 105.383, 15.574 ], [ 105.416, 15.544 ], [ 105.417, 15.538 ], [ 105.408, 15.514 ], [ 105.388, 15.494 ], [ 105.383, 15.476 ], [ 105.396, 15.454 ], [ 105.403, 15.453 ], [ 105.399, 15.438 ], [ 105.42, 15.402 ], [ 105.417, 15.352 ], [ 105.429, 15.325 ], [ 105.448, 15.317 ], [ 105.521, 15.321 ], [ 105.552, 15.296 ], [ 105.574, 15.295 ], [ 105.588, 15.28 ], [ 105.576, 15.262 ], [ 105.555, 15.267 ], [ 105.553, 15.254 ], [ 105.534, 15.257 ], [ 105.513, 15.221 ], [ 105.492, 15.212 ], [ 105.488, 15.192 ], [ 105.47, 15.18 ], [ 105.472, 15.155 ], [ 105.484, 15.149 ], [ 105.467, 15.137 ], [ 105.462, 15.122 ], [ 105.476, 15.092 ], [ 105.498, 15.091 ], [ 105.512, 15.082 ], [ 105.513, 15.063 ], [ 105.545, 15.066 ], [ 105.549, 15.047 ], [ 105.543, 15.045 ], [ 105.539, 15.03 ], [ 105.563, 15.025 ], [ 105.563, 15.014 ], [ 105.581, 14.996 ], [ 105.598, 14.995 ], [ 105.608, 14.975 ], [ 105.588, 14.961 ], [ 105.581, 14.942 ], [ 105.563, 14.958 ], [ 105.546, 14.945 ], [ 105.545, 14.928 ], [ 105.558, 14.92 ], [ 105.559, 14.91 ], [ 105.574, 14.894 ], [ 105.575, 14.883 ], [ 105.551, 14.879 ], [ 105.546, 14.848 ], [ 105.554, 14.838 ], [ 105.517, 14.819 ], [ 105.509, 14.777 ], [ 105.513, 14.755 ], [ 105.531, 14.738 ], [ 105.542, 14.737 ], [ 105.526, 14.733 ], [ 105.521, 14.725 ], [ 105.526, 14.709 ], [ 105.517, 14.688 ], [ 105.521, 14.679 ], [ 105.517, 14.647 ], [ 105.53, 14.645 ], [ 105.52, 14.634 ], [ 105.533, 14.621 ], [ 105.525, 14.573 ], [ 105.529, 14.56 ], [ 105.483, 14.508 ] ] ] } },
{ "type": "Feature", "properties": { "hybas_id": 4071108670, "next_down": 4071108580, "main_bas": 4070017020, "sub_area": 8317.4, "up_area": 111118.6, "th_share": 1.0 }, "geometry": { "type": "Polygon", "coordinates": [ [ [ 104.196, 15.726 ], [ 104.188, 15.773 ], [ 104.197, 15.795 ], [ 104.246, 15.791 ], [ 104.282, 15.805 ], [ 104.292, 15.828 ], [ 104.279, 15.853 ], [ 104.283, 15.881 ], [ 104.266, 15.905 ], [ 104.271, 15.918 ], [ 104.255, 15.93 ], [ 104.259, 15.972 ], [ 104.238, 15.992 ], [ 104.246, 16.032 ], [ 104.258, 16.048 ], [ 104.254, 16.06 ], [ 104.263, 16.071 ], [ 104.245, 16.097 ], [ 104.266, 16.118 ], [ 104.28, 16.165 ], [ 104.296, 16.175 ], [ 104.287, 16.211 ], [ 104.275, 16.229 ], [ 104.283, 16.238 ], [ 104.296, 16.238 ], [ 104.295, 16.265 ], [ 104.287, 16.279 ], [ 104.297, 16.296 ], [ 104.304, 16.292 ], [ 104.304, 16.283 ], [ 104.314, 16.288 ], [ 104.332, 16.28 ], [ 104.338, 16.303 ], [ 104.349, 16.31 ], [ 104.36, 16.337 ], [ 104.4, 16.355 ], [ 104.415, 16.379 ], [ 104.421, 16.371 ], [ 104.417, 16.351 ], [ 104.442, 16.35 ], [ 104.458, 16.363 ], [ 104.493, 16.342 ], [ 104.516, 16.337 ], [ 104.526, 16.317 ], [ 104.549, 16.308 ], [ 104.563, 16.28 ], [ 104.583, 16.271 ], [ 104.579, 16.263 ], [ 104.584, 16.243 ], [ 104.598, 16.241 ], [ 104.614, 16.217 ], [ 104.633, 16.208 ], [ 104.657, 16.226 ], [ 104.663, 16.242 ], [ 104.691, 16.224 ], [ 104.702, 16.209 ], [ 104.727, 16.2 ], [ 104.752, 16.204 ], [ 104.767, 16.196 ], [ 104.766, 16.189 ], [ 104.751, 16.177 ], [ 104.757, 16.159 ], [ 104.73, 16.145 ], [ 104.72, 16.122 ], [ 104.705, 16.12 ], [ 104.704, 16.113 ], [ 104.718, 16.096 ], [ 104.724, 16.101 ], [ 104.738, 16.088 ], [ 104.754, 16.083 ], [ 104.762, 16.088 ], [ 104.763, 16.071 ], [ 104.775, 16.067 ], [ 104.772, 16.055 ], [ 104.782, 16.053 ], [ 104.797, 16.029 ], [ 104.813, 16.032 ], [ 104.805, 16.01 ], [ 104.809, 15.955 ], [ 104.783, 15.942 ], [ 104.792, 15.913 ], [ 104.854, 15.938 ], [ 104.899, 15.937 ], [ 104.901, 15.926 ], [ 104.92, 15.926 ], [ 104.921, 15.933 ], [ 104.949, 15.924 ], [ 104.978, 15.942 ], [ 104.995, 15.941 ], [ 105.015, 15.909 ], [ 105.062, 15.891 ], [ 105.063, 15.884 ], [ 105.091, 15.874 ], [ 105.102, 15.859 ], [ 105.112, 15.858 ], [ 105.126, 15.83 ], [ 105.147, 15.809 ], [ 105.163, 15.804 ], [ 105.167, 15.776 ], [ 105.195, 15.77 ], [ 105.197, 15.755 ], [ 105.213, 15.754 ], [ 105.217, 15.738 ], [ 105.206, 15.73 ], [ 105.176, 15.724 ], [ 105.179, 15.715 ], [ 105.171, 15.692 ], [ 105.175, 15.679 ], [ 105.167, 15.674 ], [ 105.149, 15.634 ], [ 105.138, 15.628 ], [ 105.137, 15.605 ], [ 105.145, 15.603 ], [ 105.154, 15.59 ], [ 105.163, 15.556 ], [ 105.158, 15.548 ], [ 105.187, 15.502 ], [ 105.188, 15.488 ], [ 105.217, 15.458 ], [ 105.225, 15.414 ], [ 105.209, 15.408 ], [ 105.204, 15.39 ], [ 105.188, 15.379 ], [ 105.183, 15.363 ], [ 105.169, 15.351 ], [ 105.15, 15.345 ], [ 105.163, 15.3 ], [ 105.141, 15.267 ], [ 105.126, 15.266 ], [ 105.119, 15.254 ], [ 105.112, 15.259 ], [ 105.092, 15.25 ], [ 105.08, 15.233 ], [ 105.078, 15.242 ], [ 105.047, 15.228 ], [ 105.033, 15.208 ], [ 104.993, 15.204 ], [ 104.986, 15.217 ], [ 104.978, 15.212 ], [ 104.957, 15.217 ], [ 104.942, 15.207 ], [ 104.937, 15.193 ], [ 104.924, 15.201 ], [ 104.919, 15.196 ], [ 104.905, 15.201 ], [ 104.9, 15.188 ], [ 104.882, 15.192 ], [ 104.848, 15.158 ], [ 104.836, 15.163 ], [ 104.831, 15.158 ], [ 104.823, 15.166 ], [ 104.779, 15.175 ], [ 104.749, 15.188 ], [ 104.726, 15.175 ], [ 104.717, 15.176 ], [ 104.725, 15.202 ], [ 104.712, 15.247 ], [ 104.717, 15.259 ], [ 104.671, 15.293 ], [ 104.665, 15.312 ], [ 104.66, 15.309 ], [ 104.625, 15.335 ], [ 104.638, 15.363 ], [ 104.624, 15.395 ], [ 104.605, 15.405 ], [ 104.587, 15.45 ], [ 104.573, 15.446 ], [ 104.566, 15.465 ], [ 104.557, 15.475 ], [ 104.543, 15.476 ], [ 104.528, 15.499 ], [ 104.479, 15.497 ], [ 104.483, 15.502 ], [ 104.466, 15.528 ], [ 104.418, 15.534 ], [ 104.416, 15.541 ], [ 104.406, 15.542 ], [ 104.395, 15.558 ], [ 104.379, 15.564 ], [ 104.384, 15.576 ], [ 104.378, 15.583 ], [ 104.356, 15.588 ], [ 104.333, 15.604 ], [ 104.346, 15.624 ], [ 104.334, 15.63 ], [ 104.332, 15.642 ], [ 104.313, 15.638 ], [ 104.308, 15.655 ], [ 104.291, 15.645 ], [ 104.276, 15.651 ], [ 104.284, 15.674 ], [ 104.295, 15.68 ], [ 104.301, 15.705 ], [ 104.292, 15.717 ], [ 104.273, 15.724 ], [ 104.238, 15.726 ], [ 104.237, 15.733 ], [ 104.228, 15.734 ], [ 104.216, 15.717 ], [ 104.207, 15.716 ], [ 104.196, 15.726 ] ] ] } },
{ "type": "Feature", "properties": { "hybas_id": 4071108770, "next_down": 4071108580, "main_bas": 4070017020, "sub_area": 4796.9, "up_area": 4796.9, "th_share": 1.0 }, "geometry": { "type": "Polygon", "coordinates": [ [ [ 104.8, 14.813 ], [ 104.788, 14.813 ], [ 104.788, 14.819 ], [ 104.812, 14.839 ], [ 104.841, 14.898 ], [ 104.842, 14.913 ], [ 104.833, 14.923 ], [ 104.838, 14.966 ], [ 104.853, 14.971 ], [ 104.858, 14.992 ], [ 104.892, 15.046 ], [ 104.891, 15.053 ], [ 104.871, 15.068 ], [ 104.87, 15.08 ], [ 104.883, 15.094 ], [ 104.884, 15.116 ], [ 104.925, 15.143 ], [ 104.921, 15.148 ], [ 104.926, 15.153 ], [ 104.941, 15.159 ], [ 104.933, 15.192 ], [ 104.942, 15.207 ], [ 104.957, 15.217 ], [ 104.978, 15.212 ], [ 104.986, 15.217 ], [ 104.993, 15.204 ], [ 105.033, 15.208 ], [ 105.047, 15.228 ], [ 105.078, 15.242 ], [ 105.08, 15.233 ], [ 105.092, 15.25 ], [ 105.112, 15.259 ], [ 105.119, 15.254 ], [ 105.126, 15.266 ], [ 105.141, 15.267 ], [ 105.163, 15.304 ], [ 105.182, 15.299 ], [ 105.191, 15.291 ], [ 105.192, 15.26 ], [ 105.204, 15.231 ], [ 105.2, 15.189 ], [ 105.175, 15.173 ], [ 105.175, 15.148 ], [ 105.167, 15.14 ], [ 105.163, 15.108 ], [ 105.167, 15.107 ], [ 105.166, 15.093 ], [ 105.155, 15.087 ], [ 105.154, 15.071 ], [ 105.183, 15.048 ], [ 105.192, 15.031 ], [ 105.183, 15.017 ], [ 105.213, 14.976 ], [ 105.22, 14.974 ], [ 105.221, 14.958 ], [ 105.245, 14.949 ], [ 105.251, 14.926 ], [ 105.263, 14.921 ], [ 105.259, 14.885 ], [ 105.275, 14.864 ], [ 105.267, 14.829 ], [ 105.275, 14.825 ], [ 105.274, 14.813 ], [ 105.263, 14.812 ], [ 105.262, 14.801 ], [ 105.254, 14.8 ], [ 105.255, 14.789 ], [ 105.271, 14.764 ], [ 105.267, 14.754 ], [ 105.275, 14.748 ], [ 105.266, 14.732 ], [ 105.275, 14.71 ], [ 105.267, 14.698 ], [ 105.279, 14.682 ], [ 105.276, 14.659 ], [ 105.301, 14.634 ], [ 105.308, 14.633 ], [ 105.304, 14.624 ], [ 105.313, 14.597 ], [ 105.304, 14.576 ], [ 105.326, 14.559 ], [ 105.321, 14.527 ], [ 105.33, 14.518 ], [ 105.328, 14.505 ], [ 105.325, 14.488 ], [ 105.317, 14.483 ], [ 105.325, 14.46 ], [ 105.312, 14.435 ], [ 105.325, 14.4 ], [ 105.318, 14.4 ], [ 105.295, 14.372 ], [ 105.284, 14.37 ], [ 105.278, 14.358 ], [ 105.234, 14.363 ], [ 105.228, 14.338 ], [ 105.201, 14.351 ], [ 105.176, 14.349 ], [ 105.163, 14.329 ], [ 105.175, 14.323 ], [ 105.175, 14.314 ], [ 105.159, 14.303 ], [ 105.138, 14.238 ], [ 105.111, 14.221 ], [ 105.085, 14.213 ], [ 105.058, 14.217 ], [ 105.025, 14.246 ], [ 105.025, 14.277 ], [ 105.009, 14.293 ], [ 105.008, 14.307 ], [ 104.992, 14.317 ], [ 105.004, 14.363 ], [ 105.004, 14.374 ], [ 104.991, 14.387 ], [ 104.958, 14.392 ], [ 104.949, 14.387 ], [ 104.942, 14.4 ], [ 104.923, 14.412 ], [ 104.92, 14.404 ], [ 104.902, 14.405 ], [ 104.884, 14.417 ], [ 104.833, 14.404 ], [ 104.833, 14.415 ], [ 104.811, 14.437 ], [ 104.791, 14.438 ], [ 104.754, 14.413 ], [ 104.73, 14.417 ], [ 104.72, 14.433 ], [ 104.708, 14.433 ], [ 104.741, 14.46 ], [ 104.725, 14.523 ], [ 104.737, 14.544 ], [ 104.733, 14.564 ], [ 104.741, 14.573 ], [ 104.738, 14.595 ], [ 104.746, 14.6 ], [ 104.728, 14.628 ], [ 104.719, 14.63 ], [ 104.708, 14.642 ], [ 104.728, 14.659 ], [ 104.724, 14.675 ], [ 104.729, 14.683 ], [ 104.754, 14.684 ], [ 104.747, 14.717 ], [ 104.752, 14.713 ], [ 104.766, 14.722 ], [ 104.78, 14.749 ], [ 104.817, 14.758 ], [ 104.821, 14.75 ], [ 104.816, 14.786 ], [ 104.8, 14.813 ] ] ] } },
{ "type": "Feature", "properties": { "hybas_id": 4071110370, "next_down": 4071108670, "main_bas": 4070017020, "sub_area": 55.8, "up_area": 53397.1, "th_share": 1.0 }, "geometry": { "type": "Polygon", "coordinates": [ [ [ 104.683, 15.146 ], [ 104.683, 15.153 ], [ 104.669, 15.155 ], [ 104.658, 15.17 ], [ 104.638, 15.179 ], [ 104.656, 15.191 ], [ 104.673, 15.188 ], [ 104.694, 15.195 ], [ 104.717, 15.183 ], [ 104.717, 15.176 ], [ 104.726, 15.175 ], [ 104.749, 15.188 ], [ 104.779, 15.179 ], [ 104.78, 15.172 ], [ 104.788, 15.17 ], [ 104.787, 15.159 ], [ 104.771, 15.153 ], [ 104.765, 15.141 ], [ 104.751, 15.151 ], [ 104.726, 15.149 ], [ 104.721, 15.143 ], [ 104.716, 15.155 ], [ 104.698, 15.142 ], [ 104.683, 15.146 ] ] ] } },
{ "type": "Feature", "properties": { "hybas_id": 4071110320, "next_down": 4071108670, "main_bas": 4070017020, "sub_area": 8814.5, "up_area": 49403.6, "th_share": 1.0 }, "geometry": { "type": "Polygon", "coordinates": [ [ [ 103.754, 16.65 ], [ 103.738, 16.668 ], [ 103.746, 16.698 ], [ 103.763, 16.72 ], [ 103.782, 16.725 ], [ 103.795, 16.748 ], [ 103.791, 16.755 ], [ 103.824, 16.784 ], [ 103.849, 16.827 ], [ 103.85, 16.838 ], [ 103.874, 16.828 ], [ 103.9, 16.804 ], [ 103.915, 16.804 ], [ 103.938, 16.775 ], [ 103.946, 16.775 ], [ 103.95, 16.779 ], [ 103.946, 16.794 ], [ 103.959, 16.821 ], [ 103.97, 16.817 ], [ 103.976, 16.837 ], [ 104.007, 16.847 ], [ 104.01, 16.854 ], [ 104.027, 16.862 ], [ 104.043, 16.846 ], [ 104.052, 16.85 ], [ 104.075, 16.842 ], [ 104.075, 16.823 ], [ 104.095, 16.807 ], [ 104.1, 16.792 ], [ 104.118, 16.772 ], [ 104.137, 16.77 ], [ 104.134, 16.738 ], [ 104.154, 16.723 ], [ 104.155, 16.705 ], [ 104.171, 16.703 ], [ 104.176, 16.696 ], [ 104.167, 16.68 ], [ 104.191, 16.674 ], [ 104.204, 16.648 ], [ 104.199, 16.638 ], [ 104.183, 16.638 ], [ 104.179, 16.613 ], [ 104.183, 16.6 ], [ 104.202, 16.599 ], [ 104.22, 16.591 ], [ 104.226, 16.547 ], [ 104.246, 16.54 ], [ 104.234, 16.532 ], [ 104.229, 16.512 ], [ 104.249, 16.491 ], [ 104.278, 16.496 ], [ 104.291, 16.487 ], [ 104.296, 16.467 ], [ 104.313, 16.458 ], [ 104.313, 16.431 ], [ 104.321, 16.423 ], [ 104.317, 16.373 ], [ 104.325, 16.356 ], [ 104.325, 16.343 ], [ 104.317, 16.335 ], [ 104.321, 16.331 ], [ 104.316, 16.306 ], [ 104.304, 16.292 ], [ 104.297, 16.296 ], [ 104.287, 16.279 ], [ 104.295, 16.265 ], [ 104.296, 16.238 ], [ 104.283, 16.238 ], [ 104.275, 16.229 ], [ 104.287, 16.211 ], [ 104.296, 16.175 ], [ 104.28, 16.165 ], [ 104.266, 16.118 ], [ 104.245, 16.097 ], [ 104.263, 16.071 ], [ 104.254, 16.06 ], [ 104.258, 16.048 ], [ 104.246, 16.032 ], [ 104.245, 16.01 ], [ 104.238, 16.002 ], [ 104.238, 15.992 ], [ 104.259, 15.972 ], [ 104.255, 15.93 ], [ 104.271, 15.918 ], [ 104.266, 15.905 ], [ 104.283, 15.881 ], [ 104.279, 15.853 ], [ 104.292, 15.828 ], [ 104.282, 15.805 ], [ 104.246, 15.791 ], [ 104.197, 15.795 ], [ 104.188, 15.767 ], [ 104.196, 15.726 ], [ 104.207, 15.716 ], [ 104.216, 15.717 ], [ 104.228, 15.734 ], [ 104.237, 15.733 ], [ 104.238, 15.726 ], [ 104.273, 15.724 ], [ 104.292, 15.717 ], [ 104.301, 15.705 ], [ 104.295, 15.68 ], [ 104.284, 15.674 ], [ 104.276, 15.651 ], [ 104.291, 15.645 ], [ 104.308, 15.655 ], [ 104.313, 15.638 ], [ 104.332, 15.642 ], [ 104.334, 15.63 ], [ 104.346, 15.624 ], [ 104.333, 15.604 ], [ 104.356, 15.588 ], [ 104.378, 15.583 ], [ 104.384, 15.576 ], [ 104.379, 15.564 ], [ 104.395, 15.558 ], [ 104.406, 15.542 ], [ 104.416, 15.541 ], [ 104.418, 15.534 ], [ 104.466, 15.528 ], [ 104.483, 15.502 ], [ 104.479, 15.497 ], [ 104.528, 15.499 ], [ 104.543, 15.476 ], [ 104.557, 15.475 ], [ 104.566, 15.465 ], [ 104.573, 15.446 ], [ 104.587, 15.45 ], [ 104.605, 15.405 ], [ 104.624, 15.395 ], [ 104.638, 15.363 ], [ 104.625, 15.335 ], [ 104.66, 15.309 ], [ 104.665, 15.312 ], [ 104.671, 15.293 ], [ 104.717, 15.259 ], [ 104.712, 15.247 ], [ 104.725, 15.202 ], [ 104.721, 15.183 ], [ 104.694, 15.195 ], [ 104.673, 15.188 ], [ 104.656, 15.191 ], [ 104.638, 15.179 ], [ 104.615, 15.195 ], [ 104.591, 15.197 ], [ 104.592, 15.213 ], [ 104.556, 15.209 ], [ 104.548, 15.216 ], [ 104.538, 15.208 ], [ 104.537, 15.197 ], [ 104.518, 15.195 ], [ 104.506, 15.208 ], [ 104.467, 15.205 ], [ 104.463, 15.219 ], [ 104.467, 15.226 ], [ 104.458, 15.242 ], [ 104.479, 15.254 ], [ 104.465, 15.266 ], [ 104.413, 15.276 ], [ 104.408, 15.295 ], [ 104.372, 15.304 ], [ 104.363, 15.292 ], [ 104.358, 15.303 ], [ 104.339, 15.305 ], [ 104.342, 15.284 ], [ 104.317, 15.279 ], [ 104.307, 15.312 ], [ 104.273, 15.329 ], [ 104.26, 15.33 ], [ 104.257, 15.321 ], [ 104.241, 15.32 ], [ 104.233, 15.337 ], [ 104.223, 15.334 ], [ 104.217, 15.339 ], [ 104.225, 15.352 ], [ 104.216, 15.366 ], [ 104.189, 15.367 ], [ 104.172, 15.38 ], [ 104.166, 15.399 ], [ 104.159, 15.401 ], [ 104.159, 15.42 ], [ 104.174, 15.422 ], [ 104.184, 15.433 ], [ 104.174, 15.454 ], [ 104.179, 15.47 ], [ 104.17, 15.472 ], [ 104.188, 15.491 ], [ 104.183, 15.512 ], [ 104.196, 15.521 ], [ 104.2, 15.558 ], [ 104.176, 15.563 ], [ 104.174, 15.574 ], [ 104.163, 15.574 ], [ 104.158, 15.567 ], [ 104.154, 15.594 ], [ 104.142, 15.601 ], [ 104.138, 15.625 ], [ 104.127, 15.624 ], [ 104.114, 15.612 ], [ 104.107, 15.597 ], [ 104.081, 15.595 ], [ 104.072, 15.587 ], [ 104.066, 15.628 ], [ 104.035, 15.624 ], [ 104.015, 15.604 ], [ 104.004, 15.608 ], [ 104.008, 15.665 ], [ 104.0, 15.686 ], [ 103.99, 15.695 ], [ 103.963, 15.696 ], [ 103.954, 15.717 ], [ 103.942, 15.712 ], [ 103.941, 15.701 ], [ 103.913, 15.701 ], [ 103.892, 15.733 ], [ 103.873, 15.733 ], [ 103.844, 15.725 ], [ 103.84, 15.729 ], [ 103.823, 15.713 ], [ 103.809, 15.709 ], [ 103.813, 15.759 ], [ 103.808, 15.768 ], [ 103.813, 15.783 ], [ 103.802, 15.787 ], [ 103.774, 15.774 ], [ 103.766, 15.787 ], [ 103.742, 15.797 ], [ 103.741, 15.811 ], [ 103.733, 15.82 ], [ 103.697, 15.834 ], [ 103.695, 15.841 ], [ 103.677, 15.842 ], [ 103.67, 15.85 ], [ 103.654, 15.842 ], [ 103.645, 15.854 ], [ 103.612, 15.859 ], [ 103.597, 15.855 ], [ 103.595, 15.873 ], [ 103.552, 15.904 ], [ 103.535, 15.912 ], [ 103.504, 15.908 ], [ 103.483, 15.917 ], [ 103.48, 15.952 ], [ 103.492, 15.978 ], [ 103.528, 15.984 ], [ 103.53, 15.991 ], [ 103.56, 16.008 ], [ 103.574, 16.009 ], [ 103.58, 16.02 ], [ 103.616, 16.034 ], [ 103.627, 16.045 ], [ 103.674, 16.046 ], [ 103.676, 16.053 ], [ 103.699, 16.063 ], [ 103.701, 16.081 ], [ 103.713, 16.093 ], [ 103.709, 16.107 ], [ 103.729, 16.121 ], [ 103.724, 16.148 ], [ 103.709, 16.163 ], [ 103.713, 16.192 ], [ 103.704, 16.229 ], [ 103.737, 16.264 ], [ 103.751, 16.306 ], [ 103.774, 16.331 ], [ 103.78, 16.373 ], [ 103.795, 16.394 ], [ 103.796, 16.406 ], [ 103.82, 16.421 ], [ 103.846, 16.454 ], [ 103.841, 16.466 ], [ 103.821, 16.471 ], [ 103.812, 16.487 ], [ 103.801, 16.492 ], [ 103.792, 16.506 ], [ 103.796, 16.517 ], [ 103.791, 16.524 ], [ 103.774, 16.53 ], [ 103.767, 16.525 ], [ 103.775, 16.539 ], [ 103.784, 16.593 ], [ 103.759, 16.627 ], [ 103.754, 16.65 ] ] ] } },
{ "type": "Feature", "properties": { "hybas_id": 4071110770, "next_down": 4071110370, "main_bas": 4070017020, "sub_area": 42.8, "up_area": 52770.0, "th_share": 1.0 }, "geometry": { "type": "Polygon", "coordinates": [ [ [ 104.742, 15.046 ], [ 104.73, 15.051 ], [ 104.707, 15.087 ], [ 104.697, 15.092 ], [ 104.688, 15.123 ], [ 104.691, 15.136 ], [ 104.683, 15.146 ], [ 104.698, 15.142 ], [ 104.72, 15.153 ], [ 104.725, 15.142 ], [ 104.722, 15.122 ], [ 104.749, 15.099 ], [ 104.75, 15.06 ], [ 104.742, 15.046 ] ] ] } },
{ "type": "Feature", "properties": { "hybas_id": 4071110780, "next_down": 4071110370, "main_bas": 4070017020, "sub_area": 571.2, "up_area": 571.4, "th_share": 1.0 }, "geometry": { "type": "Polygon", "coordinates": [ [ [ 104.858, 14.992 ], [ 104.853, 14.971 ], [ 104.838, 14.966 ], [ 104.833, 14.923 ], [ 104.842, 14.913 ], [ 104.841, 14.898 ], [ 104.812, 14.839 ], [ 104.788, 14.819 ], [ 104.788, 14.813 ], [ 104.775, 14.813 ], [ 104.763, 14.822 ], [ 104.721, 14.867 ], [ 104.702, 14.867 ], [ 104.68, 14.88 ], [ 104.68, 14.898 ], [ 104.688, 14.917 ], [ 104.704, 14.927 ], [ 104.733, 14.977 ], [ 104.738, 14.994 ], [ 104.729, 15.011 ], [ 104.733, 15.019 ], [ 104.73, 15.027 ], [ 104.742, 15.033 ], [ 104.75, 15.06 ], [ 104.749, 15.099 ], [ 104.722, 15.122 ], [ 104.726, 15.149 ], [ 104.751, 15.151 ], [ 104.765, 15.141 ], [ 104.771, 15.153 ], [ 104.787, 15.159 ], [ 104.788, 15.17 ], [ 104.779, 15.175 ], [ 104.798, 15.175 ], [ 104.831, 15.158 ], [ 104.836, 15.163 ], [ 104.848, 15.158 ], [ 104.873, 15.187 ], [ 104.882, 15.192 ], [ 104.9, 15.188 ], [ 104.905, 15.201 ], [ 104.919, 15.196 ], [ 104.924, 15.201 ], [ 104.941, 15.173 ], [ 104.941, 15.159 ], [ 104.926, 15.153 ], [ 104.921, 15.148 ], [ 104.925, 15.143 ], [ 104.884, 15.116 ], [ 104.883, 15.094 ], [ 104.87, 15.08 ], [ 104.871, 15.068 ], [ 104.891, 15.053 ], [ 104.892, 15.046 ], [ 104.858, 14.992 ] ] ] } },
{ "type": "Feature", "properties": { "hybas_id": 4071111040, "next_down": 4071110770, "main_bas": 4070017020, "sub_area": 3280.4, "up_area": 3280.4, "th_share": 1.0 }, "geometry": { "type": "Polygon", "coordinates": [ [ [ 104.708, 14.642 ], [ 104.719, 14.63 ], [ 104.728, 14.628 ], [ 104.746, 14.6 ], [ 104.738, 14.595 ], [ 104.741, 14.573 ], [ 104.733, 14.564 ], [ 104.737, 14.544 ], [ 104.725, 14.523 ], [ 104.742, 14.463 ], [ 104.724, 14.442 ], [ 104.698, 14.429 ], [ 104.679, 14.404 ], [ 104.659, 14.405 ], [ 104.658, 14.424 ], [ 104.64, 14.429 ], [ 104.625, 14.41 ], [ 104.588, 14.392 ], [ 104.575, 14.375 ], [ 104.575, 14.363 ], [ 104.563, 14.363 ], [ 104.544, 14.375 ], [ 104.525, 14.358 ], [ 104.511, 14.379 ], [ 104.48, 14.383 ], [ 104.471, 14.35 ], [ 104.423, 14.375 ], [ 104.408, 14.371 ], [ 104.378, 14.38 ], [ 104.369, 14.371 ], [ 104.345, 14.37 ], [ 104.333, 14.379 ], [ 104.327, 14.375 ], [ 104.306, 14.384 ], [ 104.263, 14.422 ], [ 104.251, 14.464 ], [ 104.249, 14.48 ], [ 104.258, 14.49 ], [ 104.255, 14.498 ], [ 104.325, 14.538 ], [ 104.329, 14.556 ], [ 104.321, 14.6 ], [ 104.309, 14.609 ], [ 104.303, 14.633 ], [ 104.288, 14.638 ], [ 104.287, 14.653 ], [ 104.274, 14.667 ], [ 104.28, 14.687 ], [ 104.308, 14.715 ], [ 104.3, 14.745 ], [ 104.324, 14.768 ], [ 104.326, 14.787 ], [ 104.333, 14.788 ], [ 104.334, 14.803 ], [ 104.341, 14.805 ], [ 104.342, 14.827 ], [ 104.353, 14.834 ], [ 104.351, 14.86 ], [ 104.359, 14.887 ], [ 104.37, 14.888 ], [ 104.375, 14.904 ], [ 104.396, 14.908 ], [ 104.409, 14.928 ], [ 104.445, 14.951 ], [ 104.501, 15.041 ], [ 104.529, 15.05 ], [ 104.569, 15.099 ], [ 104.608, 15.109 ], [ 104.616, 15.104 ], [ 104.629, 15.113 ], [ 104.662, 15.109 ], [ 104.663, 15.125 ], [ 104.671, 15.13 ], [ 104.675, 15.125 ], [ 104.688, 15.129 ], [ 104.697, 15.092 ], [ 104.707, 15.087 ], [ 104.73, 15.051 ], [ 104.742, 15.046 ], [ 104.742, 15.033 ], [ 104.729, 15.023 ], [ 104.733, 15.019 ], [ 104.729, 15.011 ], [ 104.737, 15.002 ], [ 104.733, 14.977 ], [ 104.704, 14.927 ], [ 104.688, 14.917 ], [ 104.68, 14.898 ], [ 104.68, 14.88 ], [ 104.702, 14.867 ], [ 104.728, 14.862 ], [ 104.775, 14.813 ], [ 104.8, 14.813 ], [ 104.816, 14.786 ], [ 104.82, 14.761 ], [ 104.821, 14.75 ], [ 104.817, 14.758 ], [ 104.78, 14.749 ], [ 104.766, 14.722 ], [ 104.752, 14.713 ], [ 104.747, 14.717 ], [ 104.754, 14.684 ], [ 104.729, 14.683 ], [ 104.724, 14.675 ], [ 104.728, 14.659 ], [ 104.708, 14.642 ] ] ] } },
{ "type": "Feature", "properties": { "hybas_id": 4071110990, "next_down": 4071110770, "main_bas": 4070017020, "sub_area": 529.5, "up_area": 49446.7, "th_share": 1.0 }, "geometry": { "type": "Polygon", "coordinates": [ [ [ 104.375, 14.904 ], [ 104.367, 14.929 ], [ 104.375, 14.935 ], [ 104.375, 14.961 ], [ 104.387, 14.973 ], [ 104.383, 14.989 ], [ 104.395, 15.002 ], [ 104.4, 15.043 ], [ 104.396, 15.048 ], [ 104.408, 15.073 ], [ 104.408, 15.079 ], [ 104.392, 15.085 ], [ 104.392, 15.103 ], [ 104.399, 15.105 ], [ 104.409, 15.142 ], [ 104.396, 15.167 ], [ 104.423, 15.191 ], [ 104.441, 15.192 ], [ 104.437, 15.204 ], [ 104.447, 15.241 ], [ 104.458, 15.242 ], [ 104.462, 15.236 ], [ 104.467, 15.205 ], [ 104.506, 15.208 ], [ 104.518, 15.195 ], [ 104.537, 15.197 ], [ 104.538, 15.208 ], [ 104.548, 15.216 ], [ 104.556, 15.209 ], [ 104.592, 15.213 ], [ 104.591, 15.197 ], [ 104.615, 15.195 ], [ 104.638, 15.176 ], [ 104.658, 15.17 ], [ 104.669, 15.155 ], [ 104.683, 15.153 ], [ 104.692, 15.129 ], [ 104.675, 15.125 ], [ 104.671, 15.13 ], [ 104.663, 15.125 ], [ 104.662, 15.109 ], [ 104.629, 15.113 ], [ 104.616, 15.104 ], [ 104.608, 15.109 ], [ 104.569, 15.099 ], [ 104.529, 15.05 ], [ 104.501, 15.041 ], [ 104.445, 14.951 ], [ 104.409, 14.928 ], [ 104.408, 14.921 ], [ 104.39, 14.905 ], [ 104.375, 14.904 ] ] ] } },
{ "type": "Feature", "properties": { "hybas_id": 4071100360, "next_down": 4071108500, "main_bas": 4070017020, "sub_area": 2007.3, "up_area": 395917.3, "th_share": 0.6 }, "geometry": { "type": "Polygon", "coordinates": [ [ [ 105.017, 16.5 ], [ 105.033, 16.496 ], [ 105.034, 16.489 ], [ 105.055, 16.473 ], [ 105.05, 16.46 ], [ 105.055, 16.452 ], [ 105.073, 16.445 ], [ 105.079, 16.44 ], [ 105.075, 16.431 ], [ 105.104, 16.402 ], [ 105.108, 16.381 ], [ 105.104, 16.371 ], [ 105.097, 16.37 ], [ 105.095, 16.358 ], [ 105.112, 16.341 ], [ 105.113, 16.325 ], [ 105.137, 16.324 ], [ 105.134, 16.281 ], [ 105.17, 16.244 ], [ 105.171, 16.204 ], [ 105.2, 16.183 ], [ 105.213, 16.159 ], [ 105.229, 16.15 ], [ 105.225, 16.119 ], [ 105.233, 16.102 ], [ 105.221, 16.085 ], [ 105.226, 16.059 ], [ 105.237, 16.053 ], [ 105.238, 16.042 ], [ 105.22, 16.037 ], [ 105.162, 16.042 ], [ 105.145, 16.033 ], [ 105.134, 16.037 ], [ 105.125, 16.025 ], [ 105.115, 16.038 ], [ 105.09, 16.033 ], [ 105.077, 16.037 ], [ 105.038, 16.003 ], [ 105.037, 15.993 ], [ 105.017, 15.988 ], [ 105.021, 15.933 ], [ 105.0, 15.933 ], [ 104.995, 15.941 ], [ 104.978, 15.942 ], [ 104.956, 15.926 ], [ 104.921, 15.933 ], [ 104.92, 15.926 ], [ 104.908, 15.925 ], [ 104.901, 15.926 ], [ 104.899, 15.937 ], [ 104.854, 15.938 ], [ 104.792, 15.913 ], [ 104.783, 15.942 ], [ 104.809, 15.955 ], [ 104.805, 16.01 ], [ 104.813, 16.032 ], [ 104.797, 16.029 ], [ 104.782, 16.053 ], [ 104.772, 16.055 ], [ 104.775, 16.067 ], [ 104.763, 16.071 ], [ 104.762, 16.088 ], [ 104.754, 16.083 ], [ 104.738, 16.088 ], [ 104.724, 16.101 ], [ 104.718, 16.096 ], [ 104.704, 16.113 ], [ 104.705, 16.12 ], [ 104.72, 16.122 ], [ 104.73, 16.145 ], [ 104.759, 16.163 ], [ 104.751, 16.177 ], [ 104.766, 16.189 ], [ 104.767, 16.196 ], [ 104.758, 16.2 ], [ 104.763, 16.241 ], [ 104.781, 16.238 ], [ 104.799, 16.247 ], [ 104.804, 16.275 ], [ 104.816, 16.276 ], [ 104.818, 16.282 ], [ 104.841, 16.292 ], [ 104.863, 16.32 ], [ 104.895, 16.338 ], [ 104.896, 16.363 ], [ 104.905, 16.378 ], [ 104.92, 16.375 ], [ 104.921, 16.39 ], [ 104.956, 16.429 ], [ 104.979, 16.433 ], [ 104.97, 16.456 ], [ 104.988, 16.479 ], [ 105.003, 16.48 ], [ 105.017, 16.5 ] ] ] } },
{ "type": "Feature", "properties": { "hybas_id": 4071110630, "next_down": 4071110990, "main_bas": 4070017020, "sub_area": 3455.3, "up_area": 3455.3, "th_share": 1.0 }, "geometry": { "type": "Polygon", "coordinates": [ [ [ 104.087, 15.101 ], [ 104.1, 15.15 ], [ 104.115, 15.15 ], [ 104.148, 15.17 ], [ 104.199, 15.18 ], [ 104.201, 15.187 ], [ 104.228, 15.196 ], [ 104.247, 15.163 ], [ 104.273, 15.146 ], [ 104.321, 15.143 ], [ 104.317, 15.149 ], [ 104.327, 15.158 ], [ 104.343, 15.142 ], [ 104.358, 15.138 ], [ 104.37, 15.138 ], [ 104.394, 15.162 ], [ 104.408, 15.152 ], [ 104.408, 15.131 ], [ 104.392, 15.096 ], [ 104.392, 15.085 ], [ 104.408, 15.079 ], [ 104.404, 15.056 ], [ 104.396, 15.048 ], [ 104.4, 15.023 ], [ 104.395, 15.002 ], [ 104.383, 14.989 ], [ 104.388, 14.977 ], [ 104.375, 14.961 ], [ 104.375, 14.935 ], [ 104.367, 14.929 ], [ 104.375, 14.915 ], [ 104.374, 14.898 ], [ 104.37, 14.888 ], [ 104.359, 14.887 ], [ 104.351, 14.86 ], [ 104.353, 14.834 ], [ 104.342, 14.827 ], [ 104.341, 14.805 ], [ 104.334, 14.803 ], [ 104.333, 14.788 ], [ 104.326, 14.787 ], [ 104.324, 14.768 ], [ 104.3, 14.745 ], [ 104.308, 14.715 ], [ 104.28, 14.687 ], [ 104.274, 14.667 ], [ 104.287, 14.653 ], [ 104.288, 14.638 ], [ 104.303, 14.633 ], [ 104.309, 14.609 ], [ 104.321, 14.6 ], [ 104.329, 14.556 ], [ 104.325, 14.538 ], [ 104.255, 14.498 ], [ 104.258, 14.49 ], [ 104.249, 14.48 ], [ 104.251, 14.464 ], [ 104.263, 14.422 ], [ 104.274, 14.416 ], [ 104.275, 14.408 ], [ 104.24, 14.38 ], [ 104.215, 14.374 ], [ 104.208, 14.382 ], [ 104.213, 14.388 ], [ 104.207, 14.399 ], [ 104.196, 14.4 ], [ 104.191, 14.388 ], [ 104.171, 14.378 ], [ 104.171, 14.363 ], [ 104.138, 14.358 ], [ 104.137, 14.374 ], [ 104.106, 14.38 ], [ 104.095, 14.359 ], [ 104.069, 14.346 ], [ 104.019, 14.341 ], [ 104.008, 14.358 ], [ 103.998, 14.35 ], [ 103.978, 14.355 ], [ 103.966, 14.349 ], [ 103.93, 14.359 ], [ 103.922, 14.358 ], [ 103.916, 14.338 ], [ 103.904, 14.337 ], [ 103.885, 14.342 ], [ 103.875, 14.352 ], [ 103.875, 14.367 ], [ 103.887, 14.372 ], [ 103.892, 14.39 ], [ 103.913, 14.417 ], [ 103.896, 14.439 ], [ 103.895, 14.459 ], [ 103.9, 14.479 ], [ 103.912, 14.494 ], [ 103.917, 14.531 ], [ 103.929, 14.544 ], [ 103.924, 14.567 ], [ 103.929, 14.574 ], [ 103.922, 14.576 ], [ 103.917, 14.589 ], [ 103.917, 14.621 ], [ 103.929, 14.626 ], [ 103.937, 14.648 ], [ 103.933, 14.672 ], [ 103.942, 14.696 ], [ 103.933, 14.705 ], [ 103.938, 14.717 ], [ 103.93, 14.74 ], [ 103.926, 14.81 ], [ 103.937, 14.818 ], [ 103.938, 14.837 ], [ 103.953, 14.842 ], [ 103.951, 14.87 ], [ 103.958, 14.872 ], [ 103.959, 14.883 ], [ 103.974, 14.888 ], [ 103.983, 14.913 ], [ 104.067, 14.983 ], [ 104.067, 15.011 ], [ 104.08, 15.032 ], [ 104.087, 15.034 ], [ 104.084, 15.048 ], [ 104.095, 15.069 ], [ 104.087, 15.101 ] ] ] } },
{ "type": "Feature", "properties": { "hybas_id": 4071110540, "next_down": 4071110990, "main_bas": 4070017020, "sub_area": 816.3, "up_area": 45462.3, "th_share": 1.0 }, "geometry": { "type": "Polygon", "coordinates": [ [ [ 104.199, 15.18 ], [ 104.148, 15.17 ], [ 104.115, 15.15 ], [ 104.1, 15.15 ], [ 104.096, 15.142 ], [ 104.071, 15.151 ], [ 104.07, 15.177 ], [ 104.055, 15.184 ], [ 104.046, 15.21 ], [ 104.051, 15.224 ], [ 104.046, 15.232 ], [ 104.055, 15.248 ], [ 104.046, 15.268 ], [ 104.051, 15.305 ], [ 104.045, 15.317 ], [ 104.051, 15.333 ], [ 104.062, 15.334 ], [ 104.067, 15.345 ], [ 104.082, 15.347 ], [ 104.084, 15.353 ], [ 104.053, 15.359 ], [ 104.025, 15.346 ], [ 104.031, 15.362 ], [ 104.071, 15.375 ], [ 104.081, 15.359 ], [ 104.09, 15.359 ], [ 104.099, 15.363 ], [ 104.109, 15.395 ], [ 104.145, 15.392 ], [ 104.147, 15.4 ], [ 104.158, 15.404 ], [ 104.166, 15.399 ], [ 104.172, 15.38 ], [ 104.189, 15.367 ], [ 104.216, 15.366 ], [ 104.225, 15.352 ], [ 104.217, 15.339 ], [ 104.223, 15.334 ], [ 104.233, 15.337 ], [ 104.241, 15.32 ], [ 104.257, 15.321 ], [ 104.26, 15.33 ], [ 104.273, 15.329 ], [ 104.307, 15.312 ], [ 104.317, 15.279 ], [ 104.342, 15.284 ], [ 104.339, 15.305 ], [ 104.358, 15.303 ], [ 104.363, 15.292 ], [ 104.372, 15.304 ], [ 104.408, 15.295 ], [ 104.413, 15.276 ], [ 104.433, 15.275 ], [ 104.478, 15.257 ], [ 104.478, 15.251 ], [ 104.447, 15.241 ], [ 104.437, 15.204 ], [ 104.441, 15.192 ], [ 104.423, 15.191 ], [ 104.37, 15.138 ], [ 104.352, 15.138 ], [ 104.327, 15.158 ], [ 104.317, 15.149 ], [ 104.321, 15.143 ], [ 104.312, 15.141 ], [ 104.26, 15.151 ], [ 104.247, 15.163 ], [ 104.241, 15.178 ], [ 104.234, 15.18 ], [ 104.228, 15.196 ], [ 104.201, 15.187 ], [ 104.199, 15.18 ] ] ] } },
{ "type": "Feature", "properties": { "hybas_id": 4071096820, "next_down": 4071100360, "main_bas": 4070017020, "sub_area": 4263.5, "up_area": 392413.2, "th_share": 0.6 }, "geometry": { "type": "Polygon", "coordinates": [ [ [ 105.038, 16.896 ], [ 105.075, 16.918 ], [ 105.079, 16.938 ], [ 105.133, 16.933 ], [ 105.138, 16.904 ], [ 105.125, 16.898 ], [ 105.129, 16.89 ], [ 105.121, 16.882 ], [ 105.12, 16.869 ], [ 105.125, 16.861 ], [ 105.112, 16.819 ], [ 105.117, 16.783 ], [ 105.079, 16.763 ], [ 105.063, 16.74 ], [ 105.075, 16.719 ], [ 105.067, 16.7 ], [ 105.031, 16.679 ], [ 105.024, 16.663 ], [ 105.017, 16.663 ], [ 105.013, 16.648 ], [ 105.03, 16.598 ], [ 105.038, 16.592 ], [ 105.025, 16.558 ], [ 105.033, 16.496 ], [ 105.014, 16.499 ], [ 105.003, 16.48 ], [ 104.988, 16.479 ], [ 104.97, 16.456 ], [ 104.979, 16.433 ], [ 104.956, 16.429 ], [ 104.921, 16.39 ], [ 104.92, 16.375 ], [ 104.905, 16.378 ], [ 104.896, 16.358 ], [ 104.83, 16.372 ], [ 104.824, 16.391 ], [ 104.805, 16.392 ], [ 104.794, 16.408 ], [ 104.772, 16.405 ], [ 104.771, 16.429 ], [ 104.755, 16.434 ], [ 104.745, 16.449 ], [ 104.73, 16.433 ], [ 104.688, 16.438 ], [ 104.677, 16.454 ], [ 104.656, 16.462 ], [ 104.629, 16.45 ], [ 104.625, 16.483 ], [ 104.61, 16.488 ], [ 104.603, 16.476 ], [ 104.591, 16.474 ], [ 104.584, 16.48 ], [ 104.583, 16.508 ], [ 104.567, 16.508 ], [ 104.542, 16.533 ], [ 104.53, 16.533 ], [ 104.524, 16.517 ], [ 104.512, 16.521 ], [ 104.506, 16.517 ], [ 104.48, 16.53 ], [ 104.478, 16.541 ], [ 104.465, 16.549 ], [ 104.448, 16.55 ], [ 104.442, 16.558 ], [ 104.428, 16.541 ], [ 104.394, 16.551 ], [ 104.376, 16.568 ], [ 104.37, 16.606 ], [ 104.354, 16.646 ], [ 104.317, 16.621 ], [ 104.297, 16.624 ], [ 104.287, 16.609 ], [ 104.255, 16.608 ], [ 104.25, 16.593 ], [ 104.231, 16.584 ], [ 104.222, 16.584 ], [ 104.22, 16.591 ], [ 104.202, 16.599 ], [ 104.183, 16.6 ], [ 104.179, 16.613 ], [ 104.183, 16.638 ], [ 104.199, 16.638 ], [ 104.204, 16.648 ], [ 104.199, 16.66 ], [ 104.191, 16.674 ], [ 104.167, 16.68 ], [ 104.176, 16.696 ], [ 104.171, 16.703 ], [ 104.155, 16.705 ], [ 104.154, 16.723 ], [ 104.134, 16.738 ], [ 104.137, 16.77 ], [ 104.118, 16.772 ], [ 104.096, 16.798 ], [ 104.095, 16.807 ], [ 104.075, 16.823 ], [ 104.075, 16.842 ], [ 104.063, 16.846 ], [ 104.078, 16.859 ], [ 104.11, 16.851 ], [ 104.121, 16.855 ], [ 104.126, 16.882 ], [ 104.15, 16.893 ], [ 104.155, 16.903 ], [ 104.191, 16.917 ], [ 104.212, 16.911 ], [ 104.222, 16.891 ], [ 104.275, 16.908 ], [ 104.298, 16.895 ], [ 104.35, 16.904 ], [ 104.367, 16.888 ], [ 104.377, 16.892 ], [ 104.402, 16.879 ], [ 104.417, 16.896 ], [ 104.417, 16.888 ], [ 104.428, 16.887 ], [ 104.444, 16.867 ], [ 104.469, 16.87 ], [ 104.493, 16.855 ], [ 104.543, 16.866 ], [ 104.563, 16.867 ], [ 104.564, 16.862 ], [ 104.57, 16.867 ], [ 104.608, 16.858 ], [ 104.62, 16.863 ], [ 104.628, 16.862 ], [ 104.635, 16.851 ], [ 104.645, 16.855 ], [ 104.657, 16.849 ], [ 104.667, 16.838 ], [ 104.7, 16.85 ], [ 104.72, 16.881 ], [ 104.726, 16.912 ], [ 104.742, 16.917 ], [ 104.75, 16.917 ], [ 104.771, 16.888 ], [ 104.79, 16.875 ], [ 104.814, 16.887 ], [ 104.844, 16.888 ], [ 104.865, 16.905 ], [ 104.873, 16.9 ], [ 104.885, 16.908 ], [ 104.919, 16.909 ], [ 104.931, 16.917 ], [ 104.944, 16.913 ], [ 104.97, 16.921 ], [ 104.995, 16.916 ], [ 105.01, 16.896 ], [ 105.038, 16.896 ] ] ] } },
{ "type": "Feature", "properties": { "hybas_id": 4071096920, "next_down": 4071100360, "main_bas": 4070017020, "sub_area": 1496.6, "up_area": 1496.6, "th_share": 1.0 }, "geometry": { "type": "Polygon", "coordinates": [ [ [ 104.758, 16.2 ], [ 104.733, 16.205 ], [ 104.727, 16.2 ], [ 104.702, 16.209 ], [ 104.691, 16.224 ], [ 104.663, 16.242 ], [ 104.657, 16.226 ], [ 104.633, 16.208 ], [ 104.614, 16.217 ], [ 104.598, 16.241 ], [ 104.584, 16.243 ], [ 104.579, 16.263 ], [ 104.583, 16.271 ], [ 104.563, 16.28 ], [ 104.549, 16.308 ], [ 104.526, 16.317 ], [ 104.516, 16.337 ], [ 104.493, 16.342 ], [ 104.458, 16.363 ], [ 104.442, 16.35 ], [ 104.417, 16.351 ], [ 104.421, 16.371 ], [ 104.415, 16.379 ], [ 104.4, 16.355 ], [ 104.36, 16.337 ], [ 104.349, 16.31 ], [ 104.338, 16.303 ], [ 104.332, 16.28 ], [ 104.314, 16.288 ], [ 104.304, 16.283 ], [ 104.305, 16.294 ], [ 104.32, 16.314 ], [ 104.317, 16.335 ], [ 104.325, 16.343 ], [ 104.325, 16.356 ], [ 104.317, 16.373 ], [ 104.321, 16.423 ], [ 104.313, 16.431 ], [ 104.313, 16.458 ], [ 104.296, 16.467 ], [ 104.291, 16.487 ], [ 104.278, 16.496 ], [ 104.249, 16.491 ], [ 104.229, 16.512 ], [ 104.234, 16.532 ], [ 104.246, 16.54 ], [ 104.226, 16.547 ], [ 104.22, 16.562 ], [ 104.225, 16.583 ], [ 104.25, 16.593 ], [ 104.255, 16.608 ], [ 104.287, 16.609 ], [ 104.297, 16.624 ], [ 104.317, 16.621 ], [ 104.354, 16.646 ], [ 104.37, 16.606 ], [ 104.376, 16.568 ], [ 104.394, 16.551 ], [ 104.428, 16.541 ], [ 104.442, 16.558 ], [ 104.448, 16.55 ], [ 104.465, 16.549 ], [ 104.478, 16.541 ], [ 104.48, 16.53 ], [ 104.506, 16.517 ], [ 104.512, 16.521 ], [ 104.524, 16.517 ], [ 104.53, 16.533 ], [ 104.542, 16.533 ], [ 104.567, 16.508 ], [ 104.583, 16.508 ], [ 104.584, 16.48 ], [ 104.591, 16.474 ], [ 104.603, 16.476 ], [ 104.61, 16.488 ], [ 104.625, 16.483 ], [ 104.629, 16.45 ], [ 104.656, 16.462 ], [ 104.677, 16.454 ], [ 104.688, 16.438 ], [ 104.73, 16.433 ], [ 104.745, 16.449 ], [ 104.755, 16.434 ], [ 104.771, 16.429 ], [ 104.772, 16.405 ], [ 104.794, 16.408 ], [ 104.805, 16.392 ], [ 104.824, 16.391 ], [ 104.83, 16.372 ], [ 104.896, 16.358 ], [ 104.895, 16.338 ], [ 104.863, 16.32 ], [ 104.841, 16.292 ], [ 104.818, 16.282 ], [ 104.816, 16.276 ], [ 104.804, 16.275 ], [ 104.799, 16.247 ], [ 104.781, 16.238 ], [ 104.763, 16.241 ], [ 104.758, 16.2 ] ] ] } },
{ "type": "Feature", "properties": { "hybas_id": 4071108100, "next_down": 4071110540, "main_bas": 4070017020, "sub_area": 317.7, "up_area": 41022.8, "th_share": 1.0 }, "geometry": { "type": "Polygon", "coordinates": [ [ [ 104.088, 15.358 ], [ 104.075, 15.364 ], [ 104.071, 15.375 ], [ 104.064, 15.375 ], [ 104.031, 15.362 ], [ 104.025, 15.346 ], [ 104.006, 15.338 ], [ 104.001, 15.337 ], [ 103.999, 15.345 ], [ 103.985, 15.346 ], [ 103.996, 15.312 ], [ 103.987, 15.284 ], [ 103.914, 15.287 ], [ 103.898, 15.271 ], [ 103.867, 15.262 ], [ 103.871, 15.239 ], [ 103.793, 15.184 ], [ 103.792, 15.202 ], [ 103.805, 15.222 ], [ 103.801, 15.273 ], [ 103.833, 15.301 ], [ 103.828, 15.312 ], [ 103.817, 15.313 ], [ 103.816, 15.33 ], [ 103.838, 15.375 ], [ 103.853, 15.372 ], [ 103.863, 15.396 ], [ 103.873, 15.404 ], [ 103.894, 15.388 ], [ 103.932, 15.387 ], [ 103.948, 15.379 ], [ 103.99, 15.392 ], [ 104.058, 15.388 ], [ 104.054, 15.398 ], [ 104.058, 15.404 ], [ 104.102, 15.412 ], [ 104.113, 15.396 ], [ 104.101, 15.377 ], [ 104.099, 15.363 ], [ 104.088, 15.358 ] ] ] } },
{ "type": "Feature", "properties": { "hybas_id": 4071108150, "next_down": 4071110540, "main_bas": 4070017020, "sub_area": 3622.4, "up_area": 3622.9, "th_share": 1.0 }, "geometry": { "type": "Polygon", "coordinates": [ [ [ 103.733, 15.092 ], [ 103.729, 15.113 ], [ 103.762, 15.13 ], [ 103.763, 15.145 ], [ 103.775, 15.151 ], [ 103.784, 15.17 ], [ 103.792, 15.171 ], [ 103.796, 15.183 ], [ 103.871, 15.239 ], [ 103.867, 15.262 ], [ 103.898, 15.271 ], [ 103.914, 15.287 ], [ 103.987, 15.284 ], [ 103.996, 15.312 ], [ 103.985, 15.346 ], [ 103.999, 15.345 ], [ 104.001, 15.337 ], [ 104.053, 15.359 ], [ 104.084, 15.353 ], [ 104.082, 15.347 ], [ 104.067, 15.345 ], [ 104.062, 15.334 ], [ 104.051, 15.333 ], [ 104.045, 15.317 ], [ 104.051, 15.305 ], [ 104.046, 15.268 ], [ 104.055, 15.248 ], [ 104.046, 15.232 ], [ 104.051, 15.224 ], [ 104.046, 15.21 ], [ 104.055, 15.184 ], [ 104.07, 15.177 ], [ 104.071, 15.151 ], [ 104.096, 15.142 ], [ 104.096, 15.121 ], [ 104.087, 15.101 ], [ 104.095, 15.069 ], [ 104.084, 15.048 ], [ 104.087, 15.034 ], [ 104.08, 15.032 ], [ 104.067, 15.011 ], [ 104.067, 14.983 ], [ 103.983, 14.913 ], [ 103.974, 14.888 ], [ 103.959, 14.883 ], [ 103.958, 14.872 ], [ 103.951, 14.87 ], [ 103.953, 14.842 ], [ 103.938, 14.837 ], [ 103.937, 14.818 ], [ 103.926, 14.81 ], [ 103.93, 14.74 ], [ 103.938, 14.717 ], [ 103.933, 14.705 ], [ 103.942, 14.696 ], [ 103.933, 14.672 ], [ 103.937, 14.648 ], [ 103.929, 14.626 ], [ 103.917, 14.621 ], [ 103.917, 14.589 ], [ 103.922, 14.576 ], [ 103.929, 14.574 ], [ 103.924, 14.567 ], [ 103.929, 14.544 ], [ 103.917, 14.531 ], [ 103.912, 14.494 ], [ 103.9, 14.479 ], [ 103.895, 14.459 ], [ 103.896, 14.439 ], [ 103.913, 14.417 ], [ 103.892, 14.39 ], [ 103.887, 14.372 ], [ 103.875, 14.367 ], [ 103.838, 14.375 ], [ 103.829, 14.363 ], [ 103.813, 14.358 ], [ 103.808, 14.371 ], [ 103.781, 14.367 ], [ 103.761, 14.379 ], [ 103.744, 14.38 ], [ 103.738, 14.388 ], [ 103.71, 14.384 ], [ 103.7, 14.392 ], [ 103.701, 14.403 ], [ 103.708, 14.405 ], [ 103.709, 14.426 ], [ 103.703, 14.437 ], [ 103.687, 14.442 ], [ 103.656, 14.437 ], [ 103.646, 14.428 ], [ 103.649, 14.417 ], [ 103.622, 14.404 ], [ 103.612, 14.42 ], [ 103.59, 14.429 ], [ 103.544, 14.424 ], [ 103.525, 14.417 ], [ 103.534, 14.455 ], [ 103.521, 14.483 ], [ 103.533, 14.488 ], [ 103.538, 14.508 ], [ 103.553, 14.513 ], [ 103.58, 14.577 ], [ 103.592, 14.588 ], [ 103.588, 14.596 ], [ 103.592, 14.614 ], [ 103.583, 14.643 ], [ 103.592, 14.663 ], [ 103.588, 14.711 ], [ 103.605, 14.751 ], [ 103.595, 14.773 ], [ 103.584, 14.78 ], [ 103.583, 14.804 ], [ 103.592, 14.832 ], [ 103.6, 14.838 ], [ 103.596, 14.904 ], [ 103.617, 14.921 ], [ 103.654, 14.933 ], [ 103.683, 14.998 ], [ 103.679, 15.009 ], [ 103.687, 15.019 ], [ 103.688, 15.038 ], [ 103.703, 15.042 ], [ 103.733, 15.092 ] ] ] } },
{ "type": "Feature", "properties": { "hybas_id": 4071107780, "next_down": 4071108100, "main_bas": 4070017020, "sub_area": 4138.6, "up_area": 4138.6, "th_share": 1.0 }, "geometry": { "type": "Polygon", "coordinates": [ [ [ 103.496, 15.571 ], [ 103.491, 15.547 ], [ 103.477, 15.545 ], [ 103.47, 15.537 ], [ 103.48, 15.525 ], [ 103.475, 15.517 ], [ 103.451, 15.521 ], [ 103.441, 15.488 ], [ 103.431, 15.487 ], [ 103.42, 15.472 ], [ 103.385, 15.476 ], [ 103.372, 15.488 ], [ 103.37, 15.509 ], [ 103.337, 15.495 ], [ 103.29, 15.516 ], [ 103.258, 15.512 ], [ 103.227, 15.529 ], [ 103.213, 15.53 ], [ 103.207, 15.545 ], [ 103.196, 15.55 ], [ 103.208, 15.577 ], [ 103.209, 15.593 ], [ 103.2, 15.611 ], [ 103.184, 15.623 ], [ 103.187, 15.64 ], [ 103.183, 15.646 ], [ 103.159, 15.651 ], [ 103.154, 15.671 ], [ 103.159, 15.697 ], [ 103.149, 15.717 ], [ 103.154, 15.724 ], [ 103.134, 15.744 ], [ 103.138, 15.771 ], [ 103.13, 15.772 ], [ 103.116, 15.799 ], [ 103.104, 15.8 ], [ 103.117, 15.842 ], [ 103.083, 15.863 ], [ 103.092, 15.877 ], [ 103.083, 15.89 ], [ 103.091, 15.906 ], [ 103.074, 15.928 ], [ 103.063, 15.93 ], [ 103.062, 15.944 ], [ 103.042, 15.973 ], [ 103.043, 15.983 ], [ 103.066, 15.993 ], [ 103.071, 16.011 ], [ 103.083, 16.023 ], [ 103.079, 16.046 ], [ 103.123, 16.066 ], [ 103.15, 16.042 ], [ 103.155, 16.018 ], [ 103.177, 16.001 ], [ 103.191, 15.991 ], [ 103.199, 15.996 ], [ 103.231, 15.991 ], [ 103.25, 15.971 ], [ 103.265, 15.966 ], [ 103.302, 15.971 ], [ 103.329, 15.983 ], [ 103.421, 15.975 ], [ 103.421, 15.968 ], [ 103.441, 15.957 ], [ 103.443, 15.951 ], [ 103.475, 15.946 ], [ 103.483, 15.917 ], [ 103.504, 15.908 ], [ 103.535, 15.912 ], [ 103.586, 15.883 ], [ 103.595, 15.873 ], [ 103.597, 15.855 ], [ 103.612, 15.859 ], [ 103.645, 15.854 ], [ 103.654, 15.842 ], [ 103.67, 15.85 ], [ 103.677, 15.842 ], [ 103.695, 15.841 ], [ 103.697, 15.834 ], [ 103.733, 15.82 ], [ 103.741, 15.811 ], [ 103.742, 15.797 ], [ 103.766, 15.787 ], [ 103.774, 15.774 ], [ 103.802, 15.787 ], [ 103.813, 15.783 ], [ 103.808, 15.768 ], [ 103.813, 15.759 ], [ 103.809, 15.709 ], [ 103.823, 15.713 ], [ 103.84, 15.729 ], [ 103.844, 15.725 ], [ 103.873, 15.733 ], [ 103.892, 15.733 ], [ 103.913, 15.701 ], [ 103.941, 15.701 ], [ 103.942, 15.712 ], [ 103.954, 15.717 ], [ 103.963, 15.696 ], [ 103.99, 15.695 ], [ 104.0, 15.686 ], [ 104.008, 15.665 ], [ 104.004, 15.608 ], [ 104.015, 15.604 ], [ 104.035, 15.624 ], [ 104.066, 15.628 ], [ 104.072, 15.587 ], [ 104.081, 15.595 ], [ 104.107, 15.597 ], [ 104.114, 15.612 ], [ 104.127, 15.624 ], [ 104.138, 15.625 ], [ 104.142, 15.601 ], [ 104.154, 15.594 ], [ 104.158, 15.567 ], [ 104.163, 15.574 ], [ 104.174, 15.574 ], [ 104.176, 15.563 ], [ 104.2, 15.558 ], [ 104.196, 15.521 ], [ 104.183, 15.512 ], [ 104.188, 15.491 ], [ 104.17, 15.472 ], [ 104.179, 15.47 ], [ 104.174, 15.454 ], [ 104.184, 15.433 ], [ 104.174, 15.422 ], [ 104.159, 15.42 ], [ 104.158, 15.404 ], [ 104.147, 15.4 ], [ 104.145, 15.392 ], [ 104.133, 15.391 ], [ 104.113, 15.396 ], [ 104.102, 15.412 ], [ 104.058, 15.404 ], [ 104.046, 15.433 ], [ 104.03, 15.443 ], [ 104.025, 15.469 ], [ 104.012, 15.487 ], [ 103.994, 15.488 ], [ 103.963, 15.505 ], [ 103.962, 15.512 ], [ 103.947, 15.513 ], [ 103.945, 15.52 ], [ 103.907, 15.512 ], [ 103.885, 15.529 ], [ 103.872, 15.521 ], [ 103.862, 15.505 ], [ 103.851, 15.504 ], [ 103.849, 15.512 ], [ 103.841, 15.513 ], [ 103.821, 15.508 ], [ 103.813, 15.513 ], [ 103.812, 15.528 ], [ 103.796, 15.53 ], [ 103.789, 15.525 ], [ 103.792, 15.504 ], [ 103.786, 15.492 ], [ 103.766, 15.491 ], [ 103.747, 15.497 ], [ 103.729, 15.524 ], [ 103.697, 15.53 ], [ 103.695, 15.537 ], [ 103.687, 15.538 ], [ 103.663, 15.521 ], [ 103.642, 15.529 ], [ 103.619, 15.525 ], [ 103.593, 15.538 ], [ 103.591, 15.525 ], [ 103.585, 15.529 ], [ 103.565, 15.509 ], [ 103.548, 15.524 ], [ 103.522, 15.533 ], [ 103.517, 15.544 ], [ 103.526, 15.559 ], [ 103.52, 15.57 ], [ 103.496, 15.571 ] ] ] } },
{ "type": "Feature", "properties": { "hybas_id": 4071107770, "next_down": 4071108100, "main_bas": 4070017020, "sub_area": 2820.6, "up_area": 36567.1, "th_share": 1.0 }, "geometry": { "type": "Polygon", "coordinates": [ [ [ 103.729, 15.113 ], [ 103.733, 15.092 ], [ 103.729, 15.079 ], [ 103.713, 15.066 ], [ 103.703, 15.042 ], [ 103.688, 15.038 ], [ 103.687, 15.019 ], [ 103.679, 15.009 ], [ 103.683, 14.998 ], [ 103.654, 14.933 ], [ 103.617, 14.921 ], [ 103.594, 14.905 ], [ 103.572, 14.922 ], [ 103.558, 14.969 ], [ 103.546, 14.99 ], [ 103.55, 15.017 ], [ 103.545, 15.04 ], [ 103.534, 15.064 ], [ 103.528, 15.099 ], [ 103.516, 15.108 ], [ 103.525, 15.138 ], [ 103.504, 15.142 ], [ 103.504, 15.165 ], [ 103.488, 15.189 ], [ 103.483, 15.204 ], [ 103.488, 15.207 ], [ 103.48, 15.209 ], [ 103.475, 15.244 ], [ 103.499, 15.277 ], [ 103.504, 15.29 ], [ 103.496, 15.3 ], [ 103.521, 15.32 ], [ 103.52, 15.34 ], [ 103.508, 15.353 ], [ 103.523, 15.362 ], [ 103.55, 15.363 ], [ 103.545, 15.378 ], [ 103.553, 15.38 ], [ 103.555, 15.392 ], [ 103.55, 15.4 ], [ 103.474, 15.417 ], [ 103.451, 15.408 ], [ 103.449, 15.416 ], [ 103.434, 15.421 ], [ 103.433, 15.409 ], [ 103.412, 15.404 ], [ 103.406, 15.408 ], [ 103.393, 15.4 ], [ 103.391, 15.388 ], [ 103.335, 15.387 ], [ 103.308, 15.374 ], [ 103.298, 15.383 ], [ 103.267, 15.383 ], [ 103.266, 15.388 ], [ 103.257, 15.383 ], [ 103.22, 15.42 ], [ 103.204, 15.421 ], [ 103.191, 15.445 ], [ 103.158, 15.458 ], [ 103.163, 15.51 ], [ 103.152, 15.52 ], [ 103.129, 15.525 ], [ 103.134, 15.536 ], [ 103.126, 15.538 ], [ 103.124, 15.552 ], [ 103.072, 15.601 ], [ 103.066, 15.62 ], [ 103.059, 15.622 ], [ 103.058, 15.636 ], [ 103.067, 15.639 ], [ 103.063, 15.644 ], [ 103.083, 15.664 ], [ 103.084, 15.674 ], [ 103.092, 15.676 ], [ 103.083, 15.698 ], [ 103.067, 15.708 ], [ 103.067, 15.72 ], [ 103.087, 15.734 ], [ 103.088, 15.763 ], [ 103.104, 15.8 ], [ 103.116, 15.799 ], [ 103.13, 15.772 ], [ 103.138, 15.771 ], [ 103.134, 15.744 ], [ 103.154, 15.724 ], [ 103.149, 15.717 ], [ 103.159, 15.697 ], [ 103.154, 15.671 ], [ 103.159, 15.651 ], [ 103.183, 15.646 ], [ 103.187, 15.64 ], [ 103.184, 15.623 ], [ 103.2, 15.611 ], [ 103.209, 15.593 ], [ 103.208, 15.577 ], [ 103.196, 15.55 ], [ 103.207, 15.545 ], [ 103.213, 15.53 ], [ 103.227, 15.529 ], [ 103.258, 15.512 ], [ 103.29, 15.516 ], [ 103.337, 15.495 ], [ 103.37, 15.509 ], [ 103.372, 15.488 ], [ 103.385, 15.476 ], [ 103.42, 15.472 ], [ 103.431, 15.487 ], [ 103.441, 15.488 ], [ 103.451, 15.521 ], [ 103.475, 15.517 ], [ 103.48, 15.525 ], [ 103.47, 15.537 ], [ 103.477, 15.545 ], [ 103.491, 15.547 ], [ 103.496, 15.571 ], [ 103.52, 15.57 ], [ 103.526, 15.559 ], [ 103.517, 15.544 ], [ 103.522, 15.533 ], [ 103.548, 15.524 ], [ 103.565, 15.509 ], [ 103.585, 15.529 ], [ 103.591, 15.525 ], [ 103.593, 15.538 ], [ 103.619, 15.525 ], [ 103.642, 15.529 ], [ 103.663, 15.521 ], [ 103.687, 15.538 ], [ 103.695, 15.537 ], [ 103.697, 15.53 ], [ 103.729, 15.524 ], [ 103.747, 15.497 ], [ 103.766, 15.491 ], [ 103.786, 15.492 ], [ 103.792, 15.504 ], [ 103.789, 15.525 ], [ 103.796, 15.53 ], [ 103.812, 15.528 ], [ 103.813, 15.513 ], [ 103.821, 15.508 ], [ 103.841, 15.513 ], [ 103.849, 15.512 ], [ 103.851, 15.504 ], [ 103.862, 15.505 ], [ 103.872, 15.521 ], [ 103.885, 15.529 ], [ 103.907, 15.512 ], [ 103.945, 15.52 ], [ 103.947, 15.513 ], [ 103.962, 15.512 ], [ 103.963, 15.505 ], [ 103.994, 15.488 ], [ 104.012, 15.487 ], [ 104.025, 15.469 ], [ 104.03, 15.443 ], [ 104.046, 15.433 ], [ 104.046, 15.423 ], [ 104.058, 15.411 ], [ 104.054, 15.398 ], [ 104.058, 15.388 ], [ 103.99, 15.392 ], [ 103.948, 15.379 ], [ 103.932, 15.387 ], [ 103.894, 15.388 ], [ 103.873, 15.404 ], [ 103.863, 15.396 ], [ 103.853, 15.372 ], [ 103.838, 15.375 ], [ 103.816, 15.33 ], [ 103.817, 15.313 ], [ 103.828, 15.312 ], [ 103.833, 15.301 ], [ 103.801, 15.273 ], [ 103.805, 15.222 ], [ 103.792, 15.202 ], [ 103.795, 15.177 ], [ 103.763, 15.145 ], [ 103.762, 15.13 ], [ 103.729, 15.113 ] ] ] } },
{ "type": "Feature", "properties": { "hybas_id": 4071089600, "next_down": 4071096820, "main_bas": 4070017020, "sub_area": 4.4, "up_area": 384612.8, "th_share": 0.26 }, "geometry": { "type": "Polygon", "coordinates": [ [ [ 104.75, 16.917 ], [ 104.737, 16.928 ], [ 104.726, 16.93 ], [ 104.725, 16.938 ], [ 104.746, 16.942 ], [ 104.75, 16.917 ] ] ] } },
{ "type": "Feature", "properties": { "hybas_id": 4071089590, "next_down": 4071096820, "main_bas": 4070017020, "sub_area": 3536.4, "up_area": 3536.5, "th_share": 1.0 }, "geometry": { "type": "Polygon", "coordinates": [ [ [ 103.946, 16.971 ], [ 103.962, 16.989 ], [ 103.963, 17.002 ], [ 103.979, 17.027 ], [ 103.975, 17.067 ], [ 103.984, 17.087 ], [ 103.999, 17.083 ], [ 103.996, 17.119 ], [ 104.004, 17.125 ], [ 104.004, 17.133 ], [ 103.992, 17.14 ], [ 104.013, 17.162 ], [ 104.029, 17.168 ], [ 104.03, 17.19 ], [ 104.05, 17.21 ], [ 104.046, 17.227 ], [ 104.058, 17.252 ], [ 104.054, 17.298 ], [ 104.087, 17.318 ], [ 104.098, 17.337 ], [ 104.108, 17.332 ], [ 104.109, 17.318 ], [ 104.133, 17.304 ], [ 104.165, 17.317 ], [ 104.184, 17.288 ], [ 104.215, 17.291 ], [ 104.22, 17.287 ], [ 104.237, 17.292 ], [ 104.258, 17.283 ], [ 104.263, 17.291 ], [ 104.291, 17.291 ], [ 104.292, 17.28 ], [ 104.304, 17.278 ], [ 104.308, 17.271 ], [ 104.352, 17.275 ], [ 104.364, 17.287 ], [ 104.382, 17.288 ], [ 104.397, 17.316 ], [ 104.415, 17.312 ], [ 104.433, 17.317 ], [ 104.451, 17.296 ], [ 104.524, 17.287 ], [ 104.535, 17.275 ], [ 104.554, 17.275 ], [ 104.567, 17.197 ], [ 104.603, 17.187 ], [ 104.623, 17.155 ], [ 104.641, 17.149 ], [ 104.679, 17.154 ], [ 104.67, 17.143 ], [ 104.672, 17.134 ], [ 104.68, 17.132 ], [ 104.667, 17.124 ], [ 104.667, 17.108 ], [ 104.7, 17.096 ], [ 104.705, 17.084 ], [ 104.692, 17.052 ], [ 104.701, 17.038 ], [ 104.692, 17.01 ], [ 104.697, 16.992 ], [ 104.712, 16.991 ], [ 104.725, 16.948 ], [ 104.722, 16.938 ], [ 104.726, 16.93 ], [ 104.737, 16.928 ], [ 104.742, 16.917 ], [ 104.726, 16.912 ], [ 104.72, 16.881 ], [ 104.7, 16.85 ], [ 104.667, 16.838 ], [ 104.657, 16.849 ], [ 104.645, 16.855 ], [ 104.635, 16.851 ], [ 104.628, 16.862 ], [ 104.62, 16.863 ], [ 104.608, 16.858 ], [ 104.57, 16.867 ], [ 104.564, 16.862 ], [ 104.563, 16.867 ], [ 104.543, 16.866 ], [ 104.493, 16.855 ], [ 104.469, 16.87 ], [ 104.444, 16.867 ], [ 104.428, 16.887 ], [ 104.417, 16.888 ], [ 104.417, 16.896 ], [ 104.402, 16.879 ], [ 104.377, 16.892 ], [ 104.367, 16.888 ], [ 104.35, 16.904 ], [ 104.298, 16.895 ], [ 104.275, 16.908 ], [ 104.222, 16.891 ], [ 104.212, 16.911 ], [ 104.191, 16.917 ], [ 104.155, 16.903 ], [ 104.15, 16.893 ], [ 104.126, 16.882 ], [ 104.124, 16.86 ], [ 104.11, 16.851 ], [ 104.078, 16.859 ], [ 104.063, 16.846 ], [ 104.052, 16.85 ], [ 104.046, 16.846 ], [ 104.025, 16.863 ], [ 104.01, 16.854 ], [ 104.007, 16.847 ], [ 103.976, 16.837 ], [ 103.974, 16.823 ], [ 103.97, 16.817 ], [ 103.959, 16.821 ], [ 103.946, 16.794 ], [ 103.949, 16.776 ], [ 103.938, 16.775 ], [ 103.915, 16.804 ], [ 103.9, 16.804 ], [ 103.874, 16.828 ], [ 103.842, 16.843 ], [ 103.837, 16.866 ], [ 103.792, 16.888 ], [ 103.788, 16.908 ], [ 103.796, 16.913 ], [ 103.837, 16.909 ], [ 103.838, 16.921 ], [ 103.862, 16.938 ], [ 103.87, 16.937 ], [ 103.872, 16.929 ], [ 103.883, 16.93 ], [ 103.908, 16.976 ], [ 103.946, 16.971 ] ] ] } },
{ "type": "Feature", "properties": { "hybas_id": 4071089420, "next_down": 4071089600, "main_bas": 4070017020, "sub_area": 2299.4, "up_area": 375124.3, "th_share": 0.55 }, "geometry": { "type": "Polygon", "coordinates": [ [ [ 104.679, 17.154 ], [ 104.641, 17.149 ], [ 104.623, 17.155 ], [ 104.603, 17.187 ], [ 104.567, 17.197 ], [ 104.554, 17.275 ], [ 104.535, 17.275 ], [ 104.524, 17.287 ], [ 104.451, 17.296 ], [ 104.433, 17.317 ], [ 104.442, 17.357 ], [ 104.45, 17.367 ], [ 104.469, 17.367 ], [ 104.478, 17.376 ], [ 104.494, 17.371 ], [ 104.509, 17.387 ], [ 104.518, 17.383 ], [ 104.536, 17.388 ], [ 104.575, 17.413 ], [ 104.583, 17.461 ], [ 104.571, 17.485 ], [ 104.583, 17.506 ], [ 104.566, 17.541 ], [ 104.559, 17.543 ], [ 104.554, 17.574 ], [ 104.562, 17.576 ], [ 104.563, 17.583 ], [ 104.607, 17.574 ], [ 104.613, 17.588 ], [ 104.641, 17.592 ], [ 104.643, 17.601 ], [ 104.66, 17.588 ], [ 104.675, 17.596 ], [ 104.706, 17.567 ], [ 104.748, 17.575 ], [ 104.786, 17.571 ], [ 104.791, 17.59 ], [ 104.78, 17.616 ], [ 104.808, 17.621 ], [ 104.851, 17.6 ], [ 104.858, 17.608 ], [ 104.885, 17.604 ], [ 104.912, 17.583 ], [ 104.916, 17.569 ], [ 104.904, 17.553 ], [ 104.932, 17.533 ], [ 104.934, 17.52 ], [ 104.947, 17.537 ], [ 104.967, 17.542 ], [ 104.999, 17.537 ], [ 105.0, 17.529 ], [ 105.02, 17.529 ], [ 105.013, 17.504 ], [ 105.0, 17.496 ], [ 105.026, 17.478 ], [ 105.02, 17.455 ], [ 105.013, 17.453 ], [ 105.013, 17.429 ], [ 104.982, 17.434 ], [ 104.967, 17.408 ], [ 104.988, 17.388 ], [ 104.987, 17.363 ], [ 104.975, 17.358 ], [ 104.976, 17.347 ], [ 104.988, 17.341 ], [ 104.978, 17.326 ], [ 104.971, 17.325 ], [ 104.991, 17.302 ], [ 104.991, 17.296 ], [ 104.984, 17.291 ], [ 104.973, 17.295 ], [ 104.951, 17.283 ], [ 104.941, 17.263 ], [ 104.926, 17.257 ], [ 104.921, 17.242 ], [ 104.902, 17.246 ], [ 104.89, 17.258 ], [ 104.863, 17.254 ], [ 104.846, 17.258 ], [ 104.855, 17.222 ], [ 104.845, 17.215 ], [ 104.855, 17.188 ], [ 104.849, 17.18 ], [ 104.851, 17.16 ], [ 104.863, 17.142 ], [ 104.852, 17.134 ], [ 104.844, 17.141 ], [ 104.826, 17.142 ], [ 104.812, 17.11 ], [ 104.788, 17.09 ], [ 104.783, 17.06 ], [ 104.766, 17.027 ], [ 104.77, 16.973 ], [ 104.762, 16.955 ], [ 104.746, 16.942 ], [ 104.722, 16.938 ], [ 104.725, 16.948 ], [ 104.712, 16.991 ], [ 104.697, 16.992 ], [ 104.692, 17.01 ], [ 104.701, 17.038 ], [ 104.692, 17.052 ], [ 104.705, 17.084 ], [ 104.7, 17.096 ], [ 104.667, 17.108 ], [ 104.667, 17.124 ], [ 104.68, 17.132 ], [ 104.672, 17.134 ], [ 104.67, 17.143 ], [ 104.679, 17.154 ] ] ] } },
{ "type": "Feature", "properties": { "hybas_id": 4071108860, "next_down": 4071107770, "main_bas": 4070017020, "sub_area": 4992.7, "up_area": 4992.7, "th_share": 1.0 }, "geometry": { "type": "Polygon", "coordinates": [ [ [ 103.363, 15.183 ], [ 103.377, 15.208 ], [ 103.395, 15.214 ], [ 103.396, 15.24 ], [ 103.41, 15.262 ], [ 103.427, 15.267 ], [ 103.452, 15.287 ], [ 103.5, 15.295 ], [ 103.504, 15.29 ], [ 103.495, 15.267 ], [ 103.484, 15.262 ], [ 103.475, 15.244 ], [ 103.48, 15.209 ], [ 103.488, 15.207 ], [ 103.483, 15.204 ], [ 103.488, 15.189 ], [ 103.5, 15.177 ], [ 103.504, 15.142 ], [ 103.525, 15.138 ], [ 103.516, 15.108 ], [ 103.528, 15.099 ], [ 103.534, 15.064 ], [ 103.545, 15.04 ], [ 103.55, 15.017 ], [ 103.546, 14.99 ], [ 103.558, 14.969 ], [ 103.572, 14.922 ], [ 103.596, 14.904 ], [ 103.6, 14.881 ], [ 103.595, 14.873 ], [ 103.6, 14.838 ], [ 103.592, 14.832 ], [ 103.583, 14.804 ], [ 103.584, 14.78 ], [ 103.595, 14.773 ], [ 103.605, 14.751 ], [ 103.588, 14.711 ], [ 103.592, 14.663 ], [ 103.583, 14.643 ], [ 103.592, 14.614 ], [ 103.588, 14.596 ], [ 103.592, 14.588 ], [ 103.58, 14.577 ], [ 103.553, 14.513 ], [ 103.538, 14.508 ], [ 103.533, 14.488 ], [ 103.521, 14.483 ], [ 103.534, 14.455 ], [ 103.525, 14.408 ], [ 103.492, 14.403 ], [ 103.487, 14.389 ], [ 103.467, 14.378 ], [ 103.467, 14.371 ], [ 103.448, 14.375 ], [ 103.442, 14.388 ], [ 103.427, 14.387 ], [ 103.4, 14.371 ], [ 103.399, 14.363 ], [ 103.373, 14.355 ], [ 103.307, 14.359 ], [ 103.258, 14.354 ], [ 103.233, 14.333 ], [ 103.214, 14.329 ], [ 103.213, 14.333 ], [ 103.202, 14.329 ], [ 103.194, 14.337 ], [ 103.164, 14.337 ], [ 103.157, 14.326 ], [ 103.129, 14.321 ], [ 103.134, 14.309 ], [ 103.112, 14.304 ], [ 103.105, 14.309 ], [ 103.103, 14.301 ], [ 103.059, 14.287 ], [ 103.037, 14.259 ], [ 103.027, 14.259 ], [ 102.976, 14.3 ], [ 102.966, 14.336 ], [ 102.955, 14.352 ], [ 102.954, 14.367 ], [ 102.97, 14.38 ], [ 102.971, 14.395 ], [ 102.979, 14.397 ], [ 102.974, 14.411 ], [ 102.987, 14.418 ], [ 102.988, 14.438 ], [ 102.979, 14.45 ], [ 102.964, 14.451 ], [ 102.953, 14.478 ], [ 102.934, 14.48 ], [ 102.93, 14.49 ], [ 102.929, 14.525 ], [ 102.945, 14.534 ], [ 102.941, 14.551 ], [ 102.946, 14.557 ], [ 102.934, 14.563 ], [ 102.929, 14.576 ], [ 102.934, 14.588 ], [ 102.92, 14.603 ], [ 102.954, 14.622 ], [ 102.963, 14.692 ], [ 102.95, 14.704 ], [ 102.958, 14.718 ], [ 102.958, 14.742 ], [ 102.977, 14.742 ], [ 103.006, 14.758 ], [ 103.029, 14.763 ], [ 103.042, 14.795 ], [ 103.053, 14.801 ], [ 103.095, 14.795 ], [ 103.125, 14.817 ], [ 103.138, 14.85 ], [ 103.159, 14.874 ], [ 103.17, 14.876 ], [ 103.172, 14.891 ], [ 103.182, 14.896 ], [ 103.204, 14.935 ], [ 103.205, 14.969 ], [ 103.229, 15.002 ], [ 103.224, 15.022 ], [ 103.234, 15.052 ], [ 103.263, 15.1 ], [ 103.254, 15.129 ], [ 103.259, 15.145 ], [ 103.295, 15.155 ], [ 103.31, 15.17 ], [ 103.363, 15.183 ] ] ] } },
{ "type": "Feature", "properties": { "hybas_id": 4071108740, "next_down": 4071107770, "main_bas": 4070017020, "sub_area": 8336.6, "up_area": 28754.1, "th_share": 1.0 }, "geometry": { "type": "Polygon", "coordinates": [ [ [ 103.204, 15.421 ], [ 103.22, 15.42 ], [ 103.257, 15.383 ], [ 103.266, 15.388 ], [ 103.267, 15.383 ], [ 103.298, 15.383 ], [ 103.308, 15.374 ], [ 103.335, 15.387 ], [ 103.391, 15.388 ], [ 103.393, 15.4 ], [ 103.406, 15.408 ], [ 103.412, 15.404 ], [ 103.433, 15.409 ], [ 103.434, 15.421 ], [ 103.449, 15.416 ], [ 103.451, 15.408 ], [ 103.474, 15.417 ], [ 103.55, 15.4 ], [ 103.555, 15.392 ], [ 103.553, 15.38 ], [ 103.545, 15.378 ], [ 103.55, 15.363 ], [ 103.523, 15.362 ], [ 103.508, 15.353 ], [ 103.52, 15.34 ], [ 103.521, 15.32 ], [ 103.516, 15.313 ], [ 103.496, 15.296 ], [ 103.452, 15.287 ], [ 103.427, 15.267 ], [ 103.41, 15.262 ], [ 103.396, 15.24 ], [ 103.395, 15.214 ], [ 103.377, 15.208 ], [ 103.363, 15.183 ], [ 103.31, 15.17 ], [ 103.295, 15.155 ], [ 103.259, 15.145 ], [ 103.254, 15.129 ], [ 103.263, 15.1 ], [ 103.234, 15.052 ], [ 103.224, 15.022 ], [ 103.229, 15.002 ], [ 103.205, 14.969 ], [ 103.204, 14.935 ], [ 103.182, 14.896 ], [ 103.172, 14.891 ], [ 103.17, 14.876 ], [ 103.159, 14.874 ], [ 103.138, 14.85 ], [ 103.125, 14.817 ], [ 103.095, 14.795 ], [ 103.053, 14.801 ], [ 103.042, 14.795 ], [ 103.029, 14.763 ], [ 103.006, 14.758 ], [ 102.977, 14.742 ], [ 102.958, 14.742 ], [ 102.942, 14.772 ], [ 102.937, 14.811 ], [ 102.92, 14.841 ], [ 102.921, 14.873 ], [ 102.93, 14.887 ], [ 102.925, 14.915 ], [ 102.933, 14.925 ], [ 102.917, 14.973 ], [ 102.921, 14.985 ], [ 102.9, 15.006 ], [ 102.899, 15.031 ], [ 102.891, 15.049 ], [ 102.871, 15.063 ], [ 102.875, 15.085 ], [ 102.858, 15.138 ], [ 102.84, 15.146 ], [ 102.829, 15.142 ], [ 102.796, 15.192 ], [ 102.78, 15.197 ], [ 102.788, 15.264 ], [ 102.77, 15.297 ], [ 102.78, 15.326 ], [ 102.742, 15.371 ], [ 102.737, 15.413 ], [ 102.742, 15.432 ], [ 102.729, 15.438 ], [ 102.718, 15.433 ], [ 102.716, 15.441 ], [ 102.705, 15.442 ], [ 102.687, 15.421 ], [ 102.634, 15.424 ], [ 102.624, 15.405 ], [ 102.592, 15.396 ], [ 102.574, 15.363 ], [ 102.556, 15.346 ], [ 102.547, 15.341 ], [ 102.54, 15.345 ], [ 102.526, 15.337 ], [ 102.516, 15.305 ], [ 102.504, 15.299 ], [ 102.509, 15.293 ], [ 102.486, 15.276 ], [ 102.471, 15.271 ], [ 102.463, 15.279 ], [ 102.461, 15.274 ], [ 102.442, 15.28 ], [ 102.385, 15.276 ], [ 102.377, 15.283 ], [ 102.372, 15.279 ], [ 102.348, 15.287 ], [ 102.338, 15.285 ], [ 102.333, 15.323 ], [ 102.3, 15.335 ], [ 102.308, 15.371 ], [ 102.297, 15.375 ], [ 102.283, 15.415 ], [ 102.268, 15.426 ], [ 102.254, 15.449 ], [ 102.222, 15.459 ], [ 102.204, 15.496 ], [ 102.212, 15.506 ], [ 102.208, 15.512 ], [ 102.213, 15.542 ], [ 102.244, 15.546 ], [ 102.27, 15.567 ], [ 102.266, 15.599 ], [ 102.255, 15.605 ], [ 102.258, 15.633 ], [ 102.294, 15.646 ], [ 102.317, 15.688 ], [ 102.327, 15.679 ], [ 102.357, 15.684 ], [ 102.365, 15.692 ], [ 102.442, 15.684 ], [ 102.437, 15.701 ], [ 102.446, 15.721 ], [ 102.482, 15.726 ], [ 102.484, 15.752 ], [ 102.496, 15.765 ], [ 102.491, 15.773 ], [ 102.512, 15.806 ], [ 102.505, 15.818 ], [ 102.508, 15.838 ], [ 102.557, 15.859 ], [ 102.567, 15.891 ], [ 102.581, 15.899 ], [ 102.603, 15.901 ], [ 102.612, 15.913 ], [ 102.648, 15.904 ], [ 102.661, 15.908 ], [ 102.679, 15.896 ], [ 102.709, 15.909 ], [ 102.74, 15.904 ], [ 102.755, 15.924 ], [ 102.78, 15.934 ], [ 102.785, 15.93 ], [ 102.792, 15.938 ], [ 102.81, 15.942 ], [ 102.841, 15.934 ], [ 102.853, 15.947 ], [ 102.855, 15.957 ], [ 102.883, 15.976 ], [ 102.889, 15.991 ], [ 102.921, 16.0 ], [ 102.929, 16.008 ], [ 102.944, 16.005 ], [ 102.96, 16.012 ], [ 102.977, 16.001 ], [ 102.991, 15.999 ], [ 102.992, 15.988 ], [ 103.008, 15.979 ], [ 103.016, 15.984 ], [ 103.042, 15.979 ], [ 103.062, 15.944 ], [ 103.063, 15.93 ], [ 103.074, 15.928 ], [ 103.091, 15.906 ], [ 103.083, 15.89 ], [ 103.092, 15.877 ], [ 103.083, 15.863 ], [ 103.117, 15.842 ], [ 103.116, 15.831 ], [ 103.105, 15.815 ], [ 103.104, 15.793 ], [ 103.097, 15.791 ], [ 103.088, 15.763 ], [ 103.087, 15.734 ], [ 103.067, 15.72 ], [ 103.067, 15.708 ], [ 103.083, 15.698 ], [ 103.092, 15.676 ], [ 103.084, 15.674 ], [ 103.083, 15.664 ], [ 103.063, 15.644 ], [ 103.067, 15.639 ], [ 103.058, 15.636 ], [ 103.059, 15.622 ], [ 103.066, 15.62 ], [ 103.072, 15.601 ], [ 103.124, 15.552 ], [ 103.126, 15.538 ], [ 103.134, 15.536 ], [ 103.129, 15.525 ], [ 103.152, 15.52 ], [ 103.163, 15.51 ], [ 103.158, 15.458 ], [ 103.191, 15.445 ], [ 103.204, 15.421 ] ] ] } },
{ "type": "Feature", "properties": { "hybas_id": 4071098480, "next_down": 4071110320, "main_bas": 4070017020, "sub_area": 3477.3, "up_area": 32406.2, "th_share": 1.0 }, "geometry": { "type": "Polygon", "coordinates": [ [ [ 103.579, 16.271 ], [ 103.598, 16.275 ], [ 103.618, 16.259 ], [ 103.644, 16.254 ], [ 103.658, 16.258 ], [ 103.668, 16.238 ], [ 103.704, 16.229 ], [ 103.713, 16.192 ], [ 103.709, 16.163 ], [ 103.724, 16.148 ], [ 103.729, 16.121 ], [ 103.709, 16.107 ], [ 103.713, 16.093 ], [ 103.701, 16.081 ], [ 103.699, 16.063 ], [ 103.676, 16.053 ], [ 103.674, 16.046 ], [ 103.627, 16.045 ], [ 103.616, 16.034 ], [ 103.58, 16.02 ], [ 103.574, 16.009 ], [ 103.56, 16.008 ], [ 103.53, 15.991 ], [ 103.528, 15.984 ], [ 103.492, 15.978 ], [ 103.479, 15.942 ], [ 103.443, 15.951 ], [ 103.441, 15.957 ], [ 103.421, 15.968 ], [ 103.421, 15.975 ], [ 103.373, 15.983 ], [ 103.348, 15.979 ], [ 103.327, 15.983 ], [ 103.302, 15.971 ], [ 103.265, 15.966 ], [ 103.25, 15.971 ], [ 103.231, 15.991 ], [ 103.199, 15.996 ], [ 103.191, 15.991 ], [ 103.155, 16.018 ], [ 103.15, 16.042 ], [ 103.121, 16.067 ], [ 103.107, 16.055 ], [ 103.079, 16.046 ], [ 103.083, 16.023 ], [ 103.061, 15.988 ], [ 103.042, 15.979 ], [ 103.016, 15.984 ], [ 103.008, 15.979 ], [ 102.992, 15.988 ], [ 102.991, 15.999 ], [ 102.977, 16.001 ], [ 102.96, 16.012 ], [ 102.933, 16.004 ], [ 102.923, 16.02 ], [ 102.902, 16.025 ], [ 102.898, 16.021 ], [ 102.846, 16.073 ], [ 102.858, 16.089 ], [ 102.867, 16.125 ], [ 102.846, 16.139 ], [ 102.845, 16.152 ], [ 102.838, 16.16 ], [ 102.846, 16.2 ], [ 102.858, 16.201 ], [ 102.868, 16.22 ], [ 102.878, 16.222 ], [ 102.892, 16.262 ], [ 102.903, 16.263 ], [ 102.916, 16.285 ], [ 102.917, 16.312 ], [ 102.933, 16.318 ], [ 102.946, 16.333 ], [ 102.95, 16.367 ], [ 102.996, 16.383 ], [ 103.005, 16.413 ], [ 103.0, 16.419 ], [ 103.005, 16.428 ], [ 103.02, 16.434 ], [ 103.021, 16.444 ], [ 103.033, 16.456 ], [ 103.03, 16.465 ], [ 103.039, 16.475 ], [ 103.061, 16.479 ], [ 103.079, 16.465 ], [ 103.079, 16.45 ], [ 103.102, 16.455 ], [ 103.109, 16.466 ], [ 103.128, 16.472 ], [ 103.141, 16.489 ], [ 103.15, 16.529 ], [ 103.175, 16.529 ], [ 103.183, 16.55 ], [ 103.225, 16.532 ], [ 103.222, 16.493 ], [ 103.234, 16.479 ], [ 103.229, 16.467 ], [ 103.23, 16.442 ], [ 103.255, 16.417 ], [ 103.241, 16.379 ], [ 103.246, 16.34 ], [ 103.251, 16.326 ], [ 103.28, 16.301 ], [ 103.291, 16.299 ], [ 103.292, 16.28 ], [ 103.312, 16.278 ], [ 103.314, 16.266 ], [ 103.352, 16.308 ], [ 103.379, 16.296 ], [ 103.411, 16.299 ], [ 103.42, 16.29 ], [ 103.426, 16.266 ], [ 103.44, 16.267 ], [ 103.463, 16.275 ], [ 103.468, 16.291 ], [ 103.498, 16.3 ], [ 103.512, 16.297 ], [ 103.522, 16.316 ], [ 103.529, 16.317 ], [ 103.554, 16.312 ], [ 103.559, 16.288 ], [ 103.579, 16.271 ] ] ] } },
{ "type": "Feature", "properties": { "hybas_id": 4071098410, "next_down": 4071110320, "main_bas": 4070017020, "sub_area": 8182.2, "up_area": 8182.4, "th_share": 1.0 }, "geometry": { "type": "Polygon", "coordinates": [ [ [ 103.482, 17.212 ], [ 103.577, 17.155 ], [ 103.598, 17.175 ], [ 103.638, 17.122 ], [ 103.666, 17.116 ], [ 103.671, 17.105 ], [ 103.658, 17.076 ], [ 103.667, 17.063 ], [ 103.658, 17.033 ], [ 103.686, 17.034 ], [ 103.698, 17.042 ], [ 103.714, 17.022 ], [ 103.733, 17.02 ], [ 103.737, 17.002 ], [ 103.73, 16.988 ], [ 103.748, 16.987 ], [ 103.767, 16.971 ], [ 103.774, 16.976 ], [ 103.787, 16.966 ], [ 103.792, 16.958 ], [ 103.784, 16.948 ], [ 103.784, 16.909 ], [ 103.791, 16.902 ], [ 103.792, 16.888 ], [ 103.837, 16.866 ], [ 103.842, 16.843 ], [ 103.85, 16.838 ], [ 103.849, 16.827 ], [ 103.824, 16.784 ], [ 103.791, 16.755 ], [ 103.795, 16.748 ], [ 103.782, 16.725 ], [ 103.763, 16.72 ], [ 103.738, 16.679 ], [ 103.738, 16.668 ], [ 103.754, 16.652 ], [ 103.759, 16.627 ], [ 103.784, 16.593 ], [ 103.775, 16.539 ], [ 103.767, 16.525 ], [ 103.774, 16.53 ], [ 103.791, 16.524 ], [ 103.796, 16.517 ], [ 103.792, 16.506 ], [ 103.801, 16.492 ], [ 103.812, 16.487 ], [ 103.821, 16.471 ], [ 103.841, 16.466 ], [ 103.846, 16.454 ], [ 103.82, 16.421 ], [ 103.796, 16.406 ], [ 103.795, 16.394 ], [ 103.78, 16.373 ], [ 103.774, 16.331 ], [ 103.751, 16.306 ], [ 103.737, 16.264 ], [ 103.708, 16.229 ], [ 103.668, 16.238 ], [ 103.658, 16.258 ], [ 103.644, 16.254 ], [ 103.618, 16.259 ], [ 103.598, 16.275 ], [ 103.579, 16.271 ], [ 103.559, 16.288 ], [ 103.554, 16.312 ], [ 103.544, 16.316 ], [ 103.522, 16.316 ], [ 103.512, 16.297 ], [ 103.498, 16.3 ], [ 103.468, 16.291 ], [ 103.463, 16.275 ], [ 103.44, 16.267 ], [ 103.426, 16.266 ], [ 103.42, 16.29 ], [ 103.411, 16.299 ], [ 103.379, 16.296 ], [ 103.352, 16.308 ], [ 103.314, 16.266 ], [ 103.312, 16.278 ], [ 103.292, 16.28 ], [ 103.291, 16.299 ], [ 103.28, 16.301 ], [ 103.251, 16.326 ], [ 103.246, 16.34 ], [ 103.241, 16.379 ], [ 103.255, 16.417 ], [ 103.23, 16.442 ], [ 103.229, 16.467 ], [ 103.234, 16.479 ], [ 103.222, 16.493 ], [ 103.225, 16.532 ], [ 103.183, 16.55 ], [ 103.179, 16.577 ], [ 103.171, 16.585 ], [ 103.175, 16.607 ], [ 103.192, 16.633 ], [ 103.191, 16.677 ], [ 103.175, 16.708 ], [ 103.18, 16.734 ], [ 103.175, 16.76 ], [ 103.192, 16.784 ], [ 103.187, 16.792 ], [ 103.192, 16.83 ], [ 103.188, 16.863 ], [ 103.163, 16.863 ], [ 103.158, 16.852 ], [ 103.171, 16.836 ], [ 103.17, 16.826 ], [ 103.155, 16.82 ], [ 103.149, 16.805 ], [ 103.14, 16.808 ], [ 103.123, 16.801 ], [ 103.098, 16.8 ], [ 103.065, 16.841 ], [ 103.046, 16.842 ], [ 103.045, 16.848 ], [ 103.019, 16.87 ], [ 102.969, 16.846 ], [ 102.938, 16.842 ], [ 102.933, 16.888 ], [ 102.895, 16.907 ], [ 102.903, 16.909 ], [ 102.905, 16.934 ], [ 102.892, 16.956 ], [ 102.896, 16.975 ], [ 102.891, 16.987 ], [ 102.872, 16.992 ], [ 102.871, 17.0 ], [ 102.863, 17.0 ], [ 102.862, 17.007 ], [ 102.847, 17.013 ], [ 102.845, 17.024 ], [ 102.826, 17.026 ], [ 102.782, 17.079 ], [ 102.756, 17.08 ], [ 102.748, 17.087 ], [ 102.7, 17.096 ], [ 102.691, 17.141 ], [ 102.679, 17.146 ], [ 102.664, 17.142 ], [ 102.629, 17.167 ], [ 102.642, 17.208 ], [ 102.652, 17.209 ], [ 102.667, 17.229 ], [ 102.682, 17.23 ], [ 102.698, 17.245 ], [ 102.72, 17.241 ], [ 102.722, 17.234 ], [ 102.752, 17.241 ], [ 102.767, 17.233 ], [ 102.781, 17.238 ], [ 102.795, 17.251 ], [ 102.809, 17.278 ], [ 102.828, 17.284 ], [ 102.83, 17.291 ], [ 102.867, 17.292 ], [ 102.873, 17.284 ], [ 102.89, 17.28 ], [ 102.911, 17.284 ], [ 102.917, 17.3 ], [ 102.933, 17.29 ], [ 102.934, 17.28 ], [ 102.952, 17.271 ], [ 103.011, 17.275 ], [ 103.027, 17.262 ], [ 103.044, 17.263 ], [ 103.087, 17.284 ], [ 103.095, 17.279 ], [ 103.097, 17.287 ], [ 103.119, 17.288 ], [ 103.148, 17.308 ], [ 103.175, 17.308 ], [ 103.175, 17.3 ], [ 103.207, 17.299 ], [ 103.218, 17.275 ], [ 103.253, 17.262 ], [ 103.263, 17.246 ], [ 103.274, 17.241 ], [ 103.284, 17.217 ], [ 103.31, 17.196 ], [ 103.379, 17.192 ], [ 103.396, 17.175 ], [ 103.41, 17.191 ], [ 103.433, 17.201 ], [ 103.449, 17.197 ], [ 103.455, 17.209 ], [ 103.471, 17.204 ], [ 103.482, 17.212 ] ] ] } },
{ "type": "Feature", "properties": { "hybas_id": 4071081130, "next_down": 4071089420, "main_bas": 4070017020, "sub_area": 790.4, "up_area": 370613.1, "th_share": 0.89 }, "geometry": { "type": "Polygon", "coordinates": [ [ [ 104.352, 17.275 ], [ 104.308, 17.271 ], [ 104.304, 17.278 ], [ 104.292, 17.28 ], [ 104.291, 17.291 ], [ 104.279, 17.292 ], [ 104.263, 17.318 ], [ 104.258, 17.348 ], [ 104.263, 17.358 ], [ 104.279, 17.368 ], [ 104.28, 17.377 ], [ 104.292, 17.383 ], [ 104.297, 17.403 ], [ 104.31, 17.405 ], [ 104.328, 17.422 ], [ 104.338, 17.462 ], [ 104.374, 17.501 ], [ 104.385, 17.526 ], [ 104.394, 17.521 ], [ 104.402, 17.529 ], [ 104.421, 17.529 ], [ 104.426, 17.537 ], [ 104.457, 17.547 ], [ 104.463, 17.557 ], [ 104.483, 17.568 ], [ 104.495, 17.595 ], [ 104.467, 17.623 ], [ 104.475, 17.654 ], [ 104.495, 17.663 ], [ 104.496, 17.672 ], [ 104.483, 17.687 ], [ 104.503, 17.692 ], [ 104.511, 17.729 ], [ 104.532, 17.716 ], [ 104.543, 17.688 ], [ 104.575, 17.661 ], [ 104.572, 17.643 ], [ 104.578, 17.641 ], [ 104.584, 17.613 ], [ 104.604, 17.602 ], [ 104.608, 17.583 ], [ 104.607, 17.574 ], [ 104.563, 17.583 ], [ 104.562, 17.576 ], [ 104.554, 17.574 ], [ 104.559, 17.543 ], [ 104.566, 17.541 ], [ 104.583, 17.506 ], [ 104.571, 17.485 ], [ 104.583, 17.461 ], [ 104.575, 17.413 ], [ 104.536, 17.388 ], [ 104.518, 17.383 ], [ 104.509, 17.387 ], [ 104.494, 17.371 ], [ 104.478, 17.376 ], [ 104.469, 17.367 ], [ 104.45, 17.367 ], [ 104.442, 17.357 ], [ 104.433, 17.317 ], [ 104.415, 17.312 ], [ 104.397, 17.316 ], [ 104.382, 17.288 ], [ 104.364, 17.287 ], [ 104.352, 17.275 ] ] ] } },
{ "type": "Feature", "properties": { "hybas_id": 4071080170, "next_down": 4071081130, "main_bas": 4070017020, "sub_area": 1007.2, "up_area": 12986.4, "th_share": 1.0 }, "geometry": { "type": "Polygon", "coordinates": [ [ [ 104.238, 17.633 ], [ 104.246, 17.655 ], [ 104.225, 17.694 ], [ 104.229, 17.72 ], [ 104.156, 17.774 ], [ 104.126, 17.784 ], [ 104.105, 17.818 ], [ 104.104, 17.84 ], [ 104.086, 17.858 ], [ 104.059, 17.868 ], [ 104.062, 17.881 ], [ 104.054, 17.891 ], [ 104.034, 17.897 ], [ 104.025, 17.938 ], [ 104.079, 17.954 ], [ 104.111, 17.955 ], [ 104.121, 17.967 ], [ 104.136, 17.958 ], [ 104.187, 17.912 ], [ 104.18, 17.898 ], [ 104.184, 17.859 ], [ 104.2, 17.854 ], [ 104.201, 17.842 ], [ 104.212, 17.841 ], [ 104.218, 17.83 ], [ 104.233, 17.824 ], [ 104.234, 17.809 ], [ 104.257, 17.813 ], [ 104.278, 17.791 ], [ 104.308, 17.796 ], [ 104.333, 17.788 ], [ 104.338, 17.759 ], [ 104.37, 17.741 ], [ 104.371, 17.722 ], [ 104.393, 17.701 ], [ 104.413, 17.683 ], [ 104.428, 17.683 ], [ 104.443, 17.654 ], [ 104.462, 17.659 ], [ 104.475, 17.654 ], [ 104.467, 17.623 ], [ 104.496, 17.592 ], [ 104.483, 17.568 ], [ 104.463, 17.557 ], [ 104.457, 17.547 ], [ 104.394, 17.521 ], [ 104.385, 17.526 ], [ 104.374, 17.501 ], [ 104.368, 17.499 ], [ 104.333, 17.45 ], [ 104.317, 17.463 ], [ 104.289, 17.463 ], [ 104.26, 17.475 ], [ 104.25, 17.485 ], [ 104.25, 17.496 ], [ 104.208, 17.488 ], [ 104.208, 17.495 ], [ 104.197, 17.5 ], [ 104.188, 17.528 ], [ 104.195, 17.53 ], [ 104.201, 17.553 ], [ 104.233, 17.581 ], [ 104.238, 17.633 ] ] ] } },
{ "type": "Feature", "properties": { "hybas_id": 4071080120, "next_down": 4071081130, "main_bas": 4070017020, "sub_area": 2057.4, "up_area": 356836.0, "th_share": 0.34 }, "geometry": { "type": "Polygon", "coordinates": [ [ [ 104.15, 18.246 ], [ 104.142, 18.26 ], [ 104.151, 18.27 ], [ 104.147, 18.279 ], [ 104.174, 18.297 ], [ 104.18, 18.328 ], [ 104.204, 18.338 ], [ 104.228, 18.333 ], [ 104.255, 18.28 ], [ 104.279, 18.275 ], [ 104.283, 18.258 ], [ 104.294, 18.258 ], [ 104.313, 18.23 ], [ 104.324, 18.224 ], [ 104.337, 18.234 ], [ 104.358, 18.229 ], [ 104.365, 18.238 ], [ 104.373, 18.237 ], [ 104.404, 18.233 ], [ 104.424, 18.22 ], [ 104.408, 18.185 ], [ 104.42, 18.152 ], [ 104.413, 18.133 ], [ 104.401, 18.129 ], [ 104.396, 18.119 ], [ 104.383, 18.063 ], [ 104.364, 18.062 ], [ 104.345, 18.026 ], [ 104.334, 18.024 ], [ 104.324, 18.005 ], [ 104.297, 17.999 ], [ 104.296, 17.992 ], [ 104.312, 17.974 ], [ 104.327, 17.979 ], [ 104.34, 17.971 ], [ 104.345, 17.976 ], [ 104.362, 17.97 ], [ 104.377, 17.938 ], [ 104.42, 17.924 ], [ 104.442, 17.892 ], [ 104.442, 17.869 ], [ 104.459, 17.846 ], [ 104.471, 17.841 ], [ 104.466, 17.818 ], [ 104.475, 17.802 ], [ 104.471, 17.792 ], [ 104.495, 17.773 ], [ 104.508, 17.744 ], [ 104.503, 17.692 ], [ 104.483, 17.687 ], [ 104.496, 17.672 ], [ 104.495, 17.663 ], [ 104.484, 17.662 ], [ 104.479, 17.654 ], [ 104.462, 17.659 ], [ 104.443, 17.654 ], [ 104.428, 17.683 ], [ 104.413, 17.683 ], [ 104.371, 17.722 ], [ 104.37, 17.741 ], [ 104.338, 17.759 ], [ 104.333, 17.788 ], [ 104.308, 17.796 ], [ 104.278, 17.791 ], [ 104.257, 17.813 ], [ 104.234, 17.809 ], [ 104.233, 17.824 ], [ 104.218, 17.83 ], [ 104.212, 17.841 ], [ 104.201, 17.842 ], [ 104.2, 17.854 ], [ 104.184, 17.859 ], [ 104.18, 17.898 ], [ 104.188, 17.907 ], [ 104.175, 17.925 ], [ 104.123, 17.966 ], [ 104.111, 17.955 ], [ 104.079, 17.954 ], [ 104.055, 17.981 ], [ 104.041, 18.029 ], [ 104.006, 18.058 ], [ 103.984, 18.063 ], [ 103.98, 18.09 ], [ 103.998, 18.112 ], [ 104.017, 18.117 ], [ 104.012, 18.152 ], [ 104.017, 18.16 ], [ 103.996, 18.175 ], [ 103.983, 18.211 ], [ 103.959, 18.23 ], [ 103.925, 18.275 ], [ 103.941, 18.28 ], [ 103.947, 18.295 ], [ 103.973, 18.284 ], [ 103.992, 18.293 ], [ 103.987, 18.301 ], [ 103.996, 18.313 ], [ 104.008, 18.317 ], [ 104.037, 18.29 ], [ 104.098, 18.213 ], [ 104.108, 18.227 ], [ 104.104, 18.232 ], [ 104.15, 18.246 ] ] ] } },
{ "type": "Feature", "properties": { "hybas_id": 4071108020, "next_down": 4071108740, "main_bas": 4070017020, "sub_area": 6352.3, "up_area": 14498.1, "th_share": 1.0 }, "geometry": { "type": "Polygon", "coordinates": [ [ [ 101.513, 15.058 ], [ 101.49, 15.074 ], [ 101.462, 15.08 ], [ 101.443, 15.074 ], [ 101.441, 15.08 ], [ 101.458, 15.098 ], [ 101.476, 15.138 ], [ 101.455, 15.159 ], [ 101.45, 15.169 ], [ 101.455, 15.176 ], [ 101.442, 15.184 ], [ 101.433, 15.213 ], [ 101.454, 15.248 ], [ 101.455, 15.311 ], [ 101.467, 15.329 ], [ 101.482, 15.324 ], [ 101.5, 15.304 ], [ 101.566, 15.313 ], [ 101.571, 15.329 ], [ 101.6, 15.317 ], [ 101.605, 15.336 ], [ 101.633, 15.352 ], [ 101.638, 15.375 ], [ 101.649, 15.37 ], [ 101.681, 15.376 ], [ 101.702, 15.384 ], [ 101.72, 15.401 ], [ 101.758, 15.383 ], [ 101.777, 15.384 ], [ 101.789, 15.395 ], [ 101.827, 15.401 ], [ 101.846, 15.413 ], [ 101.867, 15.404 ], [ 101.9, 15.404 ], [ 101.925, 15.454 ], [ 101.935, 15.459 ], [ 101.964, 15.454 ], [ 101.986, 15.459 ], [ 101.992, 15.467 ], [ 102.037, 15.441 ], [ 102.046, 15.417 ], [ 102.069, 15.417 ], [ 102.081, 15.429 ], [ 102.102, 15.417 ], [ 102.118, 15.433 ], [ 102.152, 15.442 ], [ 102.18, 15.468 ], [ 102.176, 15.487 ], [ 102.189, 15.495 ], [ 102.204, 15.496 ], [ 102.222, 15.459 ], [ 102.254, 15.449 ], [ 102.268, 15.426 ], [ 102.283, 15.415 ], [ 102.297, 15.375 ], [ 102.308, 15.371 ], [ 102.3, 15.335 ], [ 102.333, 15.323 ], [ 102.338, 15.285 ], [ 102.409, 15.274 ], [ 102.442, 15.28 ], [ 102.461, 15.274 ], [ 102.463, 15.279 ], [ 102.471, 15.271 ], [ 102.509, 15.293 ], [ 102.504, 15.299 ], [ 102.516, 15.305 ], [ 102.526, 15.337 ], [ 102.54, 15.345 ], [ 102.547, 15.341 ], [ 102.556, 15.346 ], [ 102.574, 15.363 ], [ 102.592, 15.396 ], [ 102.624, 15.405 ], [ 102.634, 15.424 ], [ 102.687, 15.421 ], [ 102.705, 15.442 ], [ 102.716, 15.441 ], [ 102.718, 15.433 ], [ 102.729, 15.438 ], [ 102.742, 15.432 ], [ 102.737, 15.413 ], [ 102.742, 15.367 ], [ 102.718, 15.376 ], [ 102.716, 15.368 ], [ 102.697, 15.357 ], [ 102.68, 15.34 ], [ 102.658, 15.294 ], [ 102.626, 15.261 ], [ 102.624, 15.239 ], [ 102.613, 15.219 ], [ 102.617, 15.199 ], [ 102.607, 15.18 ], [ 102.58, 15.152 ], [ 102.579, 15.138 ], [ 102.567, 15.115 ], [ 102.57, 15.098 ], [ 102.558, 15.067 ], [ 102.57, 15.04 ], [ 102.572, 15.009 ], [ 102.596, 14.996 ], [ 102.591, 14.988 ], [ 102.596, 14.983 ], [ 102.596, 14.95 ], [ 102.587, 14.918 ], [ 102.58, 14.911 ], [ 102.579, 14.893 ], [ 102.546, 14.879 ], [ 102.542, 14.86 ], [ 102.56, 14.838 ], [ 102.571, 14.838 ], [ 102.567, 14.819 ], [ 102.576, 14.801 ], [ 102.592, 14.796 ], [ 102.596, 14.769 ], [ 102.587, 14.76 ], [ 102.588, 14.752 ], [ 102.617, 14.704 ], [ 102.603, 14.688 ], [ 102.584, 14.682 ], [ 102.582, 14.676 ], [ 102.542, 14.667 ], [ 102.546, 14.635 ], [ 102.522, 14.624 ], [ 102.467, 14.556 ], [ 102.462, 14.523 ], [ 102.426, 14.491 ], [ 102.425, 14.479 ], [ 102.413, 14.493 ], [ 102.408, 14.518 ], [ 102.42, 14.535 ], [ 102.425, 14.577 ], [ 102.419, 14.583 ], [ 102.398, 14.588 ], [ 102.373, 14.605 ], [ 102.367, 14.625 ], [ 102.335, 14.62 ], [ 102.315, 14.608 ], [ 102.29, 14.62 ], [ 102.25, 14.625 ], [ 102.266, 14.656 ], [ 102.271, 14.685 ], [ 102.266, 14.706 ], [ 102.272, 14.72 ], [ 102.291, 14.725 ], [ 102.292, 14.742 ], [ 102.28, 14.76 ], [ 102.28, 14.773 ], [ 102.288, 14.815 ], [ 102.304, 14.843 ], [ 102.308, 14.892 ], [ 102.325, 14.902 ], [ 102.325, 14.913 ], [ 102.301, 14.922 ], [ 102.295, 14.94 ], [ 102.313, 14.951 ], [ 102.301, 14.964 ], [ 102.299, 14.981 ], [ 102.279, 15.003 ], [ 102.254, 15.013 ], [ 102.245, 15.036 ], [ 102.232, 15.049 ], [ 102.212, 15.045 ], [ 102.203, 15.051 ], [ 102.194, 15.042 ], [ 102.174, 15.046 ], [ 102.168, 15.041 ], [ 102.146, 15.079 ], [ 102.135, 15.079 ], [ 102.121, 15.061 ], [ 102.125, 15.05 ], [ 102.11, 15.038 ], [ 102.091, 15.042 ], [ 102.083, 15.03 ], [ 102.073, 15.033 ], [ 102.065, 15.026 ], [ 102.031, 15.025 ], [ 102.019, 15.033 ], [ 102.011, 15.025 ], [ 101.996, 15.029 ], [ 101.991, 15.017 ], [ 101.976, 15.012 ], [ 101.969, 15.001 ], [ 101.939, 14.999 ], [ 101.917, 14.983 ], [ 101.898, 14.995 ], [ 101.881, 14.996 ], [ 101.869, 15.008 ], [ 101.83, 15.009 ], [ 101.828, 15.016 ], [ 101.813, 15.021 ], [ 101.812, 15.028 ], [ 101.788, 15.042 ], [ 101.783, 15.063 ], [ 101.775, 15.071 ], [ 101.757, 15.079 ], [ 101.738, 15.074 ], [ 101.737, 15.068 ], [ 101.723, 15.062 ], [ 101.715, 15.067 ], [ 101.694, 15.062 ], [ 101.686, 15.07 ], [ 101.644, 15.075 ], [ 101.63, 15.07 ], [ 101.612, 15.038 ], [ 101.587, 15.037 ], [ 101.578, 15.042 ], [ 101.558, 15.017 ], [ 101.543, 15.016 ], [ 101.515, 15.0 ], [ 101.492, 15.013 ], [ 101.496, 15.026 ], [ 101.493, 15.037 ], [ 101.508, 15.043 ], [ 101.513, 15.058 ] ] ] } },
{ "type": "Feature", "properties": { "hybas_id": 4071108070, "next_down": 4071108740, "main_bas": 4070017020, "sub_area": 5919.3, "up_area": 5919.3, "th_share": 1.0 }, "geometry": { "type": "Polygon", "coordinates": [ [ [ 102.954, 14.367 ], [ 102.955, 14.352 ], [ 102.966, 14.336 ], [ 102.976, 14.3 ], [ 103.029, 14.258 ], [ 103.033, 14.246 ], [ 102.994, 14.217 ], [ 102.959, 14.212 ], [ 102.953, 14.201 ], [ 102.938, 14.196 ], [ 102.929, 14.179 ], [ 102.907, 14.171 ], [ 102.877, 14.175 ], [ 102.87, 14.155 ], [ 102.86, 14.154 ], [ 102.857, 14.162 ], [ 102.835, 14.17 ], [ 102.829, 14.167 ], [ 102.803, 14.176 ], [ 102.773, 14.162 ], [ 102.757, 14.142 ], [ 102.731, 14.145 ], [ 102.696, 14.138 ], [ 102.665, 14.162 ], [ 102.653, 14.163 ], [ 102.641, 14.15 ], [ 102.62, 14.17 ], [ 102.603, 14.171 ], [ 102.591, 14.159 ], [ 102.577, 14.158 ], [ 102.547, 14.137 ], [ 102.514, 14.141 ], [ 102.504, 14.133 ], [ 102.485, 14.142 ], [ 102.482, 14.134 ], [ 102.467, 14.129 ], [ 102.452, 14.141 ], [ 102.434, 14.142 ], [ 102.423, 14.158 ], [ 102.401, 14.145 ], [ 102.363, 14.154 ], [ 102.35, 14.13 ], [ 102.33, 14.12 ], [ 102.328, 14.129 ], [ 102.303, 14.124 ], [ 102.29, 14.137 ], [ 102.276, 14.138 ], [ 102.269, 14.15 ], [ 102.256, 14.142 ], [ 102.244, 14.149 ], [ 102.218, 14.151 ], [ 102.212, 14.163 ], [ 102.213, 14.175 ], [ 102.228, 14.176 ], [ 102.23, 14.183 ], [ 102.266, 14.184 ], [ 102.267, 14.198 ], [ 102.279, 14.213 ], [ 102.283, 14.244 ], [ 102.274, 14.262 ], [ 102.256, 14.259 ], [ 102.234, 14.268 ], [ 102.234, 14.279 ], [ 102.245, 14.285 ], [ 102.246, 14.298 ], [ 102.302, 14.329 ], [ 102.328, 14.334 ], [ 102.338, 14.373 ], [ 102.354, 14.396 ], [ 102.425, 14.392 ], [ 102.426, 14.383 ], [ 102.437, 14.388 ], [ 102.437, 14.427 ], [ 102.425, 14.458 ], [ 102.426, 14.491 ], [ 102.462, 14.523 ], [ 102.467, 14.556 ], [ 102.522, 14.624 ], [ 102.546, 14.635 ], [ 102.542, 14.667 ], [ 102.582, 14.676 ], [ 102.584, 14.682 ], [ 102.603, 14.688 ], [ 102.617, 14.704 ], [ 102.588, 14.752 ], [ 102.587, 14.76 ], [ 102.596, 14.769 ], [ 102.592, 14.796 ], [ 102.576, 14.801 ], [ 102.567, 14.819 ], [ 102.571, 14.838 ], [ 102.56, 14.838 ], [ 102.542, 14.86 ], [ 102.546, 14.879 ], [ 102.579, 14.893 ], [ 102.58, 14.911 ], [ 102.587, 14.918 ], [ 102.596, 14.95 ], [ 102.596, 14.983 ], [ 102.591, 14.988 ], [ 102.596, 14.996 ], [ 102.572, 15.009 ], [ 102.57, 15.04 ], [ 102.558, 15.067 ], [ 102.57, 15.098 ], [ 102.567, 15.115 ], [ 102.579, 15.138 ], [ 102.58, 15.152 ], [ 102.607, 15.18 ], [ 102.617, 15.199 ], [ 102.613, 15.219 ], [ 102.624, 15.239 ], [ 102.626, 15.261 ], [ 102.658, 15.294 ], [ 102.68, 15.34 ], [ 102.716, 15.368 ], [ 102.718, 15.376 ], [ 102.735, 15.367 ], [ 102.745, 15.37 ], [ 102.78, 15.326 ], [ 102.77, 15.297 ], [ 102.788, 15.264 ], [ 102.78, 15.197 ], [ 102.796, 15.192 ], [ 102.829, 15.142 ], [ 102.84, 15.146 ], [ 102.858, 15.138 ], [ 102.875, 15.085 ], [ 102.871, 15.063 ], [ 102.891, 15.049 ], [ 102.899, 15.031 ], [ 102.9, 15.006 ], [ 102.921, 14.985 ], [ 102.917, 14.973 ], [ 102.933, 14.925 ], [ 102.925, 14.915 ], [ 102.93, 14.887 ], [ 102.921, 14.873 ], [ 102.92, 14.841 ], [ 102.937, 14.811 ], [ 102.942, 14.772 ], [ 102.958, 14.742 ], [ 102.958, 14.718 ], [ 102.95, 14.704 ], [ 102.963, 14.692 ], [ 102.954, 14.622 ], [ 102.92, 14.603 ], [ 102.934, 14.588 ], [ 102.929, 14.576 ], [ 102.934, 14.563 ], [ 102.946, 14.557 ], [ 102.941, 14.551 ], [ 102.945, 14.534 ], [ 102.929, 14.525 ], [ 102.93, 14.49 ], [ 102.934, 14.48 ], [ 102.953, 14.478 ], [ 102.964, 14.451 ], [ 102.979, 14.45 ], [ 102.988, 14.438 ], [ 102.987, 14.418 ], [ 102.974, 14.411 ], [ 102.979, 14.397 ], [ 102.971, 14.395 ], [ 102.97, 14.38 ], [ 102.954, 14.367 ] ] ] } },
{ "type": "Feature", "properties": { "hybas_id": 4071080370, "next_down": 4071080170, "main_bas": 4070017020, "sub_area": 3305.1, "up_area": 3305.1, "th_share": 1.0 }, "geometry": { "type": "Polygon", "coordinates": [ [ [ 103.975, 17.067 ], [ 103.979, 17.027 ], [ 103.953, 16.976 ], [ 103.946, 16.971 ], [ 103.908, 16.976 ], [ 103.883, 16.93 ], [ 103.872, 16.929 ], [ 103.87, 16.937 ], [ 103.862, 16.938 ], [ 103.838, 16.921 ], [ 103.837, 16.909 ], [ 103.784, 16.909 ], [ 103.783, 16.946 ], [ 103.791, 16.961 ], [ 103.778, 16.974 ], [ 103.767, 16.971 ], [ 103.758, 16.982 ], [ 103.73, 16.988 ], [ 103.737, 17.002 ], [ 103.733, 17.02 ], [ 103.714, 17.022 ], [ 103.698, 17.042 ], [ 103.686, 17.034 ], [ 103.658, 17.033 ], [ 103.667, 17.063 ], [ 103.658, 17.076 ], [ 103.671, 17.105 ], [ 103.666, 17.116 ], [ 103.638, 17.122 ], [ 103.598, 17.175 ], [ 103.577, 17.155 ], [ 103.488, 17.204 ], [ 103.467, 17.231 ], [ 103.471, 17.254 ], [ 103.506, 17.249 ], [ 103.537, 17.233 ], [ 103.562, 17.252 ], [ 103.567, 17.266 ], [ 103.563, 17.277 ], [ 103.579, 17.294 ], [ 103.58, 17.304 ], [ 103.587, 17.299 ], [ 103.6, 17.304 ], [ 103.592, 17.321 ], [ 103.592, 17.336 ], [ 103.616, 17.369 ], [ 103.621, 17.429 ], [ 103.616, 17.434 ], [ 103.621, 17.453 ], [ 103.613, 17.455 ], [ 103.6, 17.492 ], [ 103.624, 17.505 ], [ 103.626, 17.513 ], [ 103.641, 17.504 ], [ 103.643, 17.512 ], [ 103.653, 17.516 ], [ 103.67, 17.499 ], [ 103.708, 17.509 ], [ 103.736, 17.505 ], [ 103.757, 17.512 ], [ 103.795, 17.499 ], [ 103.802, 17.488 ], [ 103.827, 17.492 ], [ 103.842, 17.483 ], [ 103.852, 17.467 ], [ 103.866, 17.466 ], [ 103.868, 17.459 ], [ 103.891, 17.449 ], [ 103.9, 17.438 ], [ 103.923, 17.433 ], [ 103.939, 17.454 ], [ 103.944, 17.45 ], [ 103.96, 17.47 ], [ 103.974, 17.476 ], [ 103.986, 17.471 ], [ 104.0, 17.485 ], [ 103.979, 17.508 ], [ 103.995, 17.527 ], [ 103.997, 17.541 ], [ 104.007, 17.542 ], [ 104.014, 17.558 ], [ 104.062, 17.562 ], [ 104.068, 17.551 ], [ 104.1, 17.546 ], [ 104.105, 17.56 ], [ 104.1, 17.588 ], [ 104.108, 17.592 ], [ 104.154, 17.583 ], [ 104.187, 17.584 ], [ 104.201, 17.608 ], [ 104.197, 17.628 ], [ 104.212, 17.63 ], [ 104.218, 17.646 ], [ 104.228, 17.645 ], [ 104.229, 17.638 ], [ 104.238, 17.638 ], [ 104.233, 17.581 ], [ 104.201, 17.553 ], [ 104.195, 17.53 ], [ 104.188, 17.528 ], [ 104.197, 17.5 ], [ 104.208, 17.495 ], [ 104.208, 17.488 ], [ 104.25, 17.496 ], [ 104.25, 17.485 ], [ 104.26, 17.475 ], [ 104.289, 17.463 ], [ 104.317, 17.463 ], [ 104.333, 17.45 ], [ 104.328, 17.422 ], [ 104.31, 17.405 ], [ 104.297, 17.403 ], [ 104.292, 17.383 ], [ 104.28, 17.377 ], [ 104.279, 17.368 ], [ 104.263, 17.358 ], [ 104.258, 17.348 ], [ 104.263, 17.318 ], [ 104.279, 17.292 ], [ 104.263, 17.291 ], [ 104.258, 17.283 ], [ 104.237, 17.292 ], [ 104.188, 17.288 ], [ 104.165, 17.317 ], [ 104.133, 17.304 ], [ 104.109, 17.318 ], [ 104.108, 17.332 ], [ 104.098, 17.337 ], [ 104.087, 17.318 ], [ 104.054, 17.298 ], [ 104.058, 17.252 ], [ 104.046, 17.227 ], [ 104.05, 17.21 ], [ 104.03, 17.19 ], [ 104.029, 17.168 ], [ 104.013, 17.162 ], [ 103.992, 17.14 ], [ 104.004, 17.133 ], [ 104.004, 17.125 ], [ 103.996, 17.119 ], [ 103.999, 17.083 ], [ 103.984, 17.087 ], [ 103.975, 17.067 ] ] ] } },
{ "type": "Feature", "properties": { "hybas_id": 4071080340, "next_down": 4071080170, "main_bas": 4070017020, "sub_area": 248.8, "up_area": 8674.7, "th_share": 1.0 }, "geometry": { "type": "Polygon", "coordinates": [ [ [ 104.246, 17.655 ], [ 104.242, 17.638 ], [ 104.229, 17.638 ], [ 104.228, 17.645 ], [ 104.218, 17.646 ], [ 104.212, 17.63 ], [ 104.197, 17.628 ], [ 104.201, 17.608 ], [ 104.187, 17.584 ], [ 104.154, 17.583 ], [ 104.108, 17.592 ], [ 104.12, 17.615 ], [ 104.109, 17.641 ], [ 104.129, 17.656 ], [ 104.101, 17.671 ], [ 104.109, 17.693 ], [ 104.103, 17.699 ], [ 104.077, 17.705 ], [ 104.071, 17.713 ], [ 104.095, 17.739 ], [ 104.096, 17.762 ], [ 104.105, 17.764 ], [ 104.101, 17.795 ], [ 104.11, 17.804 ], [ 104.124, 17.794 ], [ 104.126, 17.784 ], [ 104.156, 17.774 ], [ 104.229, 17.72 ], [ 104.225, 17.694 ], [ 104.246, 17.655 ] ] ] } },
{ "type": "Feature", "properties": { "hybas_id": 4071096750, "next_down": 4071098480, "main_bas": 4070017020, "sub_area": 57.9, "up_area": 15117.9, "th_share": 1.0 }, "geometry": { "type": "Polygon", "coordinates": [ [ [ 102.954, 16.367 ], [ 102.95, 16.377 ], [ 102.921, 16.402 ], [ 102.921, 16.415 ], [ 102.94, 16.425 ], [ 102.956, 16.445 ], [ 102.985, 16.454 ], [ 103.002, 16.442 ], [ 103.021, 16.438 ], [ 103.0, 16.419 ], [ 103.005, 16.413 ], [ 102.996, 16.383 ], [ 102.973, 16.379 ], [ 102.954, 16.367 ] ] ] } },
{ "type": "Feature", "properties": { "hybas_id": 4071096740, "next_down": 4071098480, "main_bas": 4070017020, "sub_area": 5267.0, "up_area": 13810.7, "th_share": 1.0 }, "geometry": { "type": "Polygon", "coordinates": [ [ [ 102.088, 16.05 ], [ 102.112, 16.16 ], [ 102.113, 16.202 ], [ 102.121, 16.216 ], [ 102.116, 16.232 ], [ 102.142, 16.25 ], [ 102.142, 16.267 ], [ 102.162, 16.262 ], [ 102.163, 16.251 ], [ 102.177, 16.242 ], [ 102.202, 16.245 ], [ 102.233, 16.229 ], [ 102.241, 16.234 ], [ 102.256, 16.23 ], [ 102.273, 16.234 ], [ 102.307, 16.25 ], [ 102.343, 16.225 ], [ 102.395, 16.222 ], [ 102.417, 16.258 ], [ 102.413, 16.269 ], [ 102.425, 16.307 ], [ 102.45, 16.348 ], [ 102.455, 16.387 ], [ 102.462, 16.392 ], [ 102.475, 16.388 ], [ 102.476, 16.372 ], [ 102.517, 16.35 ], [ 102.526, 16.366 ], [ 102.541, 16.376 ], [ 102.549, 16.394 ], [ 102.559, 16.457 ], [ 102.579, 16.463 ], [ 102.593, 16.487 ], [ 102.608, 16.493 ], [ 102.604, 16.522 ], [ 102.609, 16.532 ], [ 102.597, 16.538 ], [ 102.588, 16.554 ], [ 102.579, 16.638 ], [ 102.589, 16.645 ], [ 102.621, 16.654 ], [ 102.621, 16.631 ], [ 102.638, 16.598 ], [ 102.658, 16.575 ], [ 102.665, 16.579 ], [ 102.703, 16.562 ], [ 102.705, 16.549 ], [ 102.721, 16.552 ], [ 102.777, 16.488 ], [ 102.816, 16.478 ], [ 102.817, 16.455 ], [ 102.833, 16.445 ], [ 102.834, 16.434 ], [ 102.845, 16.424 ], [ 102.858, 16.43 ], [ 102.915, 16.416 ], [ 102.921, 16.402 ], [ 102.95, 16.377 ], [ 102.946, 16.333 ], [ 102.933, 16.318 ], [ 102.917, 16.312 ], [ 102.916, 16.285 ], [ 102.908, 16.271 ], [ 102.892, 16.262 ], [ 102.878, 16.222 ], [ 102.868, 16.22 ], [ 102.858, 16.201 ], [ 102.846, 16.2 ], [ 102.845, 16.181 ], [ 102.837, 16.164 ], [ 102.846, 16.139 ], [ 102.867, 16.125 ], [ 102.858, 16.089 ], [ 102.846, 16.073 ], [ 102.898, 16.021 ], [ 102.911, 16.025 ], [ 102.929, 16.017 ], [ 102.928, 16.005 ], [ 102.889, 15.991 ], [ 102.883, 15.976 ], [ 102.855, 15.957 ], [ 102.853, 15.947 ], [ 102.841, 15.934 ], [ 102.81, 15.942 ], [ 102.792, 15.938 ], [ 102.785, 15.93 ], [ 102.78, 15.934 ], [ 102.755, 15.924 ], [ 102.74, 15.904 ], [ 102.709, 15.909 ], [ 102.679, 15.896 ], [ 102.661, 15.908 ], [ 102.648, 15.904 ], [ 102.612, 15.913 ], [ 102.603, 15.901 ], [ 102.581, 15.899 ], [ 102.567, 15.891 ], [ 102.557, 15.859 ], [ 102.508, 15.838 ], [ 102.505, 15.818 ], [ 102.512, 15.806 ], [ 102.491, 15.773 ], [ 102.496, 15.765 ], [ 102.484, 15.752 ], [ 102.482, 15.726 ], [ 102.446, 15.721 ], [ 102.437, 15.701 ], [ 102.442, 15.684 ], [ 102.365, 15.692 ], [ 102.357, 15.684 ], [ 102.327, 15.679 ], [ 102.317, 15.688 ], [ 102.294, 15.646 ], [ 102.258, 15.633 ], [ 102.254, 15.649 ], [ 102.23, 15.663 ], [ 102.224, 15.683 ], [ 102.216, 15.684 ], [ 102.203, 15.674 ], [ 102.179, 15.688 ], [ 102.184, 15.706 ], [ 102.171, 15.718 ], [ 102.175, 15.739 ], [ 102.167, 15.746 ], [ 102.166, 15.761 ], [ 102.155, 15.777 ], [ 102.159, 15.805 ], [ 102.15, 15.815 ], [ 102.154, 15.819 ], [ 102.141, 15.861 ], [ 102.129, 15.875 ], [ 102.133, 15.888 ], [ 102.145, 15.888 ], [ 102.147, 15.895 ], [ 102.158, 15.896 ], [ 102.166, 15.906 ], [ 102.159, 15.918 ], [ 102.158, 15.957 ], [ 102.146, 15.968 ], [ 102.145, 15.979 ], [ 102.102, 15.992 ], [ 102.098, 15.988 ], [ 102.092, 15.993 ], [ 102.088, 16.05 ] ] ] } },
{ "type": "Feature", "properties": { "hybas_id": 4071096270, "next_down": 4071096750, "main_bas": 4070017020, "sub_area": 627.7, "up_area": 627.7, "th_share": 1.0 }, "geometry": { "type": "Polygon", "coordinates": [ [ [ 103.042, 16.613 ], [ 103.037, 16.623 ], [ 103.054, 16.685 ], [ 103.046, 16.696 ], [ 103.064, 16.708 ], [ 103.083, 16.708 ], [ 103.088, 16.752 ], [ 103.083, 16.756 ], [ 103.1, 16.794 ], [ 103.104, 16.8 ], [ 103.149, 16.805 ], [ 103.155, 16.82 ], [ 103.17, 16.826 ], [ 103.171, 16.836 ], [ 103.158, 16.852 ], [ 103.163, 16.863 ], [ 103.188, 16.863 ], [ 103.192, 16.83 ], [ 103.187, 16.792 ], [ 103.192, 16.784 ], [ 103.175, 16.76 ], [ 103.18, 16.734 ], [ 103.175, 16.708 ], [ 103.191, 16.677 ], [ 103.192, 16.633 ], [ 103.171, 16.594 ], [ 103.183, 16.565 ], [ 103.175, 16.529 ], [ 103.15, 16.529 ], [ 103.141, 16.489 ], [ 103.128, 16.472 ], [ 103.109, 16.466 ], [ 103.102, 16.455 ], [ 103.079, 16.45 ], [ 103.079, 16.465 ], [ 103.052, 16.48 ], [ 103.03, 16.465 ], [ 103.033, 16.456 ], [ 103.021, 16.438 ], [ 103.002, 16.442 ], [ 102.985, 16.454 ], [ 102.956, 16.445 ], [ 102.94, 16.425 ], [ 102.933, 16.425 ], [ 102.938, 16.43 ], [ 102.929, 16.445 ], [ 102.93, 16.474 ], [ 102.95, 16.483 ], [ 102.974, 16.513 ], [ 102.98, 16.541 ], [ 102.988, 16.543 ], [ 102.984, 16.565 ], [ 102.999, 16.585 ], [ 103.001, 16.603 ], [ 103.009, 16.613 ], [ 103.016, 16.608 ], [ 103.042, 16.613 ] ] ] } },
{ "type": "Feature", "properties": { "hybas_id": 4071096260, "next_down": 4071096750, "main_bas": 4070017020, "sub_area": 1292.6, "up_area": 14432.4, "th_share": 1.0 }, "geometry": { "type": "Polygon", "coordinates": [ [ [ 103.046, 16.842 ], [ 103.065, 16.841 ], [ 103.08, 16.818 ], [ 103.104, 16.8 ], [ 103.083, 16.756 ], [ 103.088, 16.752 ], [ 103.083, 16.708 ], [ 103.064, 16.708 ], [ 103.046, 16.696 ], [ 103.054, 16.685 ], [ 103.037, 16.623 ], [ 103.042, 16.613 ], [ 103.016, 16.608 ], [ 103.009, 16.613 ], [ 103.001, 16.603 ], [ 102.999, 16.585 ], [ 102.984, 16.565 ], [ 102.988, 16.543 ], [ 102.98, 16.541 ], [ 102.974, 16.513 ], [ 102.95, 16.483 ], [ 102.93, 16.474 ], [ 102.929, 16.445 ], [ 102.938, 16.43 ], [ 102.921, 16.413 ], [ 102.858, 16.43 ], [ 102.845, 16.424 ], [ 102.834, 16.434 ], [ 102.833, 16.445 ], [ 102.817, 16.455 ], [ 102.816, 16.478 ], [ 102.777, 16.488 ], [ 102.721, 16.552 ], [ 102.705, 16.549 ], [ 102.703, 16.562 ], [ 102.665, 16.579 ], [ 102.658, 16.575 ], [ 102.638, 16.598 ], [ 102.633, 16.613 ], [ 102.645, 16.608 ], [ 102.686, 16.617 ], [ 102.702, 16.633 ], [ 102.725, 16.638 ], [ 102.726, 16.645 ], [ 102.751, 16.67 ], [ 102.758, 16.671 ], [ 102.758, 16.678 ], [ 102.751, 16.68 ], [ 102.746, 16.706 ], [ 102.767, 16.722 ], [ 102.767, 16.733 ], [ 102.783, 16.734 ], [ 102.797, 16.762 ], [ 102.817, 16.772 ], [ 102.831, 16.795 ], [ 102.866, 16.809 ], [ 102.881, 16.833 ], [ 102.957, 16.842 ], [ 103.017, 16.871 ], [ 103.036, 16.858 ], [ 103.046, 16.842 ] ] ] } },
{ "type": "Feature", "properties": { "hybas_id": 4071079370, "next_down": 4071080340, "main_bas": 4070017020, "sub_area": 1769.4, "up_area": 1769.6, "th_share": 1.0 }, "geometry": { "type": "Polygon", "coordinates": [ [ [ 103.795, 17.499 ], [ 103.748, 17.513 ], [ 103.736, 17.505 ], [ 103.708, 17.509 ], [ 103.67, 17.499 ], [ 103.65, 17.517 ], [ 103.641, 17.504 ], [ 103.626, 17.513 ], [ 103.624, 17.505 ], [ 103.601, 17.495 ], [ 103.613, 17.455 ], [ 103.621, 17.453 ], [ 103.616, 17.434 ], [ 103.621, 17.429 ], [ 103.616, 17.369 ], [ 103.592, 17.336 ], [ 103.592, 17.321 ], [ 103.6, 17.304 ], [ 103.587, 17.299 ], [ 103.58, 17.304 ], [ 103.579, 17.294 ], [ 103.563, 17.277 ], [ 103.567, 17.266 ], [ 103.562, 17.252 ], [ 103.547, 17.245 ], [ 103.542, 17.235 ], [ 103.506, 17.249 ], [ 103.471, 17.254 ], [ 103.413, 17.292 ], [ 103.413, 17.307 ], [ 103.42, 17.309 ], [ 103.426, 17.327 ], [ 103.46, 17.371 ], [ 103.488, 17.367 ], [ 103.502, 17.375 ], [ 103.507, 17.371 ], [ 103.52, 17.389 ], [ 103.509, 17.402 ], [ 103.499, 17.437 ], [ 103.483, 17.446 ], [ 103.484, 17.457 ], [ 103.5, 17.473 ], [ 103.496, 17.494 ], [ 103.5, 17.514 ], [ 103.492, 17.542 ], [ 103.542, 17.547 ], [ 103.538, 17.57 ], [ 103.554, 17.581 ], [ 103.563, 17.611 ], [ 103.575, 17.617 ], [ 103.567, 17.646 ], [ 103.579, 17.656 ], [ 103.575, 17.668 ], [ 103.584, 17.683 ], [ 103.65, 17.713 ], [ 103.666, 17.703 ], [ 103.672, 17.688 ], [ 103.688, 17.675 ], [ 103.728, 17.692 ], [ 103.735, 17.709 ], [ 103.748, 17.7 ], [ 103.764, 17.712 ], [ 103.8, 17.721 ], [ 103.827, 17.704 ], [ 103.84, 17.705 ], [ 103.854, 17.714 ], [ 103.85, 17.736 ], [ 103.859, 17.752 ], [ 103.879, 17.763 ], [ 103.91, 17.738 ], [ 103.927, 17.733 ], [ 103.948, 17.713 ], [ 103.957, 17.716 ], [ 103.968, 17.705 ], [ 103.998, 17.7 ], [ 104.024, 17.709 ], [ 104.061, 17.696 ], [ 104.071, 17.708 ], [ 104.094, 17.704 ], [ 104.109, 17.693 ], [ 104.101, 17.671 ], [ 104.129, 17.656 ], [ 104.108, 17.637 ], [ 104.12, 17.615 ], [ 104.107, 17.588 ], [ 104.1, 17.588 ], [ 104.105, 17.56 ], [ 104.1, 17.546 ], [ 104.068, 17.551 ], [ 104.062, 17.562 ], [ 104.014, 17.558 ], [ 104.007, 17.542 ], [ 103.997, 17.541 ], [ 103.995, 17.527 ], [ 103.979, 17.508 ], [ 104.0, 17.485 ], [ 103.986, 17.471 ], [ 103.974, 17.476 ], [ 103.96, 17.47 ], [ 103.944, 17.45 ], [ 103.939, 17.454 ], [ 103.923, 17.433 ], [ 103.9, 17.438 ], [ 103.891, 17.449 ], [ 103.868, 17.459 ], [ 103.866, 17.466 ], [ 103.852, 17.467 ], [ 103.842, 17.483 ], [ 103.827, 17.492 ], [ 103.802, 17.488 ], [ 103.795, 17.499 ] ] ] } },
{ "type": "Feature", "properties": { "hybas_id": 4071079250, "next_down": 4071080340, "main_bas": 4070017020, "sub_area": 155.8, "up_area": 6656.2, "th_share": 1.0 }, "geometry": { "type": "Polygon", "coordinates": [ [ [ 103.979, 17.704 ], [ 103.987, 17.71 ], [ 103.983, 17.717 ], [ 103.993, 17.741 ], [ 104.008, 17.742 ], [ 104.004, 17.792 ], [ 104.012, 17.806 ], [ 104.0, 17.824 ], [ 104.019, 17.817 ], [ 104.039, 17.837 ], [ 104.052, 17.838 ], [ 104.063, 17.867 ], [ 104.086, 17.858 ], [ 104.104, 17.84 ], [ 104.105, 17.818 ], [ 104.113, 17.804 ], [ 104.101, 17.795 ], [ 104.105, 17.764 ], [ 104.096, 17.762 ], [ 104.095, 17.739 ], [ 104.087, 17.727 ], [ 104.061, 17.696 ], [ 104.036, 17.708 ], [ 103.998, 17.7 ], [ 103.979, 17.704 ] ] ] } },
{ "type": "Feature", "properties": { "hybas_id": 4071071310, "next_down": 4071080120, "main_bas": 4070017020, "sub_area": 324.3, "up_area": 339970.6, "th_share": 0.16 }, "geometry": { "type": "Polygon", "coordinates": [ [ [ 103.742, 18.5 ], [ 103.755, 18.532 ], [ 103.777, 18.541 ], [ 103.87, 18.47 ], [ 103.992, 18.346 ], [ 103.996, 18.313 ], [ 103.987, 18.301 ], [ 103.992, 18.293 ], [ 103.973, 18.284 ], [ 103.947, 18.295 ], [ 103.941, 18.28 ], [ 103.925, 18.275 ], [ 103.915, 18.287 ], [ 103.895, 18.279 ], [ 103.88, 18.292 ], [ 103.875, 18.283 ], [ 103.871, 18.302 ], [ 103.879, 18.321 ], [ 103.851, 18.326 ], [ 103.808, 18.431 ], [ 103.787, 18.454 ], [ 103.767, 18.458 ], [ 103.725, 18.495 ], [ 103.742, 18.5 ] ] ] } },
{ "type": "Feature", "properties": { "hybas_id": 4071112220, "next_down": 4071108020, "main_bas": 4070017020, "sub_area": 3325.3, "up_area": 3325.4, "th_share": 1.0 }, "geometry": { "type": "Polygon", "coordinates": [ [ [ 102.125, 15.05 ], [ 102.121, 15.061 ], [ 102.13, 15.073 ], [ 102.146, 15.079 ], [ 102.163, 15.043 ], [ 102.194, 15.042 ], [ 102.203, 15.051 ], [ 102.212, 15.045 ], [ 102.232, 15.049 ], [ 102.258, 15.013 ], [ 102.244, 14.996 ], [ 102.226, 14.995 ], [ 102.22, 14.984 ], [ 102.21, 14.983 ], [ 102.203, 14.968 ], [ 102.163, 14.952 ], [ 102.162, 14.923 ], [ 102.154, 14.898 ], [ 102.136, 14.875 ], [ 102.106, 14.87 ], [ 102.096, 14.858 ], [ 102.056, 14.866 ], [ 102.034, 14.857 ], [ 102.025, 14.838 ], [ 101.96, 14.833 ], [ 101.945, 14.821 ], [ 101.927, 14.82 ], [ 101.913, 14.812 ], [ 101.908, 14.797 ], [ 101.877, 14.788 ], [ 101.872, 14.792 ], [ 101.848, 14.776 ], [ 101.84, 14.779 ], [ 101.815, 14.759 ], [ 101.786, 14.746 ], [ 101.773, 14.762 ], [ 101.744, 14.758 ], [ 101.705, 14.729 ], [ 101.699, 14.713 ], [ 101.692, 14.712 ], [ 101.692, 14.693 ], [ 101.698, 14.688 ], [ 101.729, 14.683 ], [ 101.726, 14.659 ], [ 101.732, 14.657 ], [ 101.738, 14.642 ], [ 101.732, 14.63 ], [ 101.694, 14.629 ], [ 101.665, 14.605 ], [ 101.634, 14.595 ], [ 101.626, 14.586 ], [ 101.625, 14.567 ], [ 101.605, 14.561 ], [ 101.604, 14.543 ], [ 101.576, 14.524 ], [ 101.566, 14.501 ], [ 101.547, 14.487 ], [ 101.541, 14.471 ], [ 101.513, 14.463 ], [ 101.498, 14.475 ], [ 101.484, 14.474 ], [ 101.483, 14.463 ], [ 101.443, 14.445 ], [ 101.437, 14.439 ], [ 101.446, 14.423 ], [ 101.442, 14.383 ], [ 101.431, 14.387 ], [ 101.401, 14.368 ], [ 101.388, 14.379 ], [ 101.387, 14.395 ], [ 101.38, 14.397 ], [ 101.374, 14.415 ], [ 101.359, 14.426 ], [ 101.358, 14.441 ], [ 101.305, 14.438 ], [ 101.304, 14.452 ], [ 101.295, 14.47 ], [ 101.288, 14.472 ], [ 101.279, 14.5 ], [ 101.274, 14.533 ], [ 101.303, 14.551 ], [ 101.309, 14.566 ], [ 101.325, 14.567 ], [ 101.325, 14.575 ], [ 101.335, 14.579 ], [ 101.352, 14.58 ], [ 101.358, 14.585 ], [ 101.359, 14.607 ], [ 101.371, 14.617 ], [ 101.359, 14.635 ], [ 101.358, 14.648 ], [ 101.345, 14.659 ], [ 101.355, 14.68 ], [ 101.338, 14.693 ], [ 101.338, 14.719 ], [ 101.351, 14.745 ], [ 101.358, 14.746 ], [ 101.355, 14.765 ], [ 101.368, 14.775 ], [ 101.387, 14.776 ], [ 101.393, 14.791 ], [ 101.402, 14.795 ], [ 101.458, 14.808 ], [ 101.496, 14.844 ], [ 101.475, 14.873 ], [ 101.475, 14.888 ], [ 101.463, 14.898 ], [ 101.463, 14.917 ], [ 101.454, 14.929 ], [ 101.443, 14.983 ], [ 101.452, 14.984 ], [ 101.489, 15.012 ], [ 101.515, 15.0 ], [ 101.543, 15.016 ], [ 101.558, 15.017 ], [ 101.578, 15.042 ], [ 101.587, 15.037 ], [ 101.612, 15.038 ], [ 101.63, 15.07 ], [ 101.644, 15.075 ], [ 101.686, 15.07 ], [ 101.694, 15.062 ], [ 101.715, 15.067 ], [ 101.723, 15.062 ], [ 101.737, 15.068 ], [ 101.738, 15.074 ], [ 101.757, 15.079 ], [ 101.775, 15.071 ], [ 101.783, 15.063 ], [ 101.788, 15.042 ], [ 101.812, 15.028 ], [ 101.813, 15.021 ], [ 101.828, 15.016 ], [ 101.83, 15.009 ], [ 101.869, 15.008 ], [ 101.881, 14.996 ], [ 101.898, 14.995 ], [ 101.917, 14.983 ], [ 101.939, 14.999 ], [ 101.969, 15.001 ], [ 101.976, 15.012 ], [ 101.991, 15.017 ], [ 101.996, 15.029 ], [ 102.011, 15.025 ], [ 102.019, 15.033 ], [ 102.031, 15.025 ], [ 102.065, 15.026 ], [ 102.073, 15.033 ], [ 102.083, 15.03 ], [ 102.091, 15.042 ], [ 102.11, 15.038 ], [ 102.125, 15.05 ] ] ] } },
{ "type": "Feature", "properties": { "hybas_id": 4071112280, "next_down": 4071108020, "main_bas": 4070017020, "sub_area": 4820.4, "up_area": 4820.8, "th_share": 1.0 }, "geometry": { "type": "Polygon", "coordinates": [ [ [ 102.308, 14.892 ], [ 102.304, 14.843 ], [ 102.288, 14.815 ], [ 102.28, 14.773 ], [ 102.28, 14.76 ], [ 102.292, 14.742 ], [ 102.291, 14.725 ], [ 102.272, 14.72 ], [ 102.266, 14.706 ], [ 102.271, 14.685 ], [ 102.266, 14.656 ], [ 102.25, 14.625 ], [ 102.29, 14.62 ], [ 102.315, 14.608 ], [ 102.335, 14.62 ], [ 102.367, 14.625 ], [ 102.373, 14.605 ], [ 102.425, 14.577 ], [ 102.42, 14.535 ], [ 102.408, 14.518 ], [ 102.413, 14.493 ], [ 102.425, 14.479 ], [ 102.425, 14.458 ], [ 102.437, 14.427 ], [ 102.438, 14.392 ], [ 102.426, 14.383 ], [ 102.425, 14.392 ], [ 102.354, 14.396 ], [ 102.338, 14.373 ], [ 102.328, 14.334 ], [ 102.302, 14.329 ], [ 102.246, 14.298 ], [ 102.245, 14.285 ], [ 102.234, 14.279 ], [ 102.234, 14.268 ], [ 102.256, 14.259 ], [ 102.274, 14.262 ], [ 102.283, 14.244 ], [ 102.279, 14.213 ], [ 102.267, 14.198 ], [ 102.266, 14.184 ], [ 102.23, 14.183 ], [ 102.228, 14.176 ], [ 102.213, 14.175 ], [ 102.195, 14.195 ], [ 102.171, 14.196 ], [ 102.167, 14.204 ], [ 102.162, 14.185 ], [ 102.171, 14.165 ], [ 102.16, 14.141 ], [ 102.131, 14.142 ], [ 102.123, 14.15 ], [ 102.106, 14.15 ], [ 102.1, 14.163 ], [ 102.077, 14.167 ], [ 102.031, 14.204 ], [ 101.967, 14.23 ], [ 101.966, 14.241 ], [ 101.947, 14.247 ], [ 101.938, 14.29 ], [ 101.953, 14.305 ], [ 101.979, 14.35 ], [ 101.963, 14.364 ], [ 101.963, 14.375 ], [ 101.942, 14.371 ], [ 101.936, 14.363 ], [ 101.922, 14.362 ], [ 101.92, 14.354 ], [ 101.913, 14.355 ], [ 101.899, 14.378 ], [ 101.892, 14.38 ], [ 101.885, 14.399 ], [ 101.871, 14.391 ], [ 101.865, 14.371 ], [ 101.86, 14.375 ], [ 101.826, 14.362 ], [ 101.815, 14.351 ], [ 101.805, 14.351 ], [ 101.796, 14.363 ], [ 101.783, 14.358 ], [ 101.768, 14.341 ], [ 101.746, 14.345 ], [ 101.741, 14.338 ], [ 101.742, 14.33 ], [ 101.751, 14.328 ], [ 101.749, 14.314 ], [ 101.739, 14.305 ], [ 101.693, 14.342 ], [ 101.683, 14.361 ], [ 101.655, 14.384 ], [ 101.65, 14.399 ], [ 101.63, 14.405 ], [ 101.628, 14.416 ], [ 101.611, 14.429 ], [ 101.601, 14.434 ], [ 101.6, 14.429 ], [ 101.551, 14.434 ], [ 101.541, 14.42 ], [ 101.504, 14.433 ], [ 101.483, 14.463 ], [ 101.488, 14.475 ], [ 101.498, 14.475 ], [ 101.513, 14.463 ], [ 101.541, 14.471 ], [ 101.547, 14.487 ], [ 101.566, 14.501 ], [ 101.576, 14.524 ], [ 101.604, 14.543 ], [ 101.605, 14.561 ], [ 101.625, 14.567 ], [ 101.626, 14.586 ], [ 101.634, 14.595 ], [ 101.665, 14.605 ], [ 101.694, 14.629 ], [ 101.732, 14.63 ], [ 101.738, 14.642 ], [ 101.732, 14.657 ], [ 101.726, 14.659 ], [ 101.729, 14.683 ], [ 101.698, 14.688 ], [ 101.692, 14.693 ], [ 101.692, 14.712 ], [ 101.699, 14.713 ], [ 101.705, 14.729 ], [ 101.744, 14.758 ], [ 101.773, 14.762 ], [ 101.786, 14.746 ], [ 101.815, 14.759 ], [ 101.84, 14.779 ], [ 101.848, 14.776 ], [ 101.872, 14.792 ], [ 101.877, 14.788 ], [ 101.908, 14.797 ], [ 101.913, 14.812 ], [ 101.927, 14.82 ], [ 101.945, 14.821 ], [ 101.96, 14.833 ], [ 102.025, 14.838 ], [ 102.034, 14.857 ], [ 102.056, 14.866 ], [ 102.096, 14.858 ], [ 102.106, 14.87 ], [ 102.136, 14.875 ], [ 102.154, 14.898 ], [ 102.162, 14.923 ], [ 102.163, 14.952 ], [ 102.203, 14.968 ], [ 102.205, 14.978 ], [ 102.22, 14.984 ], [ 102.226, 14.995 ], [ 102.244, 14.996 ], [ 102.258, 15.008 ], [ 102.279, 15.003 ], [ 102.291, 14.991 ], [ 102.299, 14.981 ], [ 102.301, 14.964 ], [ 102.313, 14.951 ], [ 102.295, 14.94 ], [ 102.301, 14.922 ], [ 102.325, 14.913 ], [ 102.325, 14.902 ], [ 102.308, 14.892 ] ] ] } },
{ "type": "Feature", "properties": { "hybas_id": 4071071670, "next_down": 4071071310, "main_bas": 4070017020, "sub_area": 419.5, "up_area": 339234.1, "th_share": 0.63 }, "geometry": { "type": "Polygon", "coordinates": [ [ [ 103.817, 18.242 ], [ 103.802, 18.262 ], [ 103.796, 18.263 ], [ 103.774, 18.238 ], [ 103.73, 18.228 ], [ 103.725, 18.2 ], [ 103.715, 18.196 ], [ 103.676, 18.218 ], [ 103.671, 18.225 ], [ 103.676, 18.242 ], [ 103.666, 18.265 ], [ 103.651, 18.272 ], [ 103.633, 18.295 ], [ 103.617, 18.304 ], [ 103.625, 18.327 ], [ 103.65, 18.338 ], [ 103.655, 18.368 ], [ 103.646, 18.377 ], [ 103.65, 18.383 ], [ 103.662, 18.38 ], [ 103.669, 18.399 ], [ 103.683, 18.405 ], [ 103.704, 18.395 ], [ 103.713, 18.372 ], [ 103.751, 18.384 ], [ 103.749, 18.406 ], [ 103.738, 18.419 ], [ 103.743, 18.429 ], [ 103.757, 18.434 ], [ 103.767, 18.458 ], [ 103.787, 18.454 ], [ 103.808, 18.431 ], [ 103.851, 18.326 ], [ 103.879, 18.321 ], [ 103.871, 18.302 ], [ 103.875, 18.283 ], [ 103.834, 18.262 ], [ 103.833, 18.251 ], [ 103.817, 18.242 ] ] ] } },
{ "type": "Feature", "properties": { "hybas_id": 4071071680, "next_down": 4071071310, "main_bas": 4070017020, "sub_area": 411.4, "up_area": 411.7, "th_share": 1.0 }, "geometry": { "type": "Polygon", "coordinates": [ [ [ 103.904, 18.1 ], [ 103.888, 18.104 ], [ 103.892, 18.114 ], [ 103.879, 18.144 ], [ 103.838, 18.189 ], [ 103.817, 18.231 ], [ 103.818, 18.245 ], [ 103.833, 18.251 ], [ 103.834, 18.262 ], [ 103.879, 18.283 ], [ 103.88, 18.292 ], [ 103.895, 18.279 ], [ 103.915, 18.287 ], [ 103.93, 18.263 ], [ 103.983, 18.211 ], [ 103.996, 18.175 ], [ 104.017, 18.16 ], [ 104.012, 18.152 ], [ 104.017, 18.117 ], [ 103.988, 18.104 ], [ 103.979, 18.074 ], [ 103.984, 18.063 ], [ 104.006, 18.058 ], [ 104.041, 18.029 ], [ 104.055, 17.981 ], [ 104.078, 17.958 ], [ 104.078, 17.951 ], [ 104.039, 17.945 ], [ 104.025, 17.938 ], [ 104.005, 17.951 ], [ 104.004, 17.966 ], [ 103.992, 17.971 ], [ 103.983, 17.999 ], [ 103.967, 18.009 ], [ 103.949, 18.041 ], [ 103.93, 18.047 ], [ 103.92, 18.083 ], [ 103.905, 18.088 ], [ 103.904, 18.1 ] ] ] } },
{ "type": "Feature", "properties": { "hybas_id": 4071078110, "next_down": 4071079250, "main_bas": 4070017020, "sub_area": 1764.7, "up_area": 5769.8, "th_share": 1.0 }, "geometry": { "type": "Polygon", "coordinates": [ [ [ 103.8, 17.721 ], [ 103.764, 17.712 ], [ 103.748, 17.7 ], [ 103.735, 17.709 ], [ 103.728, 17.692 ], [ 103.692, 17.675 ], [ 103.672, 17.688 ], [ 103.666, 17.703 ], [ 103.654, 17.713 ], [ 103.584, 17.683 ], [ 103.579, 17.675 ], [ 103.558, 17.729 ], [ 103.507, 17.724 ], [ 103.488, 17.743 ], [ 103.483, 17.814 ], [ 103.512, 17.83 ], [ 103.513, 17.84 ], [ 103.533, 17.86 ], [ 103.529, 17.874 ], [ 103.537, 17.876 ], [ 103.537, 17.89 ], [ 103.52, 17.916 ], [ 103.521, 17.927 ], [ 103.53, 17.941 ], [ 103.526, 17.957 ], [ 103.545, 17.973 ], [ 103.55, 17.985 ], [ 103.541, 18.002 ], [ 103.546, 18.017 ], [ 103.533, 18.033 ], [ 103.534, 18.061 ], [ 103.542, 18.079 ], [ 103.526, 18.084 ], [ 103.525, 18.1 ], [ 103.532, 18.1 ], [ 103.542, 18.083 ], [ 103.555, 18.079 ], [ 103.565, 18.084 ], [ 103.578, 18.097 ], [ 103.574, 18.113 ], [ 103.58, 18.12 ], [ 103.595, 18.121 ], [ 103.601, 18.134 ], [ 103.596, 18.146 ], [ 103.633, 18.129 ], [ 103.653, 18.13 ], [ 103.664, 18.141 ], [ 103.683, 18.138 ], [ 103.692, 18.097 ], [ 103.762, 18.041 ], [ 103.783, 18.019 ], [ 103.792, 17.997 ], [ 103.827, 17.976 ], [ 103.87, 17.97 ], [ 103.871, 17.963 ], [ 103.885, 17.967 ], [ 103.908, 17.944 ], [ 103.947, 17.875 ], [ 103.97, 17.87 ], [ 103.984, 17.842 ], [ 103.995, 17.841 ], [ 104.004, 17.831 ], [ 104.0, 17.824 ], [ 104.012, 17.806 ], [ 104.004, 17.792 ], [ 104.008, 17.742 ], [ 103.993, 17.741 ], [ 103.983, 17.717 ], [ 103.987, 17.71 ], [ 103.979, 17.704 ], [ 103.968, 17.705 ], [ 103.957, 17.716 ], [ 103.948, 17.713 ], [ 103.927, 17.733 ], [ 103.91, 17.738 ], [ 103.879, 17.763 ], [ 103.859, 17.752 ], [ 103.85, 17.736 ], [ 103.854, 17.717 ], [ 103.85, 17.708 ], [ 103.827, 17.704 ], [ 103.8, 17.721 ] ] ] } },
{ "type": "Feature", "properties": { "hybas_id": 4071077980, "next_down": 4071079250, "main_bas": 4070017020, "sub_area": 730.6, "up_area": 730.6, "th_share": 1.0 }, "geometry": { "type": "Polygon", "coordinates": [ [ [ 103.783, 18.019 ], [ 103.692, 18.097 ], [ 103.687, 18.132 ], [ 103.671, 18.142 ], [ 103.675, 18.148 ], [ 103.666, 18.161 ], [ 103.67, 18.198 ], [ 103.658, 18.219 ], [ 103.674, 18.224 ], [ 103.676, 18.218 ], [ 103.715, 18.196 ], [ 103.725, 18.2 ], [ 103.73, 18.228 ], [ 103.774, 18.238 ], [ 103.783, 18.254 ], [ 103.802, 18.262 ], [ 103.838, 18.189 ], [ 103.879, 18.144 ], [ 103.892, 18.114 ], [ 103.888, 18.104 ], [ 103.904, 18.1 ], [ 103.905, 18.088 ], [ 103.92, 18.083 ], [ 103.93, 18.047 ], [ 103.949, 18.041 ], [ 103.967, 18.009 ], [ 103.983, 17.999 ], [ 103.992, 17.971 ], [ 104.004, 17.966 ], [ 104.005, 17.951 ], [ 104.024, 17.94 ], [ 104.034, 17.897 ], [ 104.054, 17.891 ], [ 104.062, 17.881 ], [ 104.058, 17.843 ], [ 104.039, 17.837 ], [ 104.019, 17.817 ], [ 104.005, 17.822 ], [ 103.995, 17.841 ], [ 103.984, 17.842 ], [ 103.97, 17.87 ], [ 103.947, 17.875 ], [ 103.908, 17.944 ], [ 103.885, 17.967 ], [ 103.871, 17.963 ], [ 103.87, 17.97 ], [ 103.827, 17.976 ], [ 103.792, 17.997 ], [ 103.783, 18.019 ] ] ] } },
{ "type": "Feature", "properties": { "hybas_id": 4071091950, "next_down": 4071096260, "main_bas": 4070017020, "sub_area": 530.4, "up_area": 530.4, "th_share": 1.0 }, "geometry": { "type": "Polygon", "coordinates": [ [ [ 102.763, 16.963 ], [ 102.755, 16.985 ], [ 102.759, 17.001 ], [ 102.724, 17.045 ], [ 102.709, 17.051 ], [ 102.703, 17.07 ], [ 102.697, 17.072 ], [ 102.7, 17.096 ], [ 102.748, 17.087 ], [ 102.756, 17.08 ], [ 102.782, 17.079 ], [ 102.826, 17.026 ], [ 102.845, 17.024 ], [ 102.847, 17.013 ], [ 102.862, 17.007 ], [ 102.863, 17.0 ], [ 102.871, 17.0 ], [ 102.872, 16.992 ], [ 102.891, 16.987 ], [ 102.896, 16.975 ], [ 102.892, 16.956 ], [ 102.905, 16.934 ], [ 102.903, 16.909 ], [ 102.895, 16.907 ], [ 102.933, 16.888 ], [ 102.938, 16.842 ], [ 102.881, 16.833 ], [ 102.866, 16.809 ], [ 102.831, 16.795 ], [ 102.817, 16.772 ], [ 102.797, 16.762 ], [ 102.783, 16.734 ], [ 102.767, 16.733 ], [ 102.762, 16.747 ], [ 102.766, 16.752 ], [ 102.751, 16.759 ], [ 102.73, 16.798 ], [ 102.732, 16.82 ], [ 102.713, 16.834 ], [ 102.712, 16.87 ], [ 102.704, 16.872 ], [ 102.709, 16.887 ], [ 102.737, 16.901 ], [ 102.758, 16.925 ], [ 102.763, 16.963 ] ] ] } },
{ "type": "Feature", "properties": { "hybas_id": 4071091940, "next_down": 4071096260, "main_bas": 4070017020, "sub_area": 494.1, "up_area": 12609.6, "th_share": 1.0 }, "geometry": { "type": "Polygon", "coordinates": [ [ [ 102.621, 16.642 ], [ 102.621, 16.657 ], [ 102.637, 16.681 ], [ 102.637, 16.736 ], [ 102.633, 16.752 ], [ 102.613, 16.771 ], [ 102.621, 16.785 ], [ 102.616, 16.814 ], [ 102.642, 16.883 ], [ 102.683, 16.956 ], [ 102.684, 16.976 ], [ 102.671, 17.002 ], [ 102.679, 17.014 ], [ 102.68, 17.048 ], [ 102.7, 17.071 ], [ 102.709, 17.051 ], [ 102.724, 17.045 ], [ 102.759, 17.001 ], [ 102.755, 16.985 ], [ 102.763, 16.943 ], [ 102.758, 16.925 ], [ 102.737, 16.901 ], [ 102.709, 16.887 ], [ 102.704, 16.872 ], [ 102.712, 16.87 ], [ 102.713, 16.834 ], [ 102.732, 16.82 ], [ 102.73, 16.798 ], [ 102.751, 16.759 ], [ 102.766, 16.752 ], [ 102.762, 16.747 ], [ 102.767, 16.722 ], [ 102.746, 16.706 ], [ 102.751, 16.68 ], [ 102.758, 16.678 ], [ 102.758, 16.671 ], [ 102.751, 16.67 ], [ 102.726, 16.645 ], [ 102.725, 16.638 ], [ 102.702, 16.633 ], [ 102.686, 16.617 ], [ 102.652, 16.609 ], [ 102.633, 16.613 ], [ 102.621, 16.642 ] ] ] } },
{ "type": "Feature", "properties": { "hybas_id": 4071070290, "next_down": 4071071670, "main_bas": 4070017020, "sub_area": 72.6, "up_area": 336495.5, "th_share": 0.85 }, "geometry": { "type": "Polygon", "coordinates": [ [ [ 103.654, 18.383 ], [ 103.646, 18.377 ], [ 103.655, 18.368 ], [ 103.65, 18.338 ], [ 103.625, 18.327 ], [ 103.617, 18.304 ], [ 103.6, 18.313 ], [ 103.595, 18.334 ], [ 103.587, 18.329 ], [ 103.56, 18.35 ], [ 103.573, 18.366 ], [ 103.591, 18.367 ], [ 103.592, 18.408 ], [ 103.607, 18.417 ], [ 103.642, 18.413 ], [ 103.654, 18.383 ] ] ] } },
{ "type": "Feature", "properties": { "hybas_id": 4071069940, "next_down": 4071070290, "main_bas": 4070017020, "sub_area": 805.8, "up_area": 331907.9, "th_share": 0.42 }, "geometry": { "type": "Polygon", "coordinates": [ [ [ 103.429, 18.592 ], [ 103.433, 18.604 ], [ 103.441, 18.604 ], [ 103.448, 18.592 ], [ 103.481, 18.579 ], [ 103.508, 18.552 ], [ 103.513, 18.513 ], [ 103.546, 18.495 ], [ 103.542, 18.455 ], [ 103.567, 18.441 ], [ 103.563, 18.426 ], [ 103.591, 18.411 ], [ 103.591, 18.367 ], [ 103.573, 18.366 ], [ 103.548, 18.342 ], [ 103.54, 18.349 ], [ 103.498, 18.358 ], [ 103.474, 18.354 ], [ 103.462, 18.359 ], [ 103.439, 18.351 ], [ 103.399, 18.391 ], [ 103.367, 18.383 ], [ 103.366, 18.372 ], [ 103.354, 18.371 ], [ 103.355, 18.356 ], [ 103.363, 18.348 ], [ 103.358, 18.331 ], [ 103.367, 18.302 ], [ 103.358, 18.289 ], [ 103.362, 18.281 ], [ 103.358, 18.277 ], [ 103.379, 18.204 ], [ 103.361, 18.184 ], [ 103.35, 18.183 ], [ 103.345, 18.206 ], [ 103.33, 18.218 ], [ 103.324, 18.23 ], [ 103.334, 18.255 ], [ 103.313, 18.302 ], [ 103.317, 18.328 ], [ 103.309, 18.33 ], [ 103.287, 18.357 ], [ 103.269, 18.354 ], [ 103.238, 18.363 ], [ 103.234, 18.386 ], [ 103.255, 18.411 ], [ 103.225, 18.425 ], [ 103.216, 18.46 ], [ 103.229, 18.477 ], [ 103.229, 18.488 ], [ 103.242, 18.492 ], [ 103.233, 18.521 ], [ 103.252, 18.533 ], [ 103.293, 18.538 ], [ 103.298, 18.533 ], [ 103.304, 18.542 ], [ 103.331, 18.541 ], [ 103.341, 18.537 ], [ 103.342, 18.529 ], [ 103.392, 18.533 ], [ 103.392, 18.553 ], [ 103.407, 18.559 ], [ 103.413, 18.578 ], [ 103.429, 18.592 ] ] ] } },
{ "type": "Feature", "properties": { "hybas_id": 4071091420, "next_down": 4071091940, "main_bas": 4070017020, "sub_area": 1686.5, "up_area": 5714.2, "th_share": 1.0 }, "geometry": { "type": "Polygon", "coordinates": [ [ [ 102.267, 16.604 ], [ 102.287, 16.599 ], [ 102.292, 16.583 ], [ 102.323, 16.563 ], [ 102.335, 16.575 ], [ 102.358, 16.575 ], [ 102.373, 16.595 ], [ 102.438, 16.629 ], [ 102.438, 16.644 ], [ 102.454, 16.655 ], [ 102.48, 16.744 ], [ 102.52, 16.768 ], [ 102.522, 16.778 ], [ 102.552, 16.763 ], [ 102.567, 16.767 ], [ 102.574, 16.762 ], [ 102.583, 16.779 ], [ 102.59, 16.779 ], [ 102.617, 16.771 ], [ 102.633, 16.752 ], [ 102.637, 16.681 ], [ 102.621, 16.654 ], [ 102.579, 16.638 ], [ 102.588, 16.554 ], [ 102.597, 16.538 ], [ 102.609, 16.532 ], [ 102.604, 16.522 ], [ 102.608, 16.493 ], [ 102.593, 16.487 ], [ 102.579, 16.463 ], [ 102.559, 16.457 ], [ 102.549, 16.394 ], [ 102.517, 16.35 ], [ 102.476, 16.372 ], [ 102.475, 16.388 ], [ 102.462, 16.392 ], [ 102.455, 16.387 ], [ 102.45, 16.348 ], [ 102.425, 16.307 ], [ 102.413, 16.269 ], [ 102.417, 16.258 ], [ 102.395, 16.222 ], [ 102.343, 16.225 ], [ 102.307, 16.25 ], [ 102.273, 16.234 ], [ 102.256, 16.23 ], [ 102.241, 16.234 ], [ 102.233, 16.229 ], [ 102.202, 16.245 ], [ 102.177, 16.242 ], [ 102.163, 16.251 ], [ 102.162, 16.262 ], [ 102.142, 16.267 ], [ 102.15, 16.285 ], [ 102.146, 16.292 ], [ 102.183, 16.297 ], [ 102.199, 16.313 ], [ 102.209, 16.341 ], [ 102.224, 16.347 ], [ 102.226, 16.358 ], [ 102.233, 16.363 ], [ 102.226, 16.415 ], [ 102.234, 16.424 ], [ 102.249, 16.426 ], [ 102.258, 16.45 ], [ 102.253, 16.462 ], [ 102.242, 16.463 ], [ 102.237, 16.491 ], [ 102.223, 16.492 ], [ 102.209, 16.505 ], [ 102.213, 16.518 ], [ 102.179, 16.558 ], [ 102.155, 16.568 ], [ 102.163, 16.604 ], [ 102.175, 16.604 ], [ 102.176, 16.597 ], [ 102.187, 16.591 ], [ 102.198, 16.592 ], [ 102.21, 16.604 ], [ 102.267, 16.613 ], [ 102.267, 16.604 ] ] ] } },
{ "type": "Feature", "properties": { "hybas_id": 4071091330, "next_down": 4071091940, "main_bas": 4070017020, "sub_area": 6401.6, "up_area": 6401.6, "th_share": 1.0 }, "geometry": { "type": "Polygon", "coordinates": [ [ [ 101.767, 16.758 ], [ 101.766, 16.742 ], [ 101.718, 16.729 ], [ 101.712, 16.745 ], [ 101.688, 16.751 ], [ 101.687, 16.757 ], [ 101.663, 16.771 ], [ 101.631, 16.812 ], [ 101.623, 16.816 ], [ 101.607, 16.812 ], [ 101.598, 16.82 ], [ 101.577, 16.821 ], [ 101.567, 16.83 ], [ 101.566, 16.845 ], [ 101.559, 16.847 ], [ 101.542, 16.888 ], [ 101.559, 16.893 ], [ 101.546, 16.946 ], [ 101.567, 16.95 ], [ 101.571, 16.958 ], [ 101.61, 16.962 ], [ 101.618, 16.955 ], [ 101.677, 16.959 ], [ 101.704, 16.981 ], [ 101.721, 17.013 ], [ 101.732, 17.013 ], [ 101.738, 17.021 ], [ 101.748, 17.021 ], [ 101.783, 17.042 ], [ 101.806, 17.03 ], [ 101.824, 17.029 ], [ 101.841, 17.052 ], [ 101.846, 17.078 ], [ 101.854, 17.08 ], [ 101.868, 17.104 ], [ 101.874, 17.109 ], [ 101.888, 17.104 ], [ 101.897, 17.116 ], [ 101.92, 17.122 ], [ 101.938, 17.158 ], [ 101.975, 17.158 ], [ 101.976, 17.178 ], [ 101.992, 17.192 ], [ 101.991, 17.198 ], [ 101.965, 17.216 ], [ 101.958, 17.212 ], [ 101.938, 17.222 ], [ 101.938, 17.237 ], [ 101.953, 17.247 ], [ 101.955, 17.262 ], [ 101.979, 17.272 ], [ 101.976, 17.298 ], [ 101.992, 17.333 ], [ 102.008, 17.334 ], [ 102.021, 17.367 ], [ 102.008, 17.387 ], [ 101.976, 17.409 ], [ 101.942, 17.494 ], [ 101.941, 17.522 ], [ 101.958, 17.56 ], [ 101.954, 17.57 ], [ 101.962, 17.572 ], [ 101.963, 17.58 ], [ 101.954, 17.597 ], [ 101.976, 17.613 ], [ 101.962, 17.653 ], [ 101.971, 17.658 ], [ 101.995, 17.653 ], [ 101.997, 17.642 ], [ 102.029, 17.638 ], [ 102.037, 17.623 ], [ 102.045, 17.598 ], [ 102.046, 17.552 ], [ 102.066, 17.536 ], [ 102.07, 17.523 ], [ 102.066, 17.501 ], [ 102.051, 17.495 ], [ 102.046, 17.486 ], [ 102.046, 17.468 ], [ 102.059, 17.455 ], [ 102.079, 17.438 ], [ 102.08, 17.442 ], [ 102.091, 17.437 ], [ 102.133, 17.446 ], [ 102.151, 17.422 ], [ 102.183, 17.413 ], [ 102.176, 17.369 ], [ 102.188, 17.342 ], [ 102.199, 17.341 ], [ 102.231, 17.309 ], [ 102.277, 17.312 ], [ 102.289, 17.3 ], [ 102.302, 17.3 ], [ 102.313, 17.28 ], [ 102.341, 17.279 ], [ 102.346, 17.267 ], [ 102.372, 17.287 ], [ 102.382, 17.288 ], [ 102.392, 17.308 ], [ 102.442, 17.304 ], [ 102.442, 17.284 ], [ 102.463, 17.279 ], [ 102.463, 17.259 ], [ 102.479, 17.252 ], [ 102.488, 17.221 ], [ 102.48, 17.189 ], [ 102.504, 17.157 ], [ 102.517, 17.11 ], [ 102.541, 17.082 ], [ 102.546, 17.067 ], [ 102.558, 17.063 ], [ 102.572, 17.047 ], [ 102.615, 17.029 ], [ 102.646, 17.004 ], [ 102.671, 17.0 ], [ 102.684, 16.976 ], [ 102.683, 16.956 ], [ 102.67, 16.927 ], [ 102.642, 16.883 ], [ 102.63, 16.852 ], [ 102.616, 16.814 ], [ 102.621, 16.785 ], [ 102.613, 16.771 ], [ 102.583, 16.779 ], [ 102.574, 16.762 ], [ 102.567, 16.767 ], [ 102.552, 16.763 ], [ 102.522, 16.778 ], [ 102.52, 16.768 ], [ 102.48, 16.744 ], [ 102.454, 16.655 ], [ 102.438, 16.644 ], [ 102.438, 16.629 ], [ 102.373, 16.595 ], [ 102.358, 16.575 ], [ 102.335, 16.575 ], [ 102.323, 16.563 ], [ 102.292, 16.583 ], [ 102.287, 16.599 ], [ 102.267, 16.604 ], [ 102.267, 16.613 ], [ 102.21, 16.604 ], [ 102.198, 16.592 ], [ 102.187, 16.591 ], [ 102.176, 16.597 ], [ 102.175, 16.604 ], [ 102.163, 16.604 ], [ 102.163, 16.625 ], [ 102.084, 16.621 ], [ 102.079, 16.632 ], [ 102.063, 16.638 ], [ 102.058, 16.677 ], [ 102.044, 16.695 ], [ 102.038, 16.696 ], [ 102.037, 16.707 ], [ 102.022, 16.718 ], [ 102.016, 16.732 ], [ 101.987, 16.762 ], [ 101.967, 16.771 ], [ 101.962, 16.787 ], [ 101.942, 16.796 ], [ 101.925, 16.792 ], [ 101.92, 16.799 ], [ 101.91, 16.799 ], [ 101.886, 16.78 ], [ 101.858, 16.775 ], [ 101.836, 16.784 ], [ 101.814, 16.779 ], [ 101.792, 16.763 ], [ 101.767, 16.758 ] ] ] } },
{ "type": "Feature", "properties": { "hybas_id": 4071070550, "next_down": 4071069940, "main_bas": 4070017020, "sub_area": 814.6, "up_area": 329293.0, "th_share": 0.79 }, "geometry": { "type": "Polygon", "coordinates": [ [ [ 103.225, 18.138 ], [ 103.246, 18.054 ], [ 103.278, 18.041 ], [ 103.287, 18.032 ], [ 103.287, 18.023 ], [ 103.271, 18.002 ], [ 103.27, 17.98 ], [ 103.263, 17.978 ], [ 103.258, 17.943 ], [ 103.249, 17.934 ], [ 103.241, 17.938 ], [ 103.219, 17.921 ], [ 103.159, 17.913 ], [ 103.141, 17.965 ], [ 103.125, 17.971 ], [ 103.121, 17.998 ], [ 103.125, 18.006 ], [ 103.116, 18.041 ], [ 103.125, 18.06 ], [ 103.113, 18.077 ], [ 103.112, 18.089 ], [ 103.121, 18.102 ], [ 103.117, 18.125 ], [ 103.1, 18.135 ], [ 103.108, 18.167 ], [ 103.104, 18.184 ], [ 103.109, 18.191 ], [ 103.1, 18.201 ], [ 103.081, 18.192 ], [ 103.072, 18.197 ], [ 103.058, 18.244 ], [ 103.035, 18.251 ], [ 103.022, 18.259 ], [ 103.021, 18.267 ], [ 103.061, 18.267 ], [ 103.073, 18.283 ], [ 103.106, 18.291 ], [ 103.128, 18.283 ], [ 103.13, 18.276 ], [ 103.152, 18.263 ], [ 103.189, 18.295 ], [ 103.213, 18.287 ], [ 103.237, 18.297 ], [ 103.241, 18.323 ], [ 103.229, 18.341 ], [ 103.234, 18.362 ], [ 103.252, 18.362 ], [ 103.269, 18.354 ], [ 103.287, 18.357 ], [ 103.309, 18.33 ], [ 103.317, 18.328 ], [ 103.313, 18.302 ], [ 103.334, 18.255 ], [ 103.324, 18.23 ], [ 103.33, 18.218 ], [ 103.345, 18.206 ], [ 103.349, 18.172 ], [ 103.337, 18.17 ], [ 103.342, 18.15 ], [ 103.327, 18.151 ], [ 103.309, 18.155 ], [ 103.307, 18.162 ], [ 103.278, 18.18 ], [ 103.266, 18.159 ], [ 103.251, 18.153 ], [ 103.249, 18.138 ], [ 103.237, 18.133 ], [ 103.225, 18.138 ] ] ] } },
{ "type": "Feature", "properties": { "hybas_id": 4071103810, "next_down": 4071096740, "main_bas": 4070017020, "sub_area": 1034.5, "up_area": 7515.8, "th_share": 1.0 }, "geometry": { "type": "Polygon", "coordinates": [ [ [ 102.213, 15.542 ], [ 102.208, 15.512 ], [ 102.212, 15.506 ], [ 102.204, 15.496 ], [ 102.189, 15.495 ], [ 102.176, 15.487 ], [ 102.18, 15.468 ], [ 102.152, 15.442 ], [ 102.118, 15.433 ], [ 102.102, 15.417 ], [ 102.081, 15.429 ], [ 102.069, 15.417 ], [ 102.046, 15.417 ], [ 102.037, 15.441 ], [ 101.997, 15.463 ], [ 101.988, 15.489 ], [ 101.992, 15.524 ], [ 101.971, 15.544 ], [ 101.967, 15.592 ], [ 101.943, 15.601 ], [ 101.924, 15.653 ], [ 101.913, 15.655 ], [ 101.895, 15.69 ], [ 101.845, 15.738 ], [ 101.862, 15.747 ], [ 101.864, 15.762 ], [ 101.88, 15.771 ], [ 101.871, 15.795 ], [ 101.892, 15.801 ], [ 101.905, 15.821 ], [ 101.9, 15.853 ], [ 101.92, 15.853 ], [ 101.921, 15.826 ], [ 101.933, 15.82 ], [ 101.938, 15.801 ], [ 101.957, 15.799 ], [ 101.967, 15.788 ], [ 101.958, 15.772 ], [ 101.971, 15.733 ], [ 101.983, 15.738 ], [ 101.991, 15.733 ], [ 101.993, 15.741 ], [ 102.006, 15.741 ], [ 102.045, 15.724 ], [ 102.051, 15.712 ], [ 102.075, 15.717 ], [ 102.082, 15.725 ], [ 102.123, 15.717 ], [ 102.131, 15.725 ], [ 102.144, 15.721 ], [ 102.167, 15.75 ], [ 102.175, 15.739 ], [ 102.171, 15.718 ], [ 102.184, 15.706 ], [ 102.179, 15.688 ], [ 102.203, 15.674 ], [ 102.216, 15.684 ], [ 102.224, 15.683 ], [ 102.23, 15.663 ], [ 102.254, 15.649 ], [ 102.258, 15.633 ], [ 102.255, 15.605 ], [ 102.266, 15.599 ], [ 102.271, 15.571 ], [ 102.258, 15.554 ], [ 102.232, 15.542 ], [ 102.219, 15.546 ], [ 102.213, 15.542 ] ] ] } },
{ "type": "Feature", "properties": { "hybas_id": 4071103740, "next_down": 4071096740, "main_bas": 4070017020, "sub_area": 1027.9, "up_area": 1027.9, "th_share": 1.0 }, "geometry": { "type": "Polygon", "coordinates": [ [ [ 102.004, 16.196 ], [ 102.017, 16.188 ], [ 102.04, 16.188 ], [ 102.045, 16.193 ], [ 102.029, 16.254 ], [ 102.103, 16.237 ], [ 102.109, 16.263 ], [ 102.104, 16.288 ], [ 102.146, 16.292 ], [ 102.15, 16.285 ], [ 102.142, 16.273 ], [ 102.142, 16.25 ], [ 102.116, 16.232 ], [ 102.121, 16.216 ], [ 102.113, 16.202 ], [ 102.108, 16.131 ], [ 102.088, 16.05 ], [ 102.092, 15.993 ], [ 102.098, 15.988 ], [ 102.102, 15.992 ], [ 102.145, 15.979 ], [ 102.146, 15.968 ], [ 102.158, 15.957 ], [ 102.159, 15.918 ], [ 102.167, 15.913 ], [ 102.158, 15.896 ], [ 102.147, 15.895 ], [ 102.145, 15.888 ], [ 102.13, 15.882 ], [ 102.145, 15.848 ], [ 102.15, 15.815 ], [ 102.159, 15.805 ], [ 102.155, 15.777 ], [ 102.166, 15.761 ], [ 102.167, 15.75 ], [ 102.144, 15.721 ], [ 102.131, 15.725 ], [ 102.123, 15.717 ], [ 102.082, 15.725 ], [ 102.075, 15.717 ], [ 102.051, 15.712 ], [ 102.045, 15.724 ], [ 102.006, 15.741 ], [ 101.993, 15.741 ], [ 101.991, 15.733 ], [ 101.983, 15.738 ], [ 101.971, 15.733 ], [ 101.958, 15.772 ], [ 101.967, 15.788 ], [ 101.957, 15.799 ], [ 101.938, 15.801 ], [ 101.933, 15.82 ], [ 101.921, 15.826 ], [ 101.917, 15.854 ], [ 101.921, 15.871 ], [ 101.909, 15.88 ], [ 101.9, 15.917 ], [ 101.925, 15.926 ], [ 101.942, 15.95 ], [ 101.946, 15.963 ], [ 101.942, 15.969 ], [ 101.967, 15.989 ], [ 101.963, 15.999 ], [ 101.978, 16.009 ], [ 101.966, 16.037 ], [ 101.954, 16.042 ], [ 101.955, 16.057 ], [ 101.958, 16.075 ], [ 101.971, 16.094 ], [ 101.991, 16.105 ], [ 101.992, 16.118 ], [ 101.984, 16.127 ], [ 101.997, 16.138 ], [ 102.002, 16.134 ], [ 102.017, 16.155 ], [ 102.001, 16.185 ], [ 102.004, 16.196 ] ] ] } },
{ "type": "Feature", "properties": { "hybas_id": 4071074480, "next_down": 4071078110, "main_bas": 4070017020, "sub_area": 697.5, "up_area": 697.5, "th_share": 1.0 }, "geometry": { "type": "Polygon", "coordinates": [ [ [ 103.425, 18.188 ], [ 103.417, 18.179 ], [ 103.401, 18.18 ], [ 103.399, 18.191 ], [ 103.379, 18.204 ], [ 103.358, 18.277 ], [ 103.362, 18.281 ], [ 103.358, 18.289 ], [ 103.367, 18.302 ], [ 103.358, 18.331 ], [ 103.363, 18.348 ], [ 103.355, 18.356 ], [ 103.354, 18.371 ], [ 103.366, 18.372 ], [ 103.367, 18.383 ], [ 103.388, 18.392 ], [ 103.399, 18.391 ], [ 103.439, 18.351 ], [ 103.462, 18.359 ], [ 103.474, 18.354 ], [ 103.498, 18.358 ], [ 103.54, 18.349 ], [ 103.548, 18.342 ], [ 103.558, 18.354 ], [ 103.577, 18.334 ], [ 103.587, 18.329 ], [ 103.595, 18.334 ], [ 103.6, 18.313 ], [ 103.633, 18.295 ], [ 103.651, 18.272 ], [ 103.662, 18.27 ], [ 103.676, 18.242 ], [ 103.671, 18.225 ], [ 103.658, 18.219 ], [ 103.67, 18.198 ], [ 103.666, 18.161 ], [ 103.675, 18.148 ], [ 103.671, 18.142 ], [ 103.649, 18.129 ], [ 103.644, 18.133 ], [ 103.633, 18.129 ], [ 103.596, 18.146 ], [ 103.601, 18.134 ], [ 103.595, 18.121 ], [ 103.58, 18.12 ], [ 103.574, 18.113 ], [ 103.578, 18.097 ], [ 103.555, 18.079 ], [ 103.542, 18.083 ], [ 103.532, 18.1 ], [ 103.521, 18.101 ], [ 103.52, 18.115 ], [ 103.505, 18.125 ], [ 103.495, 18.17 ], [ 103.464, 18.176 ], [ 103.448, 18.187 ], [ 103.425, 18.188 ] ] ] } },
{ "type": "Feature", "properties": { "hybas_id": 4071074620, "next_down": 4071078110, "main_bas": 4070017020, "sub_area": 3308.3, "up_area": 3308.3, "th_share": 1.0 }, "geometry": { "type": "Polygon", "coordinates": [ [ [ 103.413, 17.292 ], [ 103.43, 17.276 ], [ 103.445, 17.274 ], [ 103.451, 17.263 ], [ 103.47, 17.258 ], [ 103.467, 17.231 ], [ 103.479, 17.213 ], [ 103.473, 17.205 ], [ 103.455, 17.209 ], [ 103.449, 17.197 ], [ 103.433, 17.201 ], [ 103.41, 17.191 ], [ 103.396, 17.175 ], [ 103.383, 17.191 ], [ 103.353, 17.196 ], [ 103.337, 17.191 ], [ 103.298, 17.205 ], [ 103.253, 17.262 ], [ 103.218, 17.275 ], [ 103.207, 17.299 ], [ 103.175, 17.3 ], [ 103.188, 17.342 ], [ 103.18, 17.352 ], [ 103.184, 17.391 ], [ 103.171, 17.396 ], [ 103.179, 17.404 ], [ 103.175, 17.435 ], [ 103.183, 17.45 ], [ 103.167, 17.463 ], [ 103.179, 17.477 ], [ 103.175, 17.506 ], [ 103.187, 17.535 ], [ 103.188, 17.6 ], [ 103.195, 17.606 ], [ 103.196, 17.623 ], [ 103.205, 17.635 ], [ 103.2, 17.64 ], [ 103.208, 17.654 ], [ 103.2, 17.679 ], [ 103.209, 17.714 ], [ 103.204, 17.727 ], [ 103.225, 17.765 ], [ 103.221, 17.773 ], [ 103.231, 17.783 ], [ 103.258, 17.788 ], [ 103.25, 17.802 ], [ 103.255, 17.814 ], [ 103.25, 17.823 ], [ 103.271, 17.852 ], [ 103.266, 17.868 ], [ 103.27, 17.89 ], [ 103.253, 17.92 ], [ 103.246, 17.922 ], [ 103.246, 17.933 ], [ 103.258, 17.943 ], [ 103.271, 18.002 ], [ 103.288, 18.025 ], [ 103.278, 18.041 ], [ 103.246, 18.054 ], [ 103.225, 18.138 ], [ 103.237, 18.133 ], [ 103.249, 18.138 ], [ 103.251, 18.153 ], [ 103.266, 18.159 ], [ 103.278, 18.18 ], [ 103.307, 18.162 ], [ 103.309, 18.155 ], [ 103.342, 18.15 ], [ 103.337, 18.17 ], [ 103.349, 18.172 ], [ 103.35, 18.183 ], [ 103.361, 18.184 ], [ 103.379, 18.204 ], [ 103.399, 18.191 ], [ 103.401, 18.18 ], [ 103.448, 18.187 ], [ 103.464, 18.176 ], [ 103.495, 18.17 ], [ 103.501, 18.135 ], [ 103.52, 18.115 ], [ 103.526, 18.084 ], [ 103.542, 18.079 ], [ 103.534, 18.061 ], [ 103.533, 18.033 ], [ 103.546, 18.017 ], [ 103.541, 18.002 ], [ 103.55, 17.985 ], [ 103.545, 17.973 ], [ 103.526, 17.957 ], [ 103.53, 17.941 ], [ 103.52, 17.916 ], [ 103.537, 17.89 ], [ 103.538, 17.879 ], [ 103.529, 17.874 ], [ 103.533, 17.86 ], [ 103.513, 17.84 ], [ 103.512, 17.83 ], [ 103.483, 17.814 ], [ 103.487, 17.794 ], [ 103.484, 17.76 ], [ 103.488, 17.743 ], [ 103.507, 17.724 ], [ 103.558, 17.729 ], [ 103.579, 17.675 ], [ 103.575, 17.668 ], [ 103.579, 17.656 ], [ 103.567, 17.646 ], [ 103.575, 17.617 ], [ 103.563, 17.611 ], [ 103.554, 17.581 ], [ 103.538, 17.57 ], [ 103.542, 17.547 ], [ 103.492, 17.542 ], [ 103.5, 17.514 ], [ 103.496, 17.494 ], [ 103.5, 17.473 ], [ 103.484, 17.457 ], [ 103.483, 17.446 ], [ 103.499, 17.437 ], [ 103.509, 17.402 ], [ 103.52, 17.389 ], [ 103.507, 17.371 ], [ 103.502, 17.375 ], [ 103.488, 17.367 ], [ 103.46, 17.371 ], [ 103.426, 17.327 ], [ 103.42, 17.309 ], [ 103.413, 17.307 ], [ 103.413, 17.292 ] ] ] } },
{ "type": "Feature", "properties": { "hybas_id": 4071095870, "next_down": 4071091420, "main_bas": 4070017020, "sub_area": 1774.4, "up_area": 1774.6, "th_share": 1.0 }, "geometry": { "type": "Polygon", "coordinates": [ [ [ 101.792, 16.763 ], [ 101.814, 16.779 ], [ 101.836, 16.784 ], [ 101.858, 16.775 ], [ 101.886, 16.78 ], [ 101.91, 16.799 ], [ 101.92, 16.799 ], [ 101.925, 16.792 ], [ 101.942, 16.796 ], [ 101.962, 16.787 ], [ 101.967, 16.771 ], [ 101.987, 16.762 ], [ 102.016, 16.732 ], [ 102.022, 16.718 ], [ 102.037, 16.707 ], [ 102.038, 16.696 ], [ 102.054, 16.686 ], [ 102.059, 16.648 ], [ 102.084, 16.621 ], [ 102.163, 16.625 ], [ 102.155, 16.568 ], [ 102.179, 16.558 ], [ 102.213, 16.518 ], [ 102.208, 16.509 ], [ 102.218, 16.496 ], [ 102.237, 16.491 ], [ 102.242, 16.463 ], [ 102.253, 16.462 ], [ 102.254, 16.45 ], [ 102.222, 16.455 ], [ 102.207, 16.474 ], [ 102.178, 16.476 ], [ 102.166, 16.466 ], [ 102.124, 16.484 ], [ 102.096, 16.471 ], [ 102.086, 16.455 ], [ 102.061, 16.454 ], [ 102.036, 16.459 ], [ 102.027, 16.455 ], [ 101.973, 16.471 ], [ 101.965, 16.466 ], [ 101.954, 16.479 ], [ 101.933, 16.484 ], [ 101.922, 16.479 ], [ 101.916, 16.491 ], [ 101.906, 16.495 ], [ 101.882, 16.487 ], [ 101.87, 16.496 ], [ 101.84, 16.48 ], [ 101.798, 16.47 ], [ 101.771, 16.488 ], [ 101.747, 16.487 ], [ 101.746, 16.475 ], [ 101.729, 16.475 ], [ 101.724, 16.487 ], [ 101.715, 16.491 ], [ 101.708, 16.487 ], [ 101.699, 16.499 ], [ 101.672, 16.513 ], [ 101.662, 16.57 ], [ 101.634, 16.584 ], [ 101.634, 16.607 ], [ 101.65, 16.635 ], [ 101.632, 16.662 ], [ 101.621, 16.668 ], [ 101.616, 16.69 ], [ 101.592, 16.717 ], [ 101.551, 16.726 ], [ 101.563, 16.75 ], [ 101.558, 16.77 ], [ 101.543, 16.775 ], [ 101.526, 16.806 ], [ 101.517, 16.895 ], [ 101.542, 16.888 ], [ 101.559, 16.847 ], [ 101.566, 16.845 ], [ 101.567, 16.83 ], [ 101.577, 16.821 ], [ 101.598, 16.82 ], [ 101.607, 16.812 ], [ 101.623, 16.816 ], [ 101.631, 16.812 ], [ 101.663, 16.771 ], [ 101.687, 16.757 ], [ 101.688, 16.751 ], [ 101.712, 16.745 ], [ 101.718, 16.729 ], [ 101.766, 16.742 ], [ 101.767, 16.758 ], [ 101.792, 16.763 ] ] ] } },
{ "type": "Feature", "properties": { "hybas_id": 4071095950, "next_down": 4071091420, "main_bas": 4070017020, "sub_area": 2252.9, "up_area": 2252.9, "th_share": 1.0 }, "geometry": { "type": "Polygon", "coordinates": [ [ [ 102.017, 16.188 ], [ 102.0, 16.196 ], [ 102.009, 16.164 ], [ 102.017, 16.155 ], [ 102.002, 16.134 ], [ 101.997, 16.138 ], [ 101.984, 16.127 ], [ 101.992, 16.118 ], [ 101.991, 16.105 ], [ 101.976, 16.099 ], [ 101.962, 16.076 ], [ 101.953, 16.083 ], [ 101.885, 16.088 ], [ 101.868, 16.097 ], [ 101.866, 16.127 ], [ 101.85, 16.152 ], [ 101.821, 16.175 ], [ 101.854, 16.223 ], [ 101.845, 16.277 ], [ 101.824, 16.308 ], [ 101.804, 16.308 ], [ 101.787, 16.337 ], [ 101.747, 16.359 ], [ 101.729, 16.394 ], [ 101.707, 16.416 ], [ 101.696, 16.421 ], [ 101.684, 16.408 ], [ 101.677, 16.412 ], [ 101.672, 16.408 ], [ 101.648, 16.42 ], [ 101.597, 16.395 ], [ 101.567, 16.358 ], [ 101.558, 16.39 ], [ 101.546, 16.406 ], [ 101.546, 16.421 ], [ 101.525, 16.43 ], [ 101.504, 16.457 ], [ 101.512, 16.478 ], [ 101.489, 16.484 ], [ 101.473, 16.479 ], [ 101.451, 16.457 ], [ 101.446, 16.433 ], [ 101.429, 16.429 ], [ 101.413, 16.498 ], [ 101.412, 16.539 ], [ 101.421, 16.548 ], [ 101.413, 16.56 ], [ 101.413, 16.577 ], [ 101.424, 16.593 ], [ 101.426, 16.611 ], [ 101.442, 16.642 ], [ 101.446, 16.646 ], [ 101.466, 16.642 ], [ 101.48, 16.666 ], [ 101.508, 16.675 ], [ 101.513, 16.715 ], [ 101.526, 16.734 ], [ 101.592, 16.717 ], [ 101.616, 16.69 ], [ 101.621, 16.668 ], [ 101.632, 16.662 ], [ 101.65, 16.635 ], [ 101.634, 16.607 ], [ 101.634, 16.584 ], [ 101.662, 16.57 ], [ 101.672, 16.513 ], [ 101.699, 16.499 ], [ 101.708, 16.487 ], [ 101.715, 16.491 ], [ 101.724, 16.487 ], [ 101.729, 16.475 ], [ 101.746, 16.475 ], [ 101.747, 16.487 ], [ 101.771, 16.488 ], [ 101.798, 16.47 ], [ 101.84, 16.48 ], [ 101.87, 16.496 ], [ 101.882, 16.487 ], [ 101.906, 16.495 ], [ 101.916, 16.491 ], [ 101.922, 16.479 ], [ 101.941, 16.483 ], [ 101.954, 16.479 ], [ 101.965, 16.466 ], [ 101.973, 16.471 ], [ 102.029, 16.454 ], [ 102.036, 16.459 ], [ 102.086, 16.455 ], [ 102.096, 16.471 ], [ 102.124, 16.484 ], [ 102.166, 16.466 ], [ 102.178, 16.476 ], [ 102.207, 16.474 ], [ 102.233, 16.449 ], [ 102.241, 16.455 ], [ 102.258, 16.45 ], [ 102.249, 16.426 ], [ 102.234, 16.424 ], [ 102.226, 16.415 ], [ 102.233, 16.363 ], [ 102.226, 16.358 ], [ 102.224, 16.347 ], [ 102.209, 16.341 ], [ 102.199, 16.313 ], [ 102.173, 16.292 ], [ 102.108, 16.292 ], [ 102.103, 16.237 ], [ 102.029, 16.254 ], [ 102.045, 16.193 ], [ 102.04, 16.188 ], [ 102.017, 16.188 ] ] ] } },
{ "type": "Feature", "properties": { "hybas_id": 4071073830, "next_down": 4071070550, "main_bas": 4070017020, "sub_area": 123.0, "up_area": 311669.1, "th_share": 0.43 }, "geometry": { "type": "Polygon", "coordinates": [ [ [ 103.067, 18.025 ], [ 103.058, 18.041 ], [ 103.039, 18.033 ], [ 103.032, 18.045 ], [ 103.022, 18.047 ], [ 103.016, 18.061 ], [ 102.996, 18.054 ], [ 102.996, 18.073 ], [ 103.004, 18.083 ], [ 103.02, 18.084 ], [ 103.026, 18.099 ], [ 103.041, 18.105 ], [ 103.046, 18.127 ], [ 103.064, 18.155 ], [ 103.099, 18.145 ], [ 103.1, 18.135 ], [ 103.117, 18.125 ], [ 103.121, 18.102 ], [ 103.112, 18.089 ], [ 103.113, 18.077 ], [ 103.125, 18.06 ], [ 103.116, 18.041 ], [ 103.121, 18.025 ], [ 103.101, 18.024 ], [ 103.095, 18.016 ], [ 103.067, 18.025 ] ] ] } },
{ "type": "Feature", "properties": { "hybas_id": 4071075640, "next_down": 4071073830, "main_bas": 4070017020, "sub_area": 48.0, "up_area": 307488.1, "th_share": 0.3 }, "geometry": { "type": "Polygon", "coordinates": [ [ [ 102.996, 17.95 ], [ 103.0, 17.988 ], [ 103.007, 17.988 ], [ 103.02, 18.006 ], [ 103.016, 18.03 ], [ 103.025, 18.046 ], [ 103.032, 18.045 ], [ 103.039, 18.033 ], [ 103.058, 18.041 ], [ 103.071, 18.021 ], [ 103.058, 17.98 ], [ 103.019, 17.951 ], [ 102.996, 17.95 ] ] ] } },
{ "type": "Feature", "properties": { "hybas_id": 4071075650, "next_down": 4071073830, "main_bas": 4070017020, "sub_area": 4057.4, "up_area": 4057.8, "th_share": 1.0 }, "geometry": { "type": "Polygon", "coordinates": [ [ [ 103.2, 17.679 ], [ 103.208, 17.652 ], [ 103.2, 17.64 ], [ 103.205, 17.635 ], [ 103.196, 17.623 ], [ 103.195, 17.606 ], [ 103.188, 17.6 ], [ 103.187, 17.535 ], [ 103.175, 17.506 ], [ 103.179, 17.477 ], [ 103.167, 17.463 ], [ 103.183, 17.45 ], [ 103.175, 17.435 ], [ 103.179, 17.404 ], [ 103.171, 17.396 ], [ 103.184, 17.391 ], [ 103.18, 17.352 ], [ 103.188, 17.342 ], [ 103.177, 17.309 ], [ 103.148, 17.308 ], [ 103.119, 17.288 ], [ 103.097, 17.287 ], [ 103.095, 17.279 ], [ 103.087, 17.284 ], [ 103.044, 17.263 ], [ 103.027, 17.262 ], [ 103.011, 17.275 ], [ 102.952, 17.271 ], [ 102.934, 17.28 ], [ 102.933, 17.29 ], [ 102.917, 17.3 ], [ 102.911, 17.284 ], [ 102.89, 17.28 ], [ 102.873, 17.284 ], [ 102.867, 17.292 ], [ 102.83, 17.291 ], [ 102.828, 17.284 ], [ 102.809, 17.278 ], [ 102.795, 17.251 ], [ 102.781, 17.238 ], [ 102.767, 17.233 ], [ 102.752, 17.241 ], [ 102.722, 17.234 ], [ 102.72, 17.241 ], [ 102.698, 17.245 ], [ 102.682, 17.23 ], [ 102.667, 17.229 ], [ 102.652, 17.209 ], [ 102.642, 17.208 ], [ 102.63, 17.177 ], [ 102.63, 17.164 ], [ 102.656, 17.146 ], [ 102.691, 17.141 ], [ 102.7, 17.071 ], [ 102.68, 17.048 ], [ 102.679, 17.014 ], [ 102.671, 17.0 ], [ 102.646, 17.004 ], [ 102.615, 17.029 ], [ 102.572, 17.047 ], [ 102.558, 17.063 ], [ 102.546, 17.067 ], [ 102.541, 17.082 ], [ 102.517, 17.11 ], [ 102.504, 17.157 ], [ 102.48, 17.189 ], [ 102.488, 17.221 ], [ 102.479, 17.252 ], [ 102.463, 17.259 ], [ 102.463, 17.279 ], [ 102.442, 17.284 ], [ 102.446, 17.323 ], [ 102.441, 17.34 ], [ 102.404, 17.413 ], [ 102.419, 17.417 ], [ 102.468, 17.462 ], [ 102.498, 17.471 ], [ 102.517, 17.494 ], [ 102.513, 17.521 ], [ 102.519, 17.521 ], [ 102.535, 17.541 ], [ 102.561, 17.546 ], [ 102.582, 17.542 ], [ 102.592, 17.55 ], [ 102.605, 17.534 ], [ 102.64, 17.537 ], [ 102.662, 17.52 ], [ 102.686, 17.538 ], [ 102.742, 17.529 ], [ 102.762, 17.542 ], [ 102.781, 17.541 ], [ 102.812, 17.529 ], [ 102.832, 17.53 ], [ 102.834, 17.537 ], [ 102.853, 17.538 ], [ 102.855, 17.546 ], [ 102.892, 17.542 ], [ 102.888, 17.558 ], [ 102.892, 17.591 ], [ 102.911, 17.591 ], [ 102.927, 17.58 ], [ 102.94, 17.579 ], [ 102.951, 17.615 ], [ 102.975, 17.656 ], [ 102.971, 17.665 ], [ 102.988, 17.685 ], [ 102.979, 17.7 ], [ 102.963, 17.705 ], [ 102.967, 17.733 ], [ 102.95, 17.746 ], [ 102.951, 17.773 ], [ 102.962, 17.78 ], [ 102.966, 17.794 ], [ 102.962, 17.809 ], [ 102.967, 17.817 ], [ 102.959, 17.832 ], [ 102.978, 17.842 ], [ 102.987, 17.856 ], [ 102.971, 17.915 ], [ 102.989, 17.95 ], [ 103.019, 17.951 ], [ 103.058, 17.98 ], [ 103.071, 18.021 ], [ 103.095, 18.016 ], [ 103.101, 18.024 ], [ 103.121, 18.025 ], [ 103.125, 17.971 ], [ 103.141, 17.965 ], [ 103.159, 17.913 ], [ 103.219, 17.921 ], [ 103.241, 17.938 ], [ 103.27, 17.89 ], [ 103.266, 17.868 ], [ 103.27, 17.848 ], [ 103.25, 17.823 ], [ 103.255, 17.814 ], [ 103.25, 17.802 ], [ 103.258, 17.788 ], [ 103.231, 17.783 ], [ 103.221, 17.773 ], [ 103.225, 17.765 ], [ 103.204, 17.727 ], [ 103.209, 17.714 ], [ 103.2, 17.679 ] ] ] } },
{ "type": "Feature", "properties": { "hybas_id": 4071105000, "next_down": 4071103810, "main_bas": 4070017020, "sub_area": 617.0, "up_area": 4763.7, "th_share": 1.0 }, "geometry": { "type": "Polygon", "coordinates": [ [ [ 101.788, 15.788 ], [ 101.803, 15.788 ], [ 101.824, 15.823 ], [ 101.82, 15.841 ], [ 101.805, 15.851 ], [ 101.799, 15.87 ], [ 101.788, 15.876 ], [ 101.783, 15.907 ], [ 101.767, 15.921 ], [ 101.759, 15.943 ], [ 101.758, 15.971 ], [ 101.81, 15.976 ], [ 101.865, 15.995 ], [ 101.908, 16.001 ], [ 101.921, 16.024 ], [ 101.954, 16.046 ], [ 101.966, 16.037 ], [ 101.978, 16.009 ], [ 101.963, 15.999 ], [ 101.967, 15.989 ], [ 101.942, 15.969 ], [ 101.946, 15.963 ], [ 101.942, 15.95 ], [ 101.925, 15.926 ], [ 101.901, 15.92 ], [ 101.909, 15.88 ], [ 101.92, 15.874 ], [ 101.921, 15.858 ], [ 101.9, 15.853 ], [ 101.905, 15.821 ], [ 101.892, 15.801 ], [ 101.871, 15.795 ], [ 101.88, 15.771 ], [ 101.864, 15.762 ], [ 101.862, 15.747 ], [ 101.845, 15.738 ], [ 101.895, 15.69 ], [ 101.908, 15.673 ], [ 101.907, 15.659 ], [ 101.885, 15.658 ], [ 101.876, 15.653 ], [ 101.875, 15.646 ], [ 101.834, 15.645 ], [ 101.832, 15.638 ], [ 101.819, 15.637 ], [ 101.802, 15.621 ], [ 101.77, 15.63 ], [ 101.751, 15.624 ], [ 101.749, 15.618 ], [ 101.731, 15.609 ], [ 101.689, 15.609 ], [ 101.669, 15.62 ], [ 101.633, 15.617 ], [ 101.609, 15.634 ], [ 101.609, 15.649 ], [ 101.631, 15.658 ], [ 101.706, 15.663 ], [ 101.723, 15.674 ], [ 101.737, 15.676 ], [ 101.743, 15.691 ], [ 101.758, 15.7 ], [ 101.772, 15.737 ], [ 101.795, 15.75 ], [ 101.795, 15.761 ], [ 101.788, 15.768 ], [ 101.788, 15.788 ] ] ] } },
{ "type": "Feature", "properties": { "hybas_id": 4071105040, "next_down": 4071103810, "main_bas": 4070017020, "sub_area": 1717.4, "up_area": 1717.5, "th_share": 1.0 }, "geometry": { "type": "Polygon", "coordinates": [ [ [ 101.704, 15.608 ], [ 101.705, 15.613 ], [ 101.731, 15.609 ], [ 101.749, 15.618 ], [ 101.751, 15.624 ], [ 101.77, 15.63 ], [ 101.802, 15.621 ], [ 101.819, 15.637 ], [ 101.832, 15.638 ], [ 101.834, 15.645 ], [ 101.875, 15.646 ], [ 101.876, 15.653 ], [ 101.885, 15.658 ], [ 101.912, 15.662 ], [ 101.913, 15.655 ], [ 101.924, 15.653 ], [ 101.943, 15.601 ], [ 101.967, 15.592 ], [ 101.971, 15.544 ], [ 101.992, 15.524 ], [ 101.988, 15.489 ], [ 101.996, 15.467 ], [ 101.964, 15.454 ], [ 101.935, 15.459 ], [ 101.925, 15.454 ], [ 101.9, 15.404 ], [ 101.867, 15.404 ], [ 101.846, 15.413 ], [ 101.827, 15.401 ], [ 101.789, 15.395 ], [ 101.777, 15.384 ], [ 101.758, 15.383 ], [ 101.72, 15.401 ], [ 101.702, 15.384 ], [ 101.681, 15.376 ], [ 101.649, 15.37 ], [ 101.638, 15.375 ], [ 101.633, 15.352 ], [ 101.605, 15.336 ], [ 101.6, 15.317 ], [ 101.571, 15.329 ], [ 101.566, 15.313 ], [ 101.544, 15.312 ], [ 101.531, 15.305 ], [ 101.526, 15.309 ], [ 101.497, 15.305 ], [ 101.482, 15.324 ], [ 101.467, 15.329 ], [ 101.466, 15.348 ], [ 101.443, 15.371 ], [ 101.437, 15.398 ], [ 101.445, 15.415 ], [ 101.429, 15.432 ], [ 101.409, 15.438 ], [ 101.408, 15.455 ], [ 101.417, 15.484 ], [ 101.412, 15.491 ], [ 101.398, 15.492 ], [ 101.38, 15.518 ], [ 101.374, 15.541 ], [ 101.38, 15.553 ], [ 101.374, 15.566 ], [ 101.376, 15.598 ], [ 101.388, 15.641 ], [ 101.406, 15.637 ], [ 101.435, 15.613 ], [ 101.474, 15.617 ], [ 101.48, 15.633 ], [ 101.488, 15.634 ], [ 101.523, 15.616 ], [ 101.582, 15.625 ], [ 101.608, 15.638 ], [ 101.631, 15.617 ], [ 101.669, 15.62 ], [ 101.689, 15.609 ], [ 101.704, 15.608 ] ] ] } },
{ "type": "Feature", "properties": { "hybas_id": 4071075960, "next_down": 4071075640, "main_bas": 4070017020, "sub_area": 1136.8, "up_area": 306205.4, "th_share": 0.5 }, "geometry": { "type": "Polygon", "coordinates": [ [ [ 102.563, 17.613 ], [ 102.546, 17.638 ], [ 102.522, 17.647 ], [ 102.517, 17.667 ], [ 102.532, 17.676 ], [ 102.538, 17.699 ], [ 102.545, 17.701 ], [ 102.546, 17.723 ], [ 102.567, 17.77 ], [ 102.562, 17.791 ], [ 102.549, 17.793 ], [ 102.551, 17.812 ], [ 102.563, 17.813 ], [ 102.549, 17.833 ], [ 102.551, 17.844 ], [ 102.563, 17.863 ], [ 102.579, 17.85 ], [ 102.591, 17.859 ], [ 102.587, 17.87 ], [ 102.592, 17.871 ], [ 102.608, 17.85 ], [ 102.629, 17.855 ], [ 102.645, 17.873 ], [ 102.647, 17.899 ], [ 102.666, 17.901 ], [ 102.668, 17.909 ], [ 102.679, 17.904 ], [ 102.692, 17.921 ], [ 102.683, 17.932 ], [ 102.691, 17.934 ], [ 102.692, 17.947 ], [ 102.684, 17.956 ], [ 102.688, 17.963 ], [ 102.679, 17.978 ], [ 102.667, 17.98 ], [ 102.666, 17.992 ], [ 102.639, 17.992 ], [ 102.633, 17.983 ], [ 102.616, 17.997 ], [ 102.633, 18.009 ], [ 102.63, 18.027 ], [ 102.646, 18.063 ], [ 102.643, 18.074 ], [ 102.663, 18.07 ], [ 102.678, 18.08 ], [ 102.675, 18.092 ], [ 102.694, 18.095 ], [ 102.708, 18.091 ], [ 102.708, 18.083 ], [ 102.748, 18.079 ], [ 102.782, 18.062 ], [ 102.811, 18.067 ], [ 102.848, 18.05 ], [ 102.854, 18.054 ], [ 102.859, 18.043 ], [ 102.876, 18.037 ], [ 102.891, 18.046 ], [ 102.908, 18.069 ], [ 102.908, 18.079 ], [ 102.925, 18.075 ], [ 102.932, 18.084 ], [ 102.948, 18.083 ], [ 102.977, 18.054 ], [ 103.016, 18.061 ], [ 103.025, 18.046 ], [ 103.016, 18.03 ], [ 103.02, 18.006 ], [ 103.007, 17.988 ], [ 102.982, 17.983 ], [ 102.974, 17.988 ], [ 102.906, 17.974 ], [ 102.885, 17.955 ], [ 102.829, 17.928 ], [ 102.83, 17.917 ], [ 102.84, 17.916 ], [ 102.85, 17.902 ], [ 102.845, 17.881 ], [ 102.838, 17.873 ], [ 102.841, 17.864 ], [ 102.82, 17.838 ], [ 102.797, 17.833 ], [ 102.795, 17.822 ], [ 102.774, 17.826 ], [ 102.768, 17.821 ], [ 102.762, 17.805 ], [ 102.755, 17.803 ], [ 102.741, 17.751 ], [ 102.745, 17.746 ], [ 102.73, 17.741 ], [ 102.719, 17.721 ], [ 102.709, 17.72 ], [ 102.705, 17.71 ], [ 102.708, 17.7 ], [ 102.672, 17.691 ], [ 102.657, 17.667 ], [ 102.635, 17.671 ], [ 102.604, 17.622 ], [ 102.573, 17.609 ], [ 102.563, 17.613 ] ] ] } },
{ "type": "Feature", "properties": { "hybas_id": 4071076030, "next_down": 4071075640, "main_bas": 4070017020, "sub_area": 1234.5, "up_area": 1234.5, "th_share": 1.0 }, "geometry": { "type": "Polygon", "coordinates": [ [ [ 102.95, 17.746 ], [ 102.967, 17.733 ], [ 102.963, 17.705 ], [ 102.979, 17.7 ], [ 102.987, 17.681 ], [ 102.971, 17.665 ], [ 102.975, 17.656 ], [ 102.951, 17.615 ], [ 102.94, 17.579 ], [ 102.927, 17.58 ], [ 102.911, 17.591 ], [ 102.892, 17.591 ], [ 102.888, 17.558 ], [ 102.892, 17.542 ], [ 102.855, 17.546 ], [ 102.853, 17.538 ], [ 102.812, 17.529 ], [ 102.781, 17.541 ], [ 102.762, 17.542 ], [ 102.742, 17.529 ], [ 102.686, 17.538 ], [ 102.662, 17.52 ], [ 102.64, 17.537 ], [ 102.605, 17.534 ], [ 102.592, 17.55 ], [ 102.573, 17.541 ], [ 102.561, 17.546 ], [ 102.546, 17.542 ], [ 102.542, 17.547 ], [ 102.541, 17.568 ], [ 102.562, 17.594 ], [ 102.563, 17.608 ], [ 102.604, 17.622 ], [ 102.635, 17.671 ], [ 102.657, 17.667 ], [ 102.672, 17.691 ], [ 102.708, 17.7 ], [ 102.705, 17.71 ], [ 102.709, 17.72 ], [ 102.719, 17.721 ], [ 102.73, 17.741 ], [ 102.745, 17.746 ], [ 102.741, 17.751 ], [ 102.755, 17.803 ], [ 102.762, 17.805 ], [ 102.768, 17.821 ], [ 102.774, 17.826 ], [ 102.795, 17.822 ], [ 102.797, 17.833 ], [ 102.82, 17.838 ], [ 102.841, 17.864 ], [ 102.838, 17.873 ], [ 102.845, 17.881 ], [ 102.85, 17.902 ], [ 102.84, 17.916 ], [ 102.83, 17.917 ], [ 102.829, 17.928 ], [ 102.885, 17.955 ], [ 102.906, 17.974 ], [ 102.991, 17.988 ], [ 103.0, 17.983 ], [ 103.0, 17.964 ], [ 102.996, 17.95 ], [ 102.984, 17.944 ], [ 102.983, 17.931 ], [ 102.971, 17.913 ], [ 102.987, 17.856 ], [ 102.978, 17.842 ], [ 102.959, 17.832 ], [ 102.967, 17.817 ], [ 102.962, 17.809 ], [ 102.966, 17.794 ], [ 102.962, 17.78 ], [ 102.951, 17.773 ], [ 102.95, 17.746 ] ] ] } },
{ "type": "Feature", "properties": { "hybas_id": 4071103510, "next_down": 4071105000, "main_bas": 4070017020, "sub_area": 893.3, "up_area": 893.3, "th_share": 1.0 }, "geometry": { "type": "Polygon", "coordinates": [ [ [ 101.508, 15.95 ], [ 101.52, 15.949 ], [ 101.533, 15.9 ], [ 101.566, 15.882 ], [ 101.584, 15.85 ], [ 101.6, 15.853 ], [ 101.608, 15.838 ], [ 101.604, 15.821 ], [ 101.612, 15.82 ], [ 101.622, 15.8 ], [ 101.673, 15.804 ], [ 101.682, 15.795 ], [ 101.702, 15.796 ], [ 101.711, 15.805 ], [ 101.788, 15.788 ], [ 101.795, 15.75 ], [ 101.772, 15.737 ], [ 101.758, 15.7 ], [ 101.743, 15.691 ], [ 101.737, 15.676 ], [ 101.723, 15.674 ], [ 101.706, 15.663 ], [ 101.631, 15.658 ], [ 101.609, 15.649 ], [ 101.608, 15.638 ], [ 101.582, 15.625 ], [ 101.523, 15.616 ], [ 101.488, 15.634 ], [ 101.48, 15.633 ], [ 101.474, 15.617 ], [ 101.435, 15.613 ], [ 101.406, 15.637 ], [ 101.392, 15.642 ], [ 101.4, 15.664 ], [ 101.405, 15.723 ], [ 101.42, 15.752 ], [ 101.425, 15.811 ], [ 101.434, 15.84 ], [ 101.458, 15.877 ], [ 101.463, 15.923 ], [ 101.485, 15.958 ], [ 101.5, 15.963 ], [ 101.508, 15.95 ] ] ] } },
{ "type": "Feature", "properties": { "hybas_id": 4071103470, "next_down": 4071105000, "main_bas": 4070017020, "sub_area": 875.6, "up_area": 3253.6, "th_share": 1.0 }, "geometry": { "type": "Polygon", "coordinates": [ [ [ 101.771, 16.113 ], [ 101.778, 16.133 ], [ 101.758, 16.147 ], [ 101.767, 16.171 ], [ 101.778, 16.176 ], [ 101.78, 16.184 ], [ 101.799, 16.183 ], [ 101.812, 16.17 ], [ 101.823, 16.175 ], [ 101.85, 16.152 ], [ 101.866, 16.127 ], [ 101.868, 16.097 ], [ 101.906, 16.084 ], [ 101.912, 16.088 ], [ 101.953, 16.083 ], [ 101.958, 16.075 ], [ 101.954, 16.046 ], [ 101.921, 16.024 ], [ 101.908, 16.001 ], [ 101.865, 15.995 ], [ 101.81, 15.976 ], [ 101.758, 15.971 ], [ 101.759, 15.943 ], [ 101.767, 15.921 ], [ 101.783, 15.907 ], [ 101.788, 15.876 ], [ 101.799, 15.87 ], [ 101.805, 15.851 ], [ 101.82, 15.841 ], [ 101.825, 15.817 ], [ 101.803, 15.788 ], [ 101.768, 15.788 ], [ 101.757, 15.795 ], [ 101.711, 15.805 ], [ 101.702, 15.796 ], [ 101.682, 15.795 ], [ 101.673, 15.804 ], [ 101.622, 15.8 ], [ 101.612, 15.82 ], [ 101.604, 15.821 ], [ 101.608, 15.838 ], [ 101.6, 15.853 ], [ 101.584, 15.85 ], [ 101.566, 15.882 ], [ 101.533, 15.9 ], [ 101.521, 15.946 ], [ 101.545, 15.947 ], [ 101.547, 15.962 ], [ 101.56, 15.974 ], [ 101.641, 15.98 ], [ 101.642, 16.003 ], [ 101.682, 16.013 ], [ 101.695, 16.026 ], [ 101.709, 16.062 ], [ 101.732, 16.067 ], [ 101.745, 16.085 ], [ 101.746, 16.103 ], [ 101.771, 16.113 ] ] ] } },
{ "type": "Feature", "properties": { "hybas_id": 4071100780, "next_down": 4071103470, "main_bas": 4070017020, "sub_area": 1514.3, "up_area": 1514.7, "th_share": 1.0 }, "geometry": { "type": "Polygon", "coordinates": [ [ [ 101.85, 16.242 ], [ 101.855, 16.24 ], [ 101.854, 16.223 ], [ 101.821, 16.175 ], [ 101.812, 16.17 ], [ 101.799, 16.183 ], [ 101.78, 16.184 ], [ 101.778, 16.176 ], [ 101.767, 16.171 ], [ 101.758, 16.147 ], [ 101.778, 16.133 ], [ 101.771, 16.113 ], [ 101.746, 16.103 ], [ 101.745, 16.085 ], [ 101.732, 16.067 ], [ 101.709, 16.062 ], [ 101.695, 16.026 ], [ 101.682, 16.013 ], [ 101.667, 16.013 ], [ 101.666, 16.02 ], [ 101.656, 16.021 ], [ 101.649, 16.033 ], [ 101.634, 16.034 ], [ 101.632, 16.041 ], [ 101.622, 16.042 ], [ 101.603, 16.062 ], [ 101.585, 16.067 ], [ 101.571, 16.083 ], [ 101.546, 16.079 ], [ 101.53, 16.093 ], [ 101.524, 16.116 ], [ 101.51, 16.117 ], [ 101.5, 16.127 ], [ 101.505, 16.134 ], [ 101.495, 16.186 ], [ 101.469, 16.196 ], [ 101.447, 16.18 ], [ 101.441, 16.196 ], [ 101.446, 16.203 ], [ 101.433, 16.213 ], [ 101.438, 16.22 ], [ 101.427, 16.221 ], [ 101.408, 16.238 ], [ 101.399, 16.233 ], [ 101.38, 16.247 ], [ 101.379, 16.262 ], [ 101.371, 16.267 ], [ 101.371, 16.294 ], [ 101.379, 16.306 ], [ 101.384, 16.352 ], [ 101.403, 16.372 ], [ 101.408, 16.385 ], [ 101.405, 16.398 ], [ 101.429, 16.429 ], [ 101.446, 16.433 ], [ 101.451, 16.457 ], [ 101.473, 16.479 ], [ 101.489, 16.484 ], [ 101.512, 16.478 ], [ 101.504, 16.457 ], [ 101.525, 16.43 ], [ 101.546, 16.421 ], [ 101.546, 16.406 ], [ 101.558, 16.39 ], [ 101.567, 16.358 ], [ 101.597, 16.395 ], [ 101.648, 16.42 ], [ 101.672, 16.408 ], [ 101.677, 16.412 ], [ 101.684, 16.408 ], [ 101.696, 16.421 ], [ 101.707, 16.416 ], [ 101.729, 16.394 ], [ 101.747, 16.359 ], [ 101.787, 16.337 ], [ 101.804, 16.308 ], [ 101.824, 16.308 ], [ 101.845, 16.277 ], [ 101.85, 16.242 ] ] ] } },
{ "type": "Feature", "properties": { "hybas_id": 4071100770, "next_down": 4071103470, "main_bas": 4070017020, "sub_area": 863.4, "up_area": 863.4, "th_share": 1.0 }, "geometry": { "type": "Polygon", "coordinates": [ [ [ 101.417, 16.075 ], [ 101.399, 16.116 ], [ 101.38, 16.122 ], [ 101.361, 16.141 ], [ 101.35, 16.138 ], [ 101.345, 16.146 ], [ 101.349, 16.166 ], [ 101.296, 16.179 ], [ 101.301, 16.199 ], [ 101.316, 16.209 ], [ 101.321, 16.227 ], [ 101.352, 16.266 ], [ 101.371, 16.267 ], [ 101.389, 16.238 ], [ 101.399, 16.233 ], [ 101.408, 16.238 ], [ 101.427, 16.221 ], [ 101.438, 16.22 ], [ 101.433, 16.213 ], [ 101.446, 16.203 ], [ 101.441, 16.196 ], [ 101.447, 16.18 ], [ 101.469, 16.196 ], [ 101.49, 16.191 ], [ 101.5, 16.177 ], [ 101.505, 16.134 ], [ 101.5, 16.127 ], [ 101.51, 16.117 ], [ 101.524, 16.116 ], [ 101.53, 16.093 ], [ 101.546, 16.079 ], [ 101.571, 16.083 ], [ 101.585, 16.067 ], [ 101.603, 16.062 ], [ 101.622, 16.042 ], [ 101.632, 16.041 ], [ 101.634, 16.034 ], [ 101.649, 16.033 ], [ 101.656, 16.021 ], [ 101.666, 16.02 ], [ 101.667, 16.013 ], [ 101.66, 16.005 ], [ 101.642, 16.003 ], [ 101.641, 15.98 ], [ 101.56, 15.974 ], [ 101.547, 15.962 ], [ 101.545, 15.947 ], [ 101.508, 15.95 ], [ 101.5, 15.963 ], [ 101.476, 15.949 ], [ 101.463, 15.923 ], [ 101.458, 15.877 ], [ 101.434, 15.84 ], [ 101.425, 15.811 ], [ 101.42, 15.752 ], [ 101.408, 15.733 ], [ 101.398, 15.734 ], [ 101.39, 15.741 ], [ 101.35, 15.746 ], [ 101.349, 15.754 ], [ 101.338, 15.75 ], [ 101.341, 15.769 ], [ 101.32, 15.795 ], [ 101.329, 15.797 ], [ 101.325, 15.842 ], [ 101.334, 15.877 ], [ 101.338, 15.887 ], [ 101.35, 15.888 ], [ 101.358, 15.898 ], [ 101.359, 15.912 ], [ 101.37, 15.913 ], [ 101.366, 15.934 ], [ 101.396, 16.008 ], [ 101.391, 16.013 ], [ 101.396, 16.034 ], [ 101.383, 16.046 ], [ 101.388, 16.062 ], [ 101.41, 16.063 ], [ 101.417, 16.075 ] ] ] } },
{ "type": "Feature", "properties": { "hybas_id": 4071077480, "next_down": 4071075960, "main_bas": 4070017020, "sub_area": 2688.9, "up_area": 2688.9, "th_share": 1.0 }, "geometry": { "type": "Polygon", "coordinates": [ [ [ 102.046, 17.663 ], [ 102.067, 17.692 ], [ 102.076, 17.67 ], [ 102.112, 17.684 ], [ 102.117, 17.707 ], [ 102.137, 17.713 ], [ 102.152, 17.729 ], [ 102.165, 17.717 ], [ 102.178, 17.716 ], [ 102.19, 17.701 ], [ 102.2, 17.7 ], [ 102.205, 17.716 ], [ 102.235, 17.721 ], [ 102.252, 17.733 ], [ 102.263, 17.733 ], [ 102.267, 17.725 ], [ 102.285, 17.721 ], [ 102.29, 17.725 ], [ 102.321, 17.721 ], [ 102.33, 17.777 ], [ 102.325, 17.798 ], [ 102.329, 17.827 ], [ 102.321, 17.863 ], [ 102.298, 17.871 ], [ 102.289, 17.879 ], [ 102.283, 17.899 ], [ 102.272, 17.901 ], [ 102.27, 17.92 ], [ 102.286, 17.922 ], [ 102.291, 17.931 ], [ 102.283, 17.96 ], [ 102.275, 17.967 ], [ 102.287, 17.989 ], [ 102.288, 18.007 ], [ 102.312, 18.001 ], [ 102.314, 18.009 ], [ 102.336, 18.004 ], [ 102.345, 18.017 ], [ 102.356, 18.016 ], [ 102.395, 17.995 ], [ 102.405, 17.96 ], [ 102.431, 17.938 ], [ 102.47, 17.929 ], [ 102.486, 17.93 ], [ 102.504, 17.942 ], [ 102.556, 17.92 ], [ 102.563, 17.909 ], [ 102.578, 17.908 ], [ 102.588, 17.892 ], [ 102.584, 17.885 ], [ 102.591, 17.877 ], [ 102.591, 17.859 ], [ 102.579, 17.85 ], [ 102.559, 17.862 ], [ 102.551, 17.844 ], [ 102.549, 17.833 ], [ 102.563, 17.813 ], [ 102.551, 17.812 ], [ 102.549, 17.793 ], [ 102.562, 17.791 ], [ 102.567, 17.77 ], [ 102.546, 17.723 ], [ 102.545, 17.701 ], [ 102.538, 17.699 ], [ 102.532, 17.676 ], [ 102.517, 17.667 ], [ 102.522, 17.647 ], [ 102.546, 17.638 ], [ 102.562, 17.615 ], [ 102.562, 17.594 ], [ 102.541, 17.568 ], [ 102.546, 17.542 ], [ 102.535, 17.541 ], [ 102.519, 17.521 ], [ 102.513, 17.521 ], [ 102.517, 17.494 ], [ 102.498, 17.471 ], [ 102.468, 17.462 ], [ 102.419, 17.417 ], [ 102.404, 17.413 ], [ 102.441, 17.34 ], [ 102.446, 17.323 ], [ 102.442, 17.304 ], [ 102.392, 17.308 ], [ 102.382, 17.288 ], [ 102.372, 17.287 ], [ 102.346, 17.267 ], [ 102.341, 17.279 ], [ 102.313, 17.28 ], [ 102.302, 17.3 ], [ 102.289, 17.3 ], [ 102.277, 17.312 ], [ 102.231, 17.309 ], [ 102.199, 17.341 ], [ 102.188, 17.342 ], [ 102.176, 17.369 ], [ 102.183, 17.413 ], [ 102.151, 17.422 ], [ 102.133, 17.446 ], [ 102.077, 17.438 ], [ 102.046, 17.468 ], [ 102.051, 17.495 ], [ 102.066, 17.501 ], [ 102.071, 17.517 ], [ 102.066, 17.536 ], [ 102.046, 17.552 ], [ 102.045, 17.598 ], [ 102.03, 17.635 ], [ 102.038, 17.646 ], [ 102.033, 17.667 ], [ 102.046, 17.663 ] ] ] } },
{ "type": "Feature", "properties": { "hybas_id": 4071077430, "next_down": 4071075960, "main_bas": 4070017020, "sub_area": 2494.4, "up_area": 302378.8, "th_share": 0.59 }, "geometry": { "type": "Polygon", "coordinates": [ [ [ 102.608, 17.85 ], [ 102.608, 17.857 ], [ 102.592, 17.868 ], [ 102.584, 17.885 ], [ 102.588, 17.892 ], [ 102.578, 17.908 ], [ 102.563, 17.909 ], [ 102.563, 17.917 ], [ 102.531, 17.933 ], [ 102.504, 17.942 ], [ 102.486, 17.93 ], [ 102.47, 17.929 ], [ 102.431, 17.938 ], [ 102.405, 17.96 ], [ 102.395, 17.995 ], [ 102.356, 18.016 ], [ 102.345, 18.017 ], [ 102.336, 18.004 ], [ 102.314, 18.009 ], [ 102.312, 18.001 ], [ 102.288, 18.007 ], [ 102.287, 17.989 ], [ 102.275, 17.967 ], [ 102.283, 17.96 ], [ 102.291, 17.931 ], [ 102.286, 17.922 ], [ 102.27, 17.92 ], [ 102.272, 17.901 ], [ 102.283, 17.899 ], [ 102.289, 17.879 ], [ 102.298, 17.871 ], [ 102.321, 17.863 ], [ 102.329, 17.827 ], [ 102.325, 17.798 ], [ 102.33, 17.777 ], [ 102.321, 17.721 ], [ 102.29, 17.725 ], [ 102.285, 17.721 ], [ 102.267, 17.725 ], [ 102.263, 17.733 ], [ 102.252, 17.733 ], [ 102.235, 17.721 ], [ 102.205, 17.716 ], [ 102.2, 17.7 ], [ 102.19, 17.701 ], [ 102.178, 17.716 ], [ 102.165, 17.717 ], [ 102.152, 17.729 ], [ 102.137, 17.713 ], [ 102.117, 17.707 ], [ 102.112, 17.684 ], [ 102.09, 17.671 ], [ 102.076, 17.67 ], [ 102.067, 17.692 ], [ 102.046, 17.663 ], [ 102.033, 17.667 ], [ 102.025, 17.681 ], [ 102.03, 17.688 ], [ 102.021, 17.727 ], [ 102.026, 17.734 ], [ 102.016, 17.751 ], [ 102.03, 17.787 ], [ 102.042, 17.792 ], [ 102.037, 17.809 ], [ 102.05, 17.823 ], [ 102.05, 17.877 ], [ 102.034, 17.91 ], [ 102.029, 17.931 ], [ 102.034, 17.939 ], [ 102.025, 17.956 ], [ 102.022, 17.987 ], [ 102.041, 17.988 ], [ 102.038, 18.025 ], [ 102.054, 18.034 ], [ 102.05, 18.073 ], [ 102.055, 18.094 ], [ 102.079, 18.108 ], [ 102.067, 18.122 ], [ 102.066, 18.134 ], [ 102.079, 18.152 ], [ 102.075, 18.157 ], [ 102.095, 18.154 ], [ 102.108, 18.159 ], [ 102.114, 18.149 ], [ 102.128, 18.151 ], [ 102.134, 18.166 ], [ 102.142, 18.167 ], [ 102.138, 18.217 ], [ 102.162, 18.23 ], [ 102.168, 18.246 ], [ 102.178, 18.251 ], [ 102.18, 18.262 ], [ 102.192, 18.263 ], [ 102.174, 18.32 ], [ 102.162, 18.322 ], [ 102.167, 18.334 ], [ 102.162, 18.348 ], [ 102.138, 18.365 ], [ 102.142, 18.373 ], [ 102.137, 18.398 ], [ 102.146, 18.408 ], [ 102.134, 18.435 ], [ 102.133, 18.452 ], [ 102.146, 18.469 ], [ 102.108, 18.5 ], [ 102.117, 18.54 ], [ 102.141, 18.56 ], [ 102.148, 18.575 ], [ 102.165, 18.584 ], [ 102.182, 18.579 ], [ 102.2, 18.583 ], [ 102.195, 18.572 ], [ 102.201, 18.559 ], [ 102.223, 18.542 ], [ 102.236, 18.545 ], [ 102.248, 18.534 ], [ 102.274, 18.524 ], [ 102.276, 18.509 ], [ 102.287, 18.502 ], [ 102.288, 18.493 ], [ 102.302, 18.48 ], [ 102.317, 18.479 ], [ 102.3, 18.45 ], [ 102.273, 18.43 ], [ 102.226, 18.424 ], [ 102.225, 18.42 ], [ 102.249, 18.377 ], [ 102.27, 18.315 ], [ 102.275, 18.258 ], [ 102.267, 18.206 ], [ 102.284, 18.177 ], [ 102.304, 18.158 ], [ 102.33, 18.101 ], [ 102.362, 18.082 ], [ 102.373, 18.067 ], [ 102.386, 18.07 ], [ 102.436, 18.045 ], [ 102.465, 18.054 ], [ 102.481, 18.042 ], [ 102.517, 18.033 ], [ 102.522, 18.053 ], [ 102.533, 18.067 ], [ 102.553, 18.066 ], [ 102.555, 18.055 ], [ 102.57, 18.053 ], [ 102.583, 18.029 ], [ 102.604, 18.038 ], [ 102.61, 18.05 ], [ 102.633, 18.045 ], [ 102.633, 18.009 ], [ 102.622, 18.003 ], [ 102.618, 17.992 ], [ 102.628, 17.991 ], [ 102.633, 17.983 ], [ 102.639, 17.992 ], [ 102.666, 17.992 ], [ 102.667, 17.98 ], [ 102.683, 17.973 ], [ 102.688, 17.963 ], [ 102.684, 17.956 ], [ 102.692, 17.947 ], [ 102.691, 17.934 ], [ 102.683, 17.932 ], [ 102.692, 17.921 ], [ 102.682, 17.905 ], [ 102.668, 17.909 ], [ 102.666, 17.901 ], [ 102.647, 17.899 ], [ 102.645, 17.873 ], [ 102.629, 17.855 ], [ 102.608, 17.85 ] ] ] } },
{ "type": "Feature", "properties": { "hybas_id": 4071072700, "next_down": 4071077430, "main_bas": 4070017020, "sub_area": 3161.1, "up_area": 298541.1, "th_share": 0.47 }, "geometry": { "type": "Polygon", "coordinates": [ [ [ 101.89, 18.158 ], [ 101.924, 18.172 ], [ 101.941, 18.196 ], [ 101.947, 18.187 ], [ 101.966, 18.188 ], [ 101.972, 18.22 ], [ 101.986, 18.222 ], [ 101.999, 18.244 ], [ 101.997, 18.258 ], [ 102.01, 18.266 ], [ 102.033, 18.267 ], [ 102.034, 18.278 ], [ 102.042, 18.279 ], [ 102.056, 18.251 ], [ 102.083, 18.259 ], [ 102.089, 18.271 ], [ 102.103, 18.27 ], [ 102.105, 18.255 ], [ 102.138, 18.217 ], [ 102.142, 18.167 ], [ 102.134, 18.166 ], [ 102.128, 18.151 ], [ 102.114, 18.149 ], [ 102.108, 18.159 ], [ 102.095, 18.154 ], [ 102.075, 18.157 ], [ 102.079, 18.152 ], [ 102.066, 18.134 ], [ 102.067, 18.122 ], [ 102.079, 18.108 ], [ 102.055, 18.094 ], [ 102.05, 18.073 ], [ 102.054, 18.034 ], [ 102.038, 18.025 ], [ 102.042, 17.992 ], [ 102.021, 17.983 ], [ 102.034, 17.939 ], [ 102.029, 17.931 ], [ 102.034, 17.91 ], [ 102.041, 17.902 ], [ 102.05, 17.867 ], [ 102.05, 17.823 ], [ 102.037, 17.809 ], [ 102.042, 17.792 ], [ 102.03, 17.787 ], [ 102.016, 17.751 ], [ 102.026, 17.734 ], [ 102.021, 17.727 ], [ 102.03, 17.688 ], [ 102.025, 17.681 ], [ 102.038, 17.654 ], [ 102.029, 17.638 ], [ 101.997, 17.642 ], [ 101.995, 17.653 ], [ 101.968, 17.659 ], [ 101.957, 17.67 ], [ 101.93, 17.67 ], [ 101.929, 17.66 ], [ 101.913, 17.65 ], [ 101.892, 17.677 ], [ 101.887, 17.695 ], [ 101.873, 17.704 ], [ 101.847, 17.705 ], [ 101.837, 17.724 ], [ 101.813, 17.729 ], [ 101.817, 17.753 ], [ 101.828, 17.755 ], [ 101.833, 17.773 ], [ 101.829, 17.808 ], [ 101.807, 17.813 ], [ 101.777, 17.796 ], [ 101.757, 17.792 ], [ 101.673, 17.796 ], [ 101.647, 17.809 ], [ 101.633, 17.854 ], [ 101.608, 17.849 ], [ 101.601, 17.854 ], [ 101.596, 17.847 ], [ 101.591, 17.883 ], [ 101.576, 17.884 ], [ 101.558, 17.92 ], [ 101.529, 17.925 ], [ 101.534, 17.936 ], [ 101.525, 17.939 ], [ 101.541, 17.951 ], [ 101.542, 17.965 ], [ 101.55, 17.974 ], [ 101.549, 17.983 ], [ 101.529, 17.988 ], [ 101.525, 17.998 ], [ 101.53, 18.032 ], [ 101.541, 18.043 ], [ 101.537, 18.074 ], [ 101.546, 18.076 ], [ 101.534, 18.102 ], [ 101.538, 18.129 ], [ 101.533, 18.135 ], [ 101.538, 18.14 ], [ 101.534, 18.169 ], [ 101.555, 18.203 ], [ 101.551, 18.228 ], [ 101.574, 18.248 ], [ 101.58, 18.279 ], [ 101.6, 18.293 ], [ 101.605, 18.332 ], [ 101.621, 18.35 ], [ 101.626, 18.373 ], [ 101.652, 18.412 ], [ 101.679, 18.417 ], [ 101.689, 18.405 ], [ 101.719, 18.4 ], [ 101.725, 18.394 ], [ 101.718, 18.359 ], [ 101.736, 18.354 ], [ 101.743, 18.371 ], [ 101.756, 18.37 ], [ 101.77, 18.362 ], [ 101.772, 18.351 ], [ 101.8, 18.346 ], [ 101.792, 18.323 ], [ 101.788, 18.252 ], [ 101.83, 18.191 ], [ 101.846, 18.196 ], [ 101.85, 18.167 ], [ 101.89, 18.158 ] ] ] } },
{ "type": "Feature", "properties": { "hybas_id": 4071077580, "next_down": 4071072700, "main_bas": 4070017020, "sub_area": 47.4, "up_area": 291423.7, "th_share": 0.36 }, "geometry": { "type": "Polygon", "coordinates": [ [ [ 101.596, 17.817 ], [ 101.55, 17.825 ], [ 101.542, 17.835 ], [ 101.554, 17.856 ], [ 101.555, 17.88 ], [ 101.538, 17.897 ], [ 101.532, 17.916 ], [ 101.525, 17.917 ], [ 101.529, 17.925 ], [ 101.558, 17.92 ], [ 101.576, 17.884 ], [ 101.591, 17.883 ], [ 101.605, 17.827 ], [ 101.596, 17.817 ] ] ] } },
{ "type": "Feature", "properties": { "hybas_id": 4071077590, "next_down": 4071072700, "main_bas": 4070017020, "sub_area": 3953.9, "up_area": 3954.0, "th_share": 1.0 }, "geometry": { "type": "Polygon", "coordinates": [ [ [ 101.496, 17.422 ], [ 101.491, 17.442 ], [ 101.504, 17.451 ], [ 101.504, 17.463 ], [ 101.5, 17.486 ], [ 101.488, 17.498 ], [ 101.488, 17.517 ], [ 101.507, 17.521 ], [ 101.533, 17.546 ], [ 101.538, 17.581 ], [ 101.533, 17.588 ], [ 101.55, 17.593 ], [ 101.555, 17.603 ], [ 101.596, 17.617 ], [ 101.604, 17.644 ], [ 101.6, 17.664 ], [ 101.605, 17.691 ], [ 101.628, 17.697 ], [ 101.634, 17.728 ], [ 101.626, 17.73 ], [ 101.624, 17.738 ], [ 101.633, 17.76 ], [ 101.628, 17.775 ], [ 101.623, 17.771 ], [ 101.605, 17.784 ], [ 101.595, 17.8 ], [ 101.596, 17.817 ], [ 101.605, 17.827 ], [ 101.601, 17.854 ], [ 101.608, 17.849 ], [ 101.633, 17.854 ], [ 101.647, 17.809 ], [ 101.673, 17.796 ], [ 101.757, 17.792 ], [ 101.777, 17.796 ], [ 101.807, 17.813 ], [ 101.829, 17.808 ], [ 101.833, 17.773 ], [ 101.828, 17.755 ], [ 101.817, 17.753 ], [ 101.813, 17.729 ], [ 101.837, 17.724 ], [ 101.847, 17.705 ], [ 101.873, 17.704 ], [ 101.887, 17.695 ], [ 101.892, 17.677 ], [ 101.913, 17.65 ], [ 101.929, 17.66 ], [ 101.93, 17.67 ], [ 101.957, 17.67 ], [ 101.971, 17.658 ], [ 101.962, 17.653 ], [ 101.976, 17.613 ], [ 101.954, 17.597 ], [ 101.963, 17.58 ], [ 101.962, 17.572 ], [ 101.954, 17.57 ], [ 101.958, 17.56 ], [ 101.941, 17.522 ], [ 101.942, 17.494 ], [ 101.976, 17.409 ], [ 102.008, 17.387 ], [ 102.021, 17.367 ], [ 102.008, 17.334 ], [ 101.992, 17.333 ], [ 101.976, 17.298 ], [ 101.979, 17.272 ], [ 101.955, 17.262 ], [ 101.953, 17.247 ], [ 101.938, 17.237 ], [ 101.938, 17.222 ], [ 101.958, 17.212 ], [ 101.965, 17.216 ], [ 101.991, 17.198 ], [ 101.992, 17.192 ], [ 101.976, 17.178 ], [ 101.975, 17.158 ], [ 101.938, 17.158 ], [ 101.92, 17.122 ], [ 101.897, 17.116 ], [ 101.888, 17.104 ], [ 101.874, 17.109 ], [ 101.868, 17.104 ], [ 101.854, 17.08 ], [ 101.846, 17.078 ], [ 101.841, 17.052 ], [ 101.824, 17.029 ], [ 101.806, 17.03 ], [ 101.783, 17.042 ], [ 101.748, 17.021 ], [ 101.738, 17.021 ], [ 101.732, 17.013 ], [ 101.721, 17.013 ], [ 101.704, 16.981 ], [ 101.677, 16.959 ], [ 101.618, 16.955 ], [ 101.61, 16.962 ], [ 101.571, 16.958 ], [ 101.567, 16.95 ], [ 101.539, 16.946 ], [ 101.533, 16.959 ], [ 101.537, 16.965 ], [ 101.524, 16.987 ], [ 101.506, 16.988 ], [ 101.496, 16.997 ], [ 101.496, 17.015 ], [ 101.508, 17.027 ], [ 101.509, 17.048 ], [ 101.463, 17.096 ], [ 101.462, 17.123 ], [ 101.45, 17.15 ], [ 101.458, 17.177 ], [ 101.453, 17.187 ], [ 101.439, 17.188 ], [ 101.426, 17.201 ], [ 101.42, 17.226 ], [ 101.426, 17.242 ], [ 101.416, 17.268 ], [ 101.425, 17.279 ], [ 101.444, 17.275 ], [ 101.454, 17.28 ], [ 101.467, 17.316 ], [ 101.483, 17.321 ], [ 101.492, 17.305 ], [ 101.487, 17.289 ], [ 101.507, 17.283 ], [ 101.519, 17.271 ], [ 101.525, 17.275 ], [ 101.525, 17.307 ], [ 101.533, 17.327 ], [ 101.513, 17.347 ], [ 101.512, 17.372 ], [ 101.526, 17.397 ], [ 101.512, 17.416 ], [ 101.496, 17.422 ] ] ] } },
{ "type": "Feature", "properties": { "hybas_id": 4071077940, "next_down": 4071077580, "main_bas": 4070017020, "sub_area": 4815.0, "up_area": 4815.0, "th_share": 0.61 }, "geometry": { "type": "Polygon", "coordinates": [ [ [ 101.008, 17.729 ], [ 100.993, 17.738 ], [ 100.979, 17.759 ], [ 101.003, 17.772 ], [ 101.008, 17.781 ], [ 101.009, 17.788 ], [ 100.996, 17.804 ], [ 101.001, 17.816 ], [ 101.033, 17.829 ], [ 101.033, 17.865 ], [ 101.021, 17.883 ], [ 101.026, 17.903 ], [ 101.116, 17.938 ], [ 101.117, 17.994 ], [ 101.13, 18.015 ], [ 101.15, 18.038 ], [ 101.161, 18.038 ], [ 101.17, 18.048 ], [ 101.179, 18.067 ], [ 101.202, 18.067 ], [ 101.217, 18.079 ], [ 101.22, 18.056 ], [ 101.204, 18.013 ], [ 101.21, 18.008 ], [ 101.231, 18.029 ], [ 101.244, 18.034 ], [ 101.295, 18.02 ], [ 101.301, 17.997 ], [ 101.295, 17.988 ], [ 101.296, 17.952 ], [ 101.305, 17.943 ], [ 101.3, 17.935 ], [ 101.305, 17.93 ], [ 101.291, 17.901 ], [ 101.292, 17.868 ], [ 101.304, 17.861 ], [ 101.321, 17.821 ], [ 101.354, 17.825 ], [ 101.377, 17.804 ], [ 101.402, 17.817 ], [ 101.425, 17.813 ], [ 101.426, 17.817 ], [ 101.446, 17.804 ], [ 101.478, 17.808 ], [ 101.48, 17.799 ], [ 101.498, 17.804 ], [ 101.503, 17.799 ], [ 101.544, 17.809 ], [ 101.55, 17.813 ], [ 101.55, 17.825 ], [ 101.573, 17.825 ], [ 101.581, 17.817 ], [ 101.596, 17.817 ], [ 101.595, 17.8 ], [ 101.605, 17.784 ], [ 101.623, 17.771 ], [ 101.628, 17.775 ], [ 101.633, 17.76 ], [ 101.624, 17.738 ], [ 101.626, 17.73 ], [ 101.634, 17.728 ], [ 101.628, 17.697 ], [ 101.605, 17.691 ], [ 101.6, 17.664 ], [ 101.604, 17.644 ], [ 101.596, 17.617 ], [ 101.555, 17.603 ], [ 101.55, 17.593 ], [ 101.533, 17.588 ], [ 101.538, 17.581 ], [ 101.533, 17.546 ], [ 101.507, 17.521 ], [ 101.488, 17.517 ], [ 101.488, 17.498 ], [ 101.5, 17.486 ], [ 101.504, 17.463 ], [ 101.504, 17.451 ], [ 101.491, 17.442 ], [ 101.496, 17.422 ], [ 101.512, 17.416 ], [ 101.526, 17.397 ], [ 101.512, 17.372 ], [ 101.513, 17.347 ], [ 101.533, 17.327 ], [ 101.525, 17.307 ], [ 101.525, 17.275 ], [ 101.519, 17.271 ], [ 101.507, 17.283 ], [ 101.487, 17.289 ], [ 101.492, 17.305 ], [ 101.483, 17.321 ], [ 101.477, 17.32 ], [ 101.467, 17.316 ], [ 101.454, 17.28 ], [ 101.444, 17.275 ], [ 101.407, 17.284 ], [ 101.392, 17.274 ], [ 101.388, 17.254 ], [ 101.367, 17.275 ], [ 101.359, 17.26 ], [ 101.341, 17.263 ], [ 101.319, 17.254 ], [ 101.309, 17.245 ], [ 101.308, 17.234 ], [ 101.297, 17.233 ], [ 101.266, 17.266 ], [ 101.251, 17.267 ], [ 101.249, 17.259 ], [ 101.231, 17.258 ], [ 101.202, 17.23 ], [ 101.192, 17.238 ], [ 101.169, 17.237 ], [ 101.148, 17.229 ], [ 101.129, 17.211 ], [ 101.151, 17.128 ], [ 101.138, 17.096 ], [ 101.124, 16.93 ], [ 101.088, 16.908 ], [ 101.071, 16.909 ], [ 101.066, 16.933 ], [ 101.043, 16.93 ], [ 101.034, 16.939 ], [ 101.051, 16.976 ], [ 101.034, 16.988 ], [ 101.033, 17.013 ], [ 101.041, 17.013 ], [ 101.047, 17.032 ], [ 101.067, 17.046 ], [ 101.054, 17.073 ], [ 101.066, 17.085 ], [ 101.071, 17.119 ], [ 101.083, 17.131 ], [ 101.079, 17.163 ], [ 101.099, 17.163 ], [ 101.101, 17.174 ], [ 101.112, 17.185 ], [ 101.108, 17.234 ], [ 101.112, 17.24 ], [ 101.092, 17.255 ], [ 101.091, 17.27 ], [ 101.079, 17.276 ], [ 101.083, 17.283 ], [ 101.056, 17.284 ], [ 101.022, 17.297 ], [ 101.003, 17.337 ], [ 100.988, 17.35 ], [ 100.965, 17.338 ], [ 100.944, 17.342 ], [ 100.913, 17.333 ], [ 100.925, 17.373 ], [ 100.92, 17.418 ], [ 100.925, 17.423 ], [ 100.917, 17.439 ], [ 100.92, 17.452 ], [ 100.896, 17.463 ], [ 100.877, 17.45 ], [ 100.861, 17.45 ], [ 100.833, 17.467 ], [ 100.834, 17.481 ], [ 100.845, 17.494 ], [ 100.842, 17.498 ], [ 100.874, 17.522 ], [ 100.876, 17.534 ], [ 100.863, 17.543 ], [ 100.862, 17.551 ], [ 100.871, 17.573 ], [ 100.884, 17.587 ], [ 100.904, 17.593 ], [ 100.905, 17.606 ], [ 100.917, 17.62 ], [ 100.962, 17.655 ], [ 100.967, 17.675 ], [ 101.008, 17.7 ], [ 101.008, 17.729 ] ] ] } },
{ "type": "Feature", "properties": { "hybas_id": 4071042900, "next_down": 4071047770, "main_bas": 4070017020, "sub_area": 802.8, "up_area": 213590.8, "th_share": 0.61 }, "geometry": { "type": "Polygon", "coordinates": [ [ [ 100.458, 20.208 ], [ 100.486, 20.209 ], [ 100.492, 20.221 ], [ 100.507, 20.226 ], [ 100.529, 20.248 ], [ 100.524, 20.301 ], [ 100.53, 20.318 ], [ 100.501, 20.334 ], [ 100.5, 20.357 ], [ 100.506, 20.362 ], [ 100.524, 20.366 ], [ 100.526, 20.355 ], [ 100.549, 20.341 ], [ 100.599, 20.355 ], [ 100.613, 20.322 ], [ 100.641, 20.324 ], [ 100.651, 20.293 ], [ 100.637, 20.272 ], [ 100.642, 20.263 ], [ 100.637, 20.23 ], [ 100.649, 20.219 ], [ 100.65, 20.188 ], [ 100.642, 20.187 ], [ 100.641, 20.168 ], [ 100.63, 20.163 ], [ 100.604, 20.118 ], [ 100.591, 20.109 ], [ 100.571, 20.108 ], [ 100.57, 20.098 ], [ 100.559, 20.086 ], [ 100.55, 20.031 ], [ 100.542, 20.023 ], [ 100.541, 20.006 ], [ 100.516, 19.947 ], [ 100.521, 19.929 ], [ 100.516, 19.902 ], [ 100.5, 19.883 ], [ 100.5, 19.871 ], [ 100.473, 19.859 ], [ 100.456, 19.858 ], [ 100.442, 19.833 ], [ 100.414, 19.834 ], [ 100.398, 19.85 ], [ 100.377, 19.855 ], [ 100.346, 19.875 ], [ 100.346, 19.894 ], [ 100.358, 19.917 ], [ 100.366, 19.917 ], [ 100.371, 19.954 ], [ 100.387, 19.964 ], [ 100.412, 20.002 ], [ 100.408, 20.006 ], [ 100.416, 20.018 ], [ 100.417, 20.036 ], [ 100.433, 20.056 ], [ 100.438, 20.079 ], [ 100.454, 20.102 ], [ 100.471, 20.16 ], [ 100.45, 20.193 ], [ 100.45, 20.202 ], [ 100.458, 20.208 ] ] ] } },
{ "type": "Feature", "properties": { "hybas_id": 4071041330, "next_down": 4071042900, "main_bas": 4070017020, "sub_area": 7237.0, "up_area": 7237.6, "th_share": 1.0 }, "geometry": { "type": "Polygon", "coordinates": [ [ [ 100.308, 20.204 ], [ 100.284, 20.227 ], [ 100.288, 20.246 ], [ 100.32, 20.233 ], [ 100.328, 20.234 ], [ 100.335, 20.246 ], [ 100.352, 20.242 ], [ 100.358, 20.246 ], [ 100.368, 20.233 ], [ 100.402, 20.25 ], [ 100.414, 20.238 ], [ 100.442, 20.229 ], [ 100.454, 20.208 ], [ 100.45, 20.193 ], [ 100.471, 20.16 ], [ 100.462, 20.127 ], [ 100.438, 20.079 ], [ 100.433, 20.056 ], [ 100.417, 20.036 ], [ 100.416, 20.018 ], [ 100.408, 20.006 ], [ 100.412, 20.002 ], [ 100.387, 19.964 ], [ 100.371, 19.954 ], [ 100.37, 19.931 ], [ 100.346, 19.894 ], [ 100.346, 19.875 ], [ 100.377, 19.855 ], [ 100.398, 19.85 ], [ 100.414, 19.834 ], [ 100.445, 19.832 ], [ 100.438, 19.792 ], [ 100.413, 19.782 ], [ 100.405, 19.765 ], [ 100.404, 19.742 ], [ 100.413, 19.729 ], [ 100.424, 19.729 ], [ 100.445, 19.706 ], [ 100.447, 19.697 ], [ 100.455, 19.695 ], [ 100.434, 19.687 ], [ 100.429, 19.676 ], [ 100.43, 19.668 ], [ 100.441, 19.661 ], [ 100.442, 19.634 ], [ 100.483, 19.607 ], [ 100.492, 19.581 ], [ 100.487, 19.564 ], [ 100.479, 19.558 ], [ 100.488, 19.543 ], [ 100.507, 19.532 ], [ 100.509, 19.526 ], [ 100.526, 19.52 ], [ 100.534, 19.526 ], [ 100.573, 19.501 ], [ 100.596, 19.508 ], [ 100.599, 19.48 ], [ 100.584, 19.478 ], [ 100.563, 19.456 ], [ 100.563, 19.438 ], [ 100.523, 19.405 ], [ 100.445, 19.391 ], [ 100.431, 19.399 ], [ 100.412, 19.401 ], [ 100.395, 19.391 ], [ 100.389, 19.396 ], [ 100.382, 19.38 ], [ 100.355, 19.382 ], [ 100.35, 19.363 ], [ 100.325, 19.371 ], [ 100.315, 19.366 ], [ 100.305, 19.358 ], [ 100.303, 19.342 ], [ 100.279, 19.333 ], [ 100.248, 19.354 ], [ 100.238, 19.354 ], [ 100.242, 19.323 ], [ 100.262, 19.286 ], [ 100.267, 19.263 ], [ 100.222, 19.267 ], [ 100.208, 19.226 ], [ 100.195, 19.23 ], [ 100.168, 19.224 ], [ 100.141, 19.196 ], [ 100.121, 19.196 ], [ 100.116, 19.122 ], [ 100.109, 19.12 ], [ 100.104, 19.084 ], [ 100.105, 19.072 ], [ 100.126, 19.061 ], [ 100.124, 19.038 ], [ 100.109, 19.023 ], [ 100.108, 19.003 ], [ 100.12, 18.995 ], [ 100.117, 18.975 ], [ 100.125, 18.969 ], [ 100.125, 18.96 ], [ 100.111, 18.942 ], [ 100.085, 18.937 ], [ 100.07, 18.924 ], [ 100.065, 18.929 ], [ 100.038, 18.896 ], [ 100.013, 18.892 ], [ 100.007, 18.903 ], [ 99.973, 18.921 ], [ 99.947, 18.947 ], [ 99.928, 18.987 ], [ 99.908, 18.992 ], [ 99.885, 18.984 ], [ 99.878, 18.995 ], [ 99.844, 19.004 ], [ 99.834, 19.001 ], [ 99.829, 19.013 ], [ 99.833, 19.025 ], [ 99.816, 19.054 ], [ 99.775, 19.058 ], [ 99.763, 19.085 ], [ 99.758, 19.138 ], [ 99.742, 19.143 ], [ 99.741, 19.156 ], [ 99.729, 19.167 ], [ 99.729, 19.186 ], [ 99.705, 19.243 ], [ 99.704, 19.282 ], [ 99.696, 19.308 ], [ 99.704, 19.34 ], [ 99.692, 19.356 ], [ 99.679, 19.458 ], [ 99.651, 19.463 ], [ 99.645, 19.487 ], [ 99.605, 19.497 ], [ 99.605, 19.507 ], [ 99.617, 19.513 ], [ 99.621, 19.567 ], [ 99.63, 19.582 ], [ 99.641, 19.589 ], [ 99.642, 19.604 ], [ 99.666, 19.601 ], [ 99.671, 19.628 ], [ 99.678, 19.63 ], [ 99.706, 19.691 ], [ 99.72, 19.696 ], [ 99.731, 19.692 ], [ 99.746, 19.696 ], [ 99.752, 19.688 ], [ 99.773, 19.692 ], [ 99.784, 19.715 ], [ 99.825, 19.75 ], [ 99.846, 19.779 ], [ 99.855, 19.755 ], [ 99.879, 19.749 ], [ 99.88, 19.734 ], [ 99.899, 19.724 ], [ 99.901, 19.709 ], [ 99.913, 19.704 ], [ 99.927, 19.705 ], [ 99.95, 19.729 ], [ 99.959, 19.749 ], [ 99.978, 19.751 ], [ 100.004, 19.794 ], [ 100.005, 19.807 ], [ 99.992, 19.819 ], [ 99.991, 19.841 ], [ 99.971, 19.854 ], [ 99.971, 19.869 ], [ 100.008, 19.904 ], [ 100.02, 19.905 ], [ 100.03, 19.949 ], [ 100.046, 19.945 ], [ 100.054, 19.951 ], [ 100.066, 19.945 ], [ 100.095, 19.951 ], [ 100.116, 19.981 ], [ 100.117, 20.008 ], [ 100.131, 20.009 ], [ 100.146, 20.028 ], [ 100.171, 20.042 ], [ 100.196, 20.042 ], [ 100.2, 20.065 ], [ 100.225, 20.079 ], [ 100.225, 20.107 ], [ 100.242, 20.127 ], [ 100.256, 20.137 ], [ 100.279, 20.138 ], [ 100.291, 20.151 ], [ 100.304, 20.173 ], [ 100.308, 20.204 ] ] ] } },
{ "type": "Feature", "properties": { "hybas_id": 4071041310, "next_down": 4071042900, "main_bas": 4070017020, "sub_area": 3091.6, "up_area": 205550.4, "th_share": 0.22 }, "geometry": { "type": "Polygon", "coordinates": [ [ [ 100.442, 20.229 ], [ 100.414, 20.238 ], [ 100.402, 20.25 ], [ 100.368, 20.233 ], [ 100.358, 20.246 ], [ 100.352, 20.242 ], [ 100.335, 20.246 ], [ 100.328, 20.234 ], [ 100.32, 20.233 ], [ 100.288, 20.246 ], [ 100.284, 20.227 ], [ 100.308, 20.204 ], [ 100.304, 20.173 ], [ 100.279, 20.138 ], [ 100.256, 20.137 ], [ 100.242, 20.127 ], [ 100.225, 20.107 ], [ 100.225, 20.079 ], [ 100.2, 20.065 ], [ 100.2, 20.054 ], [ 100.121, 20.092 ], [ 100.106, 20.076 ], [ 100.097, 20.074 ], [ 100.095, 20.066 ], [ 100.064, 20.07 ], [ 100.054, 20.058 ], [ 100.033, 20.067 ], [ 100.043, 20.099 ], [ 100.083, 20.123 ], [ 100.101, 20.177 ], [ 100.118, 20.208 ], [ 100.133, 20.209 ], [ 100.142, 20.233 ], [ 100.133, 20.246 ], [ 100.138, 20.267 ], [ 100.129, 20.275 ], [ 100.129, 20.302 ], [ 100.121, 20.31 ], [ 100.137, 20.352 ], [ 100.138, 20.377 ], [ 100.162, 20.41 ], [ 100.163, 20.437 ], [ 100.174, 20.443 ], [ 100.184, 20.466 ], [ 100.203, 20.476 ], [ 100.196, 20.527 ], [ 100.204, 20.533 ], [ 100.205, 20.545 ], [ 100.216, 20.551 ], [ 100.221, 20.588 ], [ 100.232, 20.588 ], [ 100.26, 20.612 ], [ 100.291, 20.62 ], [ 100.296, 20.606 ], [ 100.315, 20.6 ], [ 100.327, 20.579 ], [ 100.34, 20.58 ], [ 100.356, 20.592 ], [ 100.39, 20.583 ], [ 100.429, 20.588 ], [ 100.429, 20.569 ], [ 100.42, 20.551 ], [ 100.409, 20.549 ], [ 100.401, 20.535 ], [ 100.393, 20.509 ], [ 100.436, 20.517 ], [ 100.452, 20.516 ], [ 100.461, 20.508 ], [ 100.473, 20.516 ], [ 100.515, 20.525 ], [ 100.525, 20.521 ], [ 100.521, 20.496 ], [ 100.537, 20.499 ], [ 100.549, 20.483 ], [ 100.566, 20.484 ], [ 100.576, 20.499 ], [ 100.587, 20.501 ], [ 100.606, 20.529 ], [ 100.632, 20.534 ], [ 100.639, 20.545 ], [ 100.669, 20.551 ], [ 100.682, 20.559 ], [ 100.688, 20.571 ], [ 100.694, 20.566 ], [ 100.717, 20.575 ], [ 100.727, 20.592 ], [ 100.757, 20.588 ], [ 100.781, 20.616 ], [ 100.798, 20.617 ], [ 100.806, 20.625 ], [ 100.848, 20.63 ], [ 100.865, 20.625 ], [ 100.877, 20.63 ], [ 100.891, 20.619 ], [ 100.905, 20.588 ], [ 100.924, 20.583 ], [ 100.926, 20.57 ], [ 100.948, 20.574 ], [ 100.957, 20.57 ], [ 100.963, 20.558 ], [ 100.974, 20.558 ], [ 100.979, 20.542 ], [ 101.006, 20.526 ], [ 101.038, 20.53 ], [ 101.047, 20.517 ], [ 101.084, 20.512 ], [ 101.092, 20.525 ], [ 101.106, 20.524 ], [ 101.141, 20.508 ], [ 101.157, 20.491 ], [ 101.15, 20.463 ], [ 101.13, 20.463 ], [ 101.124, 20.484 ], [ 101.075, 20.458 ], [ 101.075, 20.448 ], [ 101.036, 20.409 ], [ 101.014, 20.404 ], [ 101.004, 20.394 ], [ 101.008, 20.367 ], [ 100.975, 20.38 ], [ 100.908, 20.37 ], [ 100.894, 20.383 ], [ 100.885, 20.383 ], [ 100.859, 20.365 ], [ 100.858, 20.355 ], [ 100.827, 20.338 ], [ 100.798, 20.35 ], [ 100.707, 20.313 ], [ 100.682, 20.317 ], [ 100.661, 20.308 ], [ 100.642, 20.313 ], [ 100.641, 20.324 ], [ 100.613, 20.322 ], [ 100.603, 20.353 ], [ 100.549, 20.341 ], [ 100.526, 20.355 ], [ 100.524, 20.366 ], [ 100.514, 20.366 ], [ 100.5, 20.357 ], [ 100.501, 20.334 ], [ 100.53, 20.318 ], [ 100.524, 20.301 ], [ 100.53, 20.284 ], [ 100.524, 20.267 ], [ 100.53, 20.259 ], [ 100.524, 20.238 ], [ 100.492, 20.221 ], [ 100.486, 20.209 ], [ 100.45, 20.208 ], [ 100.442, 20.229 ] ] ] } },
{ "type": "Feature", "properties": { "hybas_id": 4071040790, "next_down": 4071041310, "main_bas": 4070017020, "sub_area": 7964.4, "up_area": 191825.5, "th_share": 0.2 }, "geometry": { "type": "Polygon", "coordinates": [ [ [ 99.975, 21.075 ], [ 99.971, 21.052 ], [ 99.993, 21.012 ], [ 100.035, 21.016 ], [ 100.05, 21.008 ], [ 100.062, 21.013 ], [ 100.07, 21.012 ], [ 100.081, 20.995 ], [ 100.095, 21.0 ], [ 100.097, 20.988 ], [ 100.108, 20.988 ], [ 100.109, 20.98 ], [ 100.137, 20.97 ], [ 100.145, 20.961 ], [ 100.15, 20.942 ], [ 100.162, 20.941 ], [ 100.183, 20.92 ], [ 100.184, 20.897 ], [ 100.212, 20.893 ], [ 100.223, 20.908 ], [ 100.241, 20.913 ], [ 100.254, 20.931 ], [ 100.255, 20.945 ], [ 100.265, 20.95 ], [ 100.313, 20.938 ], [ 100.322, 20.962 ], [ 100.358, 20.949 ], [ 100.379, 20.959 ], [ 100.384, 20.976 ], [ 100.395, 20.974 ], [ 100.397, 20.967 ], [ 100.408, 20.963 ], [ 100.421, 20.927 ], [ 100.454, 20.885 ], [ 100.45, 20.873 ], [ 100.458, 20.85 ], [ 100.473, 20.854 ], [ 100.491, 20.845 ], [ 100.493, 20.838 ], [ 100.531, 20.834 ], [ 100.544, 20.841 ], [ 100.581, 20.846 ], [ 100.598, 20.862 ], [ 100.613, 20.863 ], [ 100.621, 20.842 ], [ 100.617, 20.821 ], [ 100.605, 20.816 ], [ 100.595, 20.788 ], [ 100.567, 20.774 ], [ 100.563, 20.76 ], [ 100.542, 20.762 ], [ 100.541, 20.751 ], [ 100.523, 20.742 ], [ 100.482, 20.759 ], [ 100.452, 20.745 ], [ 100.402, 20.749 ], [ 100.388, 20.741 ], [ 100.392, 20.727 ], [ 100.383, 20.721 ], [ 100.387, 20.693 ], [ 100.363, 20.682 ], [ 100.357, 20.672 ], [ 100.338, 20.666 ], [ 100.333, 20.651 ], [ 100.305, 20.632 ], [ 100.296, 20.617 ], [ 100.286, 20.621 ], [ 100.277, 20.613 ], [ 100.26, 20.612 ], [ 100.232, 20.588 ], [ 100.221, 20.588 ], [ 100.216, 20.551 ], [ 100.205, 20.545 ], [ 100.204, 20.533 ], [ 100.196, 20.527 ], [ 100.203, 20.476 ], [ 100.184, 20.466 ], [ 100.174, 20.443 ], [ 100.163, 20.437 ], [ 100.162, 20.41 ], [ 100.138, 20.377 ], [ 100.137, 20.352 ], [ 100.121, 20.31 ], [ 100.129, 20.302 ], [ 100.129, 20.275 ], [ 100.137, 20.269 ], [ 100.132, 20.243 ], [ 100.078, 20.246 ], [ 100.07, 20.241 ], [ 100.053, 20.266 ], [ 100.044, 20.27 ], [ 100.022, 20.263 ], [ 100.02, 20.271 ], [ 100.013, 20.266 ], [ 100.004, 20.271 ], [ 99.987, 20.255 ], [ 99.992, 20.247 ], [ 99.984, 20.245 ], [ 99.983, 20.222 ], [ 99.955, 20.208 ], [ 99.953, 20.197 ], [ 99.938, 20.191 ], [ 99.937, 20.176 ], [ 99.922, 20.174 ], [ 99.916, 20.155 ], [ 99.904, 20.153 ], [ 99.905, 20.138 ], [ 99.916, 20.137 ], [ 99.916, 20.121 ], [ 99.909, 20.116 ], [ 99.901, 20.121 ], [ 99.888, 20.117 ], [ 99.861, 20.121 ], [ 99.818, 20.1 ], [ 99.812, 20.08 ], [ 99.792, 20.063 ], [ 99.763, 20.067 ], [ 99.753, 20.055 ], [ 99.738, 20.054 ], [ 99.73, 20.033 ], [ 99.717, 20.038 ], [ 99.683, 20.033 ], [ 99.688, 20.055 ], [ 99.678, 20.074 ], [ 99.647, 20.08 ], [ 99.637, 20.095 ], [ 99.613, 20.097 ], [ 99.612, 20.107 ], [ 99.559, 20.126 ], [ 99.55, 20.145 ], [ 99.538, 20.15 ], [ 99.542, 20.17 ], [ 99.558, 20.183 ], [ 99.566, 20.207 ], [ 99.558, 20.217 ], [ 99.543, 20.217 ], [ 99.533, 20.233 ], [ 99.522, 20.234 ], [ 99.516, 20.277 ], [ 99.505, 20.298 ], [ 99.509, 20.322 ], [ 99.496, 20.341 ], [ 99.459, 20.363 ], [ 99.458, 20.392 ], [ 99.442, 20.414 ], [ 99.437, 20.437 ], [ 99.417, 20.456 ], [ 99.412, 20.491 ], [ 99.4, 20.515 ], [ 99.405, 20.523 ], [ 99.388, 20.548 ], [ 99.383, 20.568 ], [ 99.398, 20.595 ], [ 99.407, 20.595 ], [ 99.427, 20.579 ], [ 99.444, 20.588 ], [ 99.465, 20.587 ], [ 99.479, 20.575 ], [ 99.489, 20.587 ], [ 99.507, 20.591 ], [ 99.527, 20.587 ], [ 99.556, 20.567 ], [ 99.563, 20.571 ], [ 99.621, 20.525 ], [ 99.636, 20.53 ], [ 99.648, 20.525 ], [ 99.669, 20.537 ], [ 99.681, 20.525 ], [ 99.692, 20.525 ], [ 99.701, 20.541 ], [ 99.716, 20.551 ], [ 99.699, 20.586 ], [ 99.688, 20.596 ], [ 99.678, 20.624 ], [ 99.663, 20.626 ], [ 99.655, 20.644 ], [ 99.659, 20.672 ], [ 99.654, 20.683 ], [ 99.594, 20.692 ], [ 99.582, 20.68 ], [ 99.565, 20.675 ], [ 99.557, 20.683 ], [ 99.526, 20.684 ], [ 99.521, 20.694 ], [ 99.526, 20.705 ], [ 99.516, 20.724 ], [ 99.537, 20.73 ], [ 99.538, 20.741 ], [ 99.553, 20.742 ], [ 99.543, 20.766 ], [ 99.592, 20.812 ], [ 99.576, 20.822 ], [ 99.574, 20.839 ], [ 99.608, 20.877 ], [ 99.605, 20.919 ], [ 99.613, 20.948 ], [ 99.633, 20.971 ], [ 99.616, 21.02 ], [ 99.604, 21.021 ], [ 99.609, 21.035 ], [ 99.6, 21.043 ], [ 99.6, 21.073 ], [ 99.583, 21.092 ], [ 99.604, 21.1 ], [ 99.617, 21.116 ], [ 99.612, 21.125 ], [ 99.622, 21.153 ], [ 99.658, 21.163 ], [ 99.689, 21.142 ], [ 99.732, 21.147 ], [ 99.743, 21.166 ], [ 99.752, 21.17 ], [ 99.784, 21.18 ], [ 99.799, 21.171 ], [ 99.804, 21.198 ], [ 99.799, 21.204 ], [ 99.804, 21.212 ], [ 99.828, 21.213 ], [ 99.833, 21.221 ], [ 99.862, 21.199 ], [ 99.863, 21.188 ], [ 99.894, 21.187 ], [ 99.923, 21.17 ], [ 99.975, 21.175 ], [ 99.996, 21.121 ], [ 99.974, 21.097 ], [ 99.983, 21.095 ], [ 99.984, 21.08 ], [ 99.975, 21.075 ] ] ] } },
{ "type": "Feature", "properties": { "hybas_id": 4071040840, "next_down": 4071041310, "main_bas": 4070017020, "sub_area": 1120.4, "up_area": 10632.8, "th_share": 1.0 }, "geometry": { "type": "Polygon", "coordinates": [ [ [ 100.129, 20.208 ], [ 100.118, 20.208 ], [ 100.101, 20.177 ], [ 100.083, 20.123 ], [ 100.043, 20.099 ], [ 100.033, 20.067 ], [ 100.054, 20.058 ], [ 100.064, 20.07 ], [ 100.095, 20.066 ], [ 100.097, 20.074 ], [ 100.127, 20.091 ], [ 100.166, 20.074 ], [ 100.173, 20.063 ], [ 100.19, 20.062 ], [ 100.2, 20.054 ], [ 100.2, 20.048 ], [ 100.196, 20.042 ], [ 100.171, 20.042 ], [ 100.146, 20.028 ], [ 100.131, 20.009 ], [ 100.117, 20.008 ], [ 100.116, 19.981 ], [ 100.095, 19.951 ], [ 100.066, 19.945 ], [ 100.054, 19.951 ], [ 100.046, 19.945 ], [ 100.03, 19.949 ], [ 100.02, 19.905 ], [ 100.008, 19.904 ], [ 99.971, 19.869 ], [ 99.971, 19.854 ], [ 99.991, 19.841 ], [ 99.992, 19.819 ], [ 100.005, 19.807 ], [ 99.995, 19.776 ], [ 99.988, 19.774 ], [ 99.978, 19.751 ], [ 99.959, 19.749 ], [ 99.95, 19.729 ], [ 99.927, 19.705 ], [ 99.91, 19.705 ], [ 99.901, 19.709 ], [ 99.899, 19.724 ], [ 99.88, 19.734 ], [ 99.879, 19.749 ], [ 99.855, 19.755 ], [ 99.846, 19.783 ], [ 99.867, 19.817 ], [ 99.862, 19.825 ], [ 99.863, 19.841 ], [ 99.899, 19.842 ], [ 99.901, 19.852 ], [ 99.925, 19.882 ], [ 99.917, 19.884 ], [ 99.92, 19.911 ], [ 99.901, 19.925 ], [ 99.896, 19.921 ], [ 99.895, 19.945 ], [ 99.888, 19.947 ], [ 99.882, 19.962 ], [ 99.86, 19.967 ], [ 99.851, 19.976 ], [ 99.824, 20.028 ], [ 99.796, 20.042 ], [ 99.793, 20.066 ], [ 99.812, 20.08 ], [ 99.818, 20.1 ], [ 99.861, 20.121 ], [ 99.888, 20.117 ], [ 99.901, 20.121 ], [ 99.909, 20.116 ], [ 99.916, 20.121 ], [ 99.916, 20.137 ], [ 99.905, 20.138 ], [ 99.904, 20.153 ], [ 99.916, 20.155 ], [ 99.922, 20.174 ], [ 99.937, 20.176 ], [ 99.938, 20.191 ], [ 99.953, 20.197 ], [ 99.955, 20.208 ], [ 99.983, 20.222 ], [ 99.984, 20.245 ], [ 99.992, 20.247 ], [ 99.987, 20.255 ], [ 100.004, 20.271 ], [ 100.013, 20.266 ], [ 100.02, 20.271 ], [ 100.022, 20.263 ], [ 100.044, 20.27 ], [ 100.053, 20.266 ], [ 100.07, 20.241 ], [ 100.078, 20.246 ], [ 100.108, 20.242 ], [ 100.138, 20.246 ], [ 100.142, 20.233 ], [ 100.129, 20.208 ] ] ] } },
{ "type": "Feature", "properties": { "hybas_id": 4071045660, "next_down": 4071040840, "main_bas": 4070017020, "sub_area": 69.7, "up_area": 6443.7, "th_share": 1.0 }, "geometry": { "type": "Polygon", "coordinates": [ [ [ 99.867, 19.91 ], [ 99.849, 19.941 ], [ 99.818, 19.947 ], [ 99.808, 19.977 ], [ 99.787, 20.007 ], [ 99.788, 20.036 ], [ 99.793, 20.041 ], [ 99.824, 20.028 ], [ 99.851, 19.976 ], [ 99.86, 19.967 ], [ 99.882, 19.962 ], [ 99.888, 19.947 ], [ 99.895, 19.945 ], [ 99.896, 19.921 ], [ 99.879, 19.9 ], [ 99.867, 19.91 ] ] ] } },
{ "type": "Feature", "properties": { "hybas_id": 4071045740, "next_down": 4071040840, "main_bas": 4070017020, "sub_area": 3069.1, "up_area": 3069.1, "th_share": 1.0 }, "geometry": { "type": "Polygon", "coordinates": [ [ [ 99.763, 19.813 ], [ 99.767, 19.833 ], [ 99.786, 19.838 ], [ 99.82, 19.859 ], [ 99.822, 19.866 ], [ 99.852, 19.871 ], [ 99.866, 19.88 ], [ 99.893, 19.92 ], [ 99.901, 19.925 ], [ 99.92, 19.911 ], [ 99.917, 19.884 ], [ 99.925, 19.882 ], [ 99.901, 19.852 ], [ 99.899, 19.842 ], [ 99.863, 19.841 ], [ 99.862, 19.825 ], [ 99.867, 19.817 ], [ 99.851, 19.798 ], [ 99.846, 19.779 ], [ 99.825, 19.75 ], [ 99.784, 19.715 ], [ 99.779, 19.698 ], [ 99.763, 19.688 ], [ 99.752, 19.688 ], [ 99.746, 19.696 ], [ 99.706, 19.691 ], [ 99.678, 19.63 ], [ 99.671, 19.628 ], [ 99.666, 19.601 ], [ 99.642, 19.604 ], [ 99.641, 19.589 ], [ 99.63, 19.582 ], [ 99.621, 19.567 ], [ 99.617, 19.513 ], [ 99.605, 19.507 ], [ 99.584, 19.477 ], [ 99.583, 19.46 ], [ 99.567, 19.436 ], [ 99.562, 19.414 ], [ 99.579, 19.369 ], [ 99.576, 19.343 ], [ 99.584, 19.34 ], [ 99.574, 19.326 ], [ 99.58, 19.317 ], [ 99.574, 19.309 ], [ 99.579, 19.294 ], [ 99.557, 19.259 ], [ 99.546, 19.252 ], [ 99.537, 19.209 ], [ 99.541, 19.194 ], [ 99.533, 19.184 ], [ 99.546, 19.148 ], [ 99.537, 19.131 ], [ 99.542, 19.117 ], [ 99.537, 19.089 ], [ 99.527, 19.08 ], [ 99.494, 19.079 ], [ 99.48, 19.07 ], [ 99.467, 19.039 ], [ 99.442, 19.028 ], [ 99.442, 19.017 ], [ 99.433, 19.008 ], [ 99.404, 19.0 ], [ 99.399, 19.02 ], [ 99.392, 19.022 ], [ 99.384, 19.044 ], [ 99.383, 19.061 ], [ 99.366, 19.082 ], [ 99.342, 19.092 ], [ 99.342, 19.1 ], [ 99.33, 19.106 ], [ 99.321, 19.123 ], [ 99.325, 19.148 ], [ 99.32, 19.165 ], [ 99.304, 19.185 ], [ 99.313, 19.229 ], [ 99.337, 19.247 ], [ 99.341, 19.264 ], [ 99.342, 19.285 ], [ 99.317, 19.35 ], [ 99.333, 19.364 ], [ 99.334, 19.386 ], [ 99.326, 19.388 ], [ 99.32, 19.415 ], [ 99.308, 19.429 ], [ 99.321, 19.46 ], [ 99.304, 19.483 ], [ 99.309, 19.484 ], [ 99.304, 19.513 ], [ 99.313, 19.526 ], [ 99.282, 19.566 ], [ 99.271, 19.567 ], [ 99.279, 19.6 ], [ 99.267, 19.609 ], [ 99.258, 19.65 ], [ 99.266, 19.651 ], [ 99.268, 19.662 ], [ 99.287, 19.672 ], [ 99.308, 19.693 ], [ 99.318, 19.712 ], [ 99.346, 19.713 ], [ 99.35, 19.724 ], [ 99.362, 19.726 ], [ 99.367, 19.767 ], [ 99.363, 19.779 ], [ 99.378, 19.784 ], [ 99.38, 19.798 ], [ 99.393, 19.817 ], [ 99.396, 19.813 ], [ 99.417, 19.813 ], [ 99.42, 19.818 ], [ 99.412, 19.845 ], [ 99.388, 19.863 ], [ 99.383, 19.891 ], [ 99.399, 19.9 ], [ 99.401, 19.912 ], [ 99.419, 19.916 ], [ 99.417, 19.935 ], [ 99.426, 19.962 ], [ 99.437, 19.963 ], [ 99.444, 19.974 ], [ 99.471, 19.967 ], [ 99.513, 19.975 ], [ 99.529, 19.962 ], [ 99.534, 19.934 ], [ 99.548, 19.921 ], [ 99.567, 19.917 ], [ 99.572, 19.901 ], [ 99.578, 19.899 ], [ 99.579, 19.883 ], [ 99.604, 19.871 ], [ 99.605, 19.863 ], [ 99.649, 19.819 ], [ 99.655, 19.797 ], [ 99.688, 19.782 ], [ 99.683, 19.776 ], [ 99.689, 19.771 ], [ 99.732, 19.767 ], [ 99.751, 19.803 ], [ 99.763, 19.813 ] ] ] } },
{ "type": "Feature", "properties": { "hybas_id": 4071045730, "next_down": 4071045660, "main_bas": 4070017020, "sub_area": 853.2, "up_area": 6114.7, "th_share": 1.0 }, "geometry": { "type": "Polygon", "coordinates": [ [ [ 99.417, 19.929 ], [ 99.402, 19.93 ], [ 99.378, 19.962 ], [ 99.363, 19.967 ], [ 99.367, 19.976 ], [ 99.363, 19.981 ], [ 99.375, 20.002 ], [ 99.362, 20.022 ], [ 99.371, 20.041 ], [ 99.367, 20.046 ], [ 99.371, 20.046 ], [ 99.371, 20.074 ], [ 99.385, 20.087 ], [ 99.42, 20.096 ], [ 99.428, 20.091 ], [ 99.495, 20.118 ], [ 99.497, 20.137 ], [ 99.514, 20.149 ], [ 99.538, 20.154 ], [ 99.554, 20.14 ], [ 99.559, 20.126 ], [ 99.612, 20.107 ], [ 99.613, 20.097 ], [ 99.637, 20.095 ], [ 99.647, 20.08 ], [ 99.678, 20.074 ], [ 99.688, 20.055 ], [ 99.683, 20.033 ], [ 99.717, 20.038 ], [ 99.73, 20.033 ], [ 99.738, 20.054 ], [ 99.753, 20.055 ], [ 99.763, 20.067 ], [ 99.792, 20.063 ], [ 99.796, 20.042 ], [ 99.788, 20.036 ], [ 99.787, 20.007 ], [ 99.792, 19.993 ], [ 99.808, 19.977 ], [ 99.818, 19.947 ], [ 99.849, 19.941 ], [ 99.863, 19.921 ], [ 99.834, 19.899 ], [ 99.826, 19.905 ], [ 99.818, 19.9 ], [ 99.815, 19.909 ], [ 99.777, 19.904 ], [ 99.751, 19.883 ], [ 99.738, 19.884 ], [ 99.734, 19.89 ], [ 99.737, 19.894 ], [ 99.715, 19.908 ], [ 99.681, 19.904 ], [ 99.673, 19.912 ], [ 99.648, 19.912 ], [ 99.615, 19.9 ], [ 99.606, 19.908 ], [ 99.579, 19.896 ], [ 99.567, 19.917 ], [ 99.548, 19.921 ], [ 99.534, 19.934 ], [ 99.529, 19.962 ], [ 99.513, 19.975 ], [ 99.471, 19.967 ], [ 99.444, 19.974 ], [ 99.437, 19.963 ], [ 99.426, 19.962 ], [ 99.417, 19.929 ] ] ] } },
{ "type": "Feature", "properties": { "hybas_id": 4071045790, "next_down": 4071045660, "main_bas": 4070017020, "sub_area": 259.1, "up_area": 259.2, "th_share": 1.0 }, "geometry": { "type": "Polygon", "coordinates": [ [ [ 99.715, 19.908 ], [ 99.737, 19.894 ], [ 99.734, 19.89 ], [ 99.738, 19.884 ], [ 99.751, 19.883 ], [ 99.777, 19.904 ], [ 99.815, 19.909 ], [ 99.818, 19.9 ], [ 99.826, 19.905 ], [ 99.834, 19.899 ], [ 99.863, 19.921 ], [ 99.879, 19.9 ], [ 99.879, 19.893 ], [ 99.852, 19.871 ], [ 99.822, 19.866 ], [ 99.82, 19.859 ], [ 99.786, 19.838 ], [ 99.767, 19.833 ], [ 99.763, 19.813 ], [ 99.751, 19.803 ], [ 99.737, 19.773 ], [ 99.716, 19.766 ], [ 99.689, 19.771 ], [ 99.683, 19.776 ], [ 99.688, 19.782 ], [ 99.655, 19.797 ], [ 99.654, 19.811 ], [ 99.637, 19.836 ], [ 99.605, 19.863 ], [ 99.604, 19.871 ], [ 99.579, 19.883 ], [ 99.579, 19.896 ], [ 99.606, 19.908 ], [ 99.615, 19.9 ], [ 99.648, 19.912 ], [ 99.673, 19.912 ], [ 99.681, 19.904 ], [ 99.715, 19.908 ] ] ] } },
{ "type": "Feature", "properties": { "hybas_id": 4071043920, "next_down": 4071045730, "main_bas": 4070017020, "sub_area": 1872.8, "up_area": 1872.8, "th_share": 1.0 }, "geometry": { "type": "Polygon", "coordinates": [ [ [ 99.128, 20.101 ], [ 99.134, 20.116 ], [ 99.167, 20.133 ], [ 99.215, 20.129 ], [ 99.237, 20.12 ], [ 99.239, 20.112 ], [ 99.266, 20.117 ], [ 99.287, 20.112 ], [ 99.3, 20.099 ], [ 99.295, 20.092 ], [ 99.305, 20.076 ], [ 99.32, 20.07 ], [ 99.337, 20.074 ], [ 99.363, 20.038 ], [ 99.371, 20.041 ], [ 99.362, 20.022 ], [ 99.375, 20.002 ], [ 99.363, 19.981 ], [ 99.367, 19.976 ], [ 99.363, 19.967 ], [ 99.378, 19.962 ], [ 99.397, 19.934 ], [ 99.417, 19.929 ], [ 99.421, 19.921 ], [ 99.415, 19.913 ], [ 99.401, 19.912 ], [ 99.399, 19.9 ], [ 99.383, 19.891 ], [ 99.388, 19.863 ], [ 99.412, 19.845 ], [ 99.42, 19.818 ], [ 99.417, 19.813 ], [ 99.396, 19.813 ], [ 99.393, 19.817 ], [ 99.38, 19.798 ], [ 99.378, 19.784 ], [ 99.363, 19.779 ], [ 99.367, 19.767 ], [ 99.362, 19.726 ], [ 99.35, 19.724 ], [ 99.346, 19.713 ], [ 99.318, 19.712 ], [ 99.308, 19.693 ], [ 99.287, 19.672 ], [ 99.268, 19.662 ], [ 99.266, 19.651 ], [ 99.258, 19.65 ], [ 99.267, 19.609 ], [ 99.279, 19.6 ], [ 99.275, 19.573 ], [ 99.251, 19.557 ], [ 99.246, 19.547 ], [ 99.234, 19.545 ], [ 99.233, 19.535 ], [ 99.221, 19.525 ], [ 99.18, 19.551 ], [ 99.174, 19.578 ], [ 99.158, 19.584 ], [ 99.138, 19.571 ], [ 99.109, 19.592 ], [ 99.104, 19.619 ], [ 99.088, 19.63 ], [ 99.087, 19.649 ], [ 99.066, 19.67 ], [ 99.051, 19.671 ], [ 99.045, 19.687 ], [ 99.034, 19.693 ], [ 99.021, 19.723 ], [ 99.021, 19.738 ], [ 99.041, 19.769 ], [ 99.038, 19.798 ], [ 99.051, 19.816 ], [ 99.045, 19.841 ], [ 99.054, 19.867 ], [ 99.05, 19.898 ], [ 99.054, 19.913 ], [ 99.033, 19.972 ], [ 99.054, 20.002 ], [ 99.042, 20.019 ], [ 99.042, 20.04 ], [ 99.07, 20.068 ], [ 99.075, 20.1 ], [ 99.095, 20.104 ], [ 99.1, 20.096 ], [ 99.111, 20.096 ], [ 99.128, 20.101 ] ] ] } },
{ "type": "Feature", "properties": { "hybas_id": 4071043740, "next_down": 4071045730, "main_bas": 4070017020, "sub_area": 177.0, "up_area": 3388.7, "th_share": 0.22 }, "geometry": { "type": "Polygon", "coordinates": [ [ [ 99.371, 20.046 ], [ 99.363, 20.038 ], [ 99.337, 20.074 ], [ 99.32, 20.07 ], [ 99.305, 20.076 ], [ 99.295, 20.092 ], [ 99.3, 20.099 ], [ 99.277, 20.116 ], [ 99.239, 20.112 ], [ 99.237, 20.12 ], [ 99.215, 20.129 ], [ 99.173, 20.13 ], [ 99.167, 20.133 ], [ 99.171, 20.156 ], [ 99.167, 20.167 ], [ 99.198, 20.175 ], [ 99.223, 20.158 ], [ 99.235, 20.162 ], [ 99.248, 20.158 ], [ 99.269, 20.141 ], [ 99.282, 20.142 ], [ 99.29, 20.15 ], [ 99.315, 20.137 ], [ 99.375, 20.142 ], [ 99.38, 20.137 ], [ 99.401, 20.142 ], [ 99.46, 20.13 ], [ 99.488, 20.138 ], [ 99.496, 20.133 ], [ 99.495, 20.118 ], [ 99.467, 20.104 ], [ 99.428, 20.091 ], [ 99.42, 20.096 ], [ 99.385, 20.087 ], [ 99.371, 20.074 ], [ 99.371, 20.046 ] ] ] } },
{ "type": "Feature", "properties": { "hybas_id": 4070017870, "next_down": 0, "main_bas": 4070017870, "sub_area": 8876.4, "up_area": 8876.4, "th_share": 0.85 }, "geometry": { "type": "MultiPolygon", "coordinates": [ [ [ [ 102.342, 12.188 ], [ 102.337, 12.186 ], [ 102.339, 12.192 ], [ 102.342, 12.188 ] ] ], [ [ [ 102.253, 12.283 ], [ 102.245, 12.288 ], [ 102.24, 12.284 ], [ 102.233, 12.29 ], [ 102.234, 12.299 ], [ 102.245, 12.301 ], [ 102.253, 12.283 ] ] ], [ [ [ 102.387, 11.823 ], [ 102.383, 11.822 ], [ 102.386, 11.825 ], [ 102.387, 11.823 ] ] ], [ [ [ 102.463, 11.834 ], [ 102.458, 11.832 ], [ 102.46, 11.838 ], [ 102.463, 11.834 ] ] ], [ [ [ 102.524, 11.829 ], [ 102.517, 11.835 ], [ 102.526, 11.859 ], [ 102.534, 11.851 ], [ 102.533, 11.834 ], [ 102.524, 11.829 ] ] ], [ [ [ 102.453, 11.892 ], [ 102.447, 11.896 ], [ 102.446, 11.903 ], [ 102.453, 11.904 ], [ 102.453, 11.892 ] ] ], [ [ [ 102.49, 11.788 ], [ 102.46, 11.813 ], [ 102.453, 11.793 ], [ 102.447, 11.791 ], [ 102.45, 11.803 ], [ 102.442, 11.805 ], [ 102.441, 11.817 ], [ 102.451, 11.826 ], [ 102.456, 11.821 ], [ 102.466, 11.826 ], [ 102.467, 11.841 ], [ 102.474, 11.842 ], [ 102.476, 11.834 ], [ 102.49, 11.83 ], [ 102.505, 11.834 ], [ 102.512, 11.828 ], [ 102.513, 11.816 ], [ 102.507, 11.808 ], [ 102.495, 11.813 ], [ 102.488, 11.807 ], [ 102.49, 11.788 ] ] ], [ [ [ 102.428, 12.046 ], [ 102.42, 12.052 ], [ 102.426, 12.055 ], [ 102.428, 12.046 ] ] ], [ [ [ 102.411, 11.892 ], [ 102.397, 11.897 ], [ 102.394, 11.913 ], [ 102.406, 11.905 ], [ 102.418, 11.906 ], [ 102.411, 11.892 ] ] ], [ [ [ 102.349, 11.9 ], [ 102.341, 11.901 ], [ 102.347, 11.921 ], [ 102.362, 11.93 ], [ 102.366, 11.919 ], [ 102.349, 11.9 ] ] ], [ [ [ 102.476, 11.917 ], [ 102.47, 11.915 ], [ 102.472, 11.921 ], [ 102.476, 11.917 ] ] ], [ [ [ 102.394, 11.771 ], [ 102.384, 11.777 ], [ 102.377, 11.813 ], [ 102.387, 11.812 ], [ 102.396, 11.796 ], [ 102.394, 11.771 ] ] ], [ [ [ 102.478, 11.929 ], [ 102.466, 11.93 ], [ 102.467, 11.953 ], [ 102.479, 11.963 ], [ 102.484, 11.961 ], [ 102.478, 11.929 ] ] ], [ [ [ 102.411, 11.929 ], [ 102.399, 11.945 ], [ 102.402, 11.951 ], [ 102.413, 11.942 ], [ 102.411, 11.929 ] ] ], [ [ [ 102.504, 11.956 ], [ 102.487, 11.948 ], [ 102.489, 11.971 ], [ 102.504, 11.956 ] ] ], [ [ [ 102.516, 11.96 ], [ 102.512, 11.96 ], [ 102.515, 11.963 ], [ 102.516, 11.96 ] ] ], [ [ [ 102.266, 12.023 ], [ 102.258, 12.022 ], [ 102.26, 12.03 ], [ 102.266, 12.023 ] ] ], [ [ [ 102.524, 11.708 ], [ 102.512, 11.716 ], [ 102.513, 11.728 ], [ 102.519, 11.729 ], [ 102.53, 11.717 ], [ 102.524, 11.708 ] ] ], [ [ [ 102.532, 11.633 ], [ 102.524, 11.634 ], [ 102.528, 11.638 ], [ 102.532, 11.633 ] ] ], [ [ [ 102.594, 11.558 ], [ 102.567, 11.575 ], [ 102.566, 11.592 ], [ 102.548, 11.588 ], [ 102.541, 11.599 ], [ 102.526, 11.601 ], [ 102.53, 11.62 ], [ 102.541, 11.622 ], [ 102.542, 11.629 ], [ 102.528, 11.653 ], [ 102.521, 11.655 ], [ 102.53, 11.666 ], [ 102.528, 11.684 ], [ 102.522, 11.679 ], [ 102.52, 11.684 ], [ 102.526, 11.699 ], [ 102.537, 11.701 ], [ 102.533, 11.725 ], [ 102.546, 11.761 ], [ 102.561, 11.758 ], [ 102.574, 11.731 ], [ 102.567, 11.713 ], [ 102.585, 11.712 ], [ 102.593, 11.696 ], [ 102.602, 11.704 ], [ 102.612, 11.689 ], [ 102.605, 11.686 ], [ 102.613, 11.65 ], [ 102.596, 11.614 ], [ 102.605, 11.608 ], [ 102.595, 11.587 ], [ 102.601, 11.579 ], [ 102.594, 11.558 ] ] ], [ [ [ 102.136, 12.392 ], [ 102.13, 12.392 ], [ 102.129, 12.399 ], [ 102.136, 12.4 ], [ 102.136, 12.392 ] ] ], [ [ [ 102.112, 12.424 ], [ 102.104, 12.422 ], [ 102.112, 12.43 ], [ 102.112, 12.424 ] ] ], [ [ [ 102.029, 12.46 ], [ 102.02, 12.459 ], [ 102.022, 12.467 ], [ 102.029, 12.46 ] ] ], [ [ [ 101.7, 13.108 ], [ 101.692, 13.113 ], [ 101.691, 13.13 ], [ 101.7, 13.139 ], [ 101.696, 13.158 ], [ 101.719, 13.183 ], [ 101.761, 13.192 ], [ 101.791, 13.218 ], [ 101.792, 13.232 ], [ 101.816, 13.243 ], [ 101.823, 13.254 ], [ 101.828, 13.253 ], [ 101.83, 13.238 ], [ 101.839, 13.237 ], [ 101.847, 13.251 ], [ 101.866, 13.249 ], [ 101.871, 13.229 ], [ 101.879, 13.23 ], [ 101.884, 13.245 ], [ 101.899, 13.256 ], [ 101.905, 13.291 ], [ 101.953, 13.297 ], [ 101.963, 13.325 ], [ 101.988, 13.338 ], [ 102.008, 13.315 ], [ 102.009, 13.304 ], [ 102.037, 13.295 ], [ 102.042, 13.28 ], [ 102.041, 13.271 ], [ 102.029, 13.267 ], [ 102.03, 13.231 ], [ 102.051, 13.163 ], [ 102.066, 13.152 ], [ 102.081, 13.126 ], [ 102.098, 13.12 ], [ 102.111, 13.121 ], [ 102.119, 13.129 ], [ 102.125, 13.125 ], [ 102.13, 13.105 ], [ 102.154, 13.086 ], [ 102.155, 13.064 ], [ 102.179, 13.007 ], [ 102.174, 13.001 ], [ 102.184, 12.995 ], [ 102.175, 12.973 ], [ 102.188, 12.948 ], [ 102.204, 12.938 ], [ 102.2, 12.929 ], [ 102.245, 12.903 ], [ 102.262, 12.887 ], [ 102.263, 12.875 ], [ 102.278, 12.87 ], [ 102.284, 12.847 ], [ 102.295, 12.845 ], [ 102.323, 12.809 ], [ 102.352, 12.812 ], [ 102.362, 12.807 ], [ 102.376, 12.792 ], [ 102.371, 12.781 ], [ 102.38, 12.758 ], [ 102.39, 12.758 ], [ 102.397, 12.771 ], [ 102.431, 12.763 ], [ 102.469, 12.762 ], [ 102.477, 12.754 ], [ 102.496, 12.758 ], [ 102.497, 12.743 ], [ 102.512, 12.727 ], [ 102.509, 12.714 ], [ 102.517, 12.702 ], [ 102.513, 12.673 ], [ 102.529, 12.654 ], [ 102.545, 12.659 ], [ 102.582, 12.653 ], [ 102.619, 12.617 ], [ 102.649, 12.612 ], [ 102.646, 12.588 ], [ 102.663, 12.583 ], [ 102.684, 12.551 ], [ 102.679, 12.543 ], [ 102.713, 12.513 ], [ 102.728, 12.512 ], [ 102.73, 12.497 ], [ 102.746, 12.49 ], [ 102.742, 12.467 ], [ 102.756, 12.455 ], [ 102.778, 12.467 ], [ 102.776, 12.444 ], [ 102.792, 12.417 ], [ 102.783, 12.396 ], [ 102.791, 12.386 ], [ 102.792, 12.368 ], [ 102.802, 12.359 ], [ 102.833, 12.349 ], [ 102.849, 12.331 ], [ 102.851, 12.309 ], [ 102.862, 12.303 ], [ 102.863, 12.292 ], [ 102.858, 12.264 ], [ 102.85, 12.256 ], [ 102.869, 12.234 ], [ 102.887, 12.233 ], [ 102.888, 12.223 ], [ 102.912, 12.194 ], [ 102.913, 12.171 ], [ 102.9, 12.16 ], [ 102.909, 12.151 ], [ 102.908, 12.127 ], [ 102.883, 12.097 ], [ 102.908, 12.069 ], [ 102.908, 12.063 ], [ 102.901, 12.062 ], [ 102.899, 12.029 ], [ 102.913, 12.0 ], [ 102.929, 11.985 ], [ 102.925, 11.981 ], [ 102.942, 11.935 ], [ 102.938, 11.915 ], [ 102.95, 11.902 ], [ 102.942, 11.894 ], [ 102.946, 11.85 ], [ 102.941, 11.842 ], [ 102.946, 11.823 ], [ 102.968, 11.78 ], [ 102.983, 11.769 ], [ 102.988, 11.752 ], [ 102.975, 11.715 ], [ 102.979, 11.704 ], [ 102.958, 11.675 ], [ 102.967, 11.598 ], [ 102.957, 11.563 ], [ 102.947, 11.567 ], [ 102.941, 11.583 ], [ 102.93, 11.584 ], [ 102.929, 11.603 ], [ 102.938, 11.605 ], [ 102.917, 11.626 ], [ 102.905, 11.652 ], [ 102.899, 11.696 ], [ 102.905, 11.713 ], [ 102.891, 11.734 ], [ 102.895, 11.74 ], [ 102.882, 11.766 ], [ 102.876, 11.768 ], [ 102.858, 11.802 ], [ 102.771, 11.91 ], [ 102.77, 11.926 ], [ 102.784, 11.946 ], [ 102.763, 11.981 ], [ 102.762, 11.986 ], [ 102.771, 11.989 ], [ 102.762, 12.027 ], [ 102.75, 12.045 ], [ 102.626, 12.143 ], [ 102.621, 12.152 ], [ 102.626, 12.158 ], [ 102.64, 12.159 ], [ 102.646, 12.167 ], [ 102.641, 12.178 ], [ 102.592, 12.208 ], [ 102.566, 12.186 ], [ 102.58, 12.167 ], [ 102.559, 12.162 ], [ 102.567, 12.121 ], [ 102.563, 12.097 ], [ 102.574, 12.091 ], [ 102.592, 12.059 ], [ 102.591, 12.046 ], [ 102.584, 12.041 ], [ 102.55, 12.055 ], [ 102.545, 12.062 ], [ 102.549, 12.081 ], [ 102.532, 12.112 ], [ 102.48, 12.134 ], [ 102.467, 12.148 ], [ 102.466, 12.162 ], [ 102.392, 12.167 ], [ 102.386, 12.179 ], [ 102.38, 12.175 ], [ 102.373, 12.187 ], [ 102.346, 12.196 ], [ 102.334, 12.195 ], [ 102.328, 12.179 ], [ 102.292, 12.184 ], [ 102.276, 12.206 ], [ 102.28, 12.212 ], [ 102.274, 12.221 ], [ 102.287, 12.231 ], [ 102.27, 12.263 ], [ 102.258, 12.268 ], [ 102.263, 12.279 ], [ 102.258, 12.287 ], [ 102.265, 12.295 ], [ 102.274, 12.287 ], [ 102.321, 12.301 ], [ 102.326, 12.313 ], [ 102.362, 12.343 ], [ 102.346, 12.367 ], [ 102.338, 12.356 ], [ 102.337, 12.335 ], [ 102.307, 12.304 ], [ 102.284, 12.317 ], [ 102.282, 12.325 ], [ 102.279, 12.309 ], [ 102.253, 12.304 ], [ 102.205, 12.342 ], [ 102.191, 12.366 ], [ 102.161, 12.395 ], [ 102.14, 12.408 ], [ 102.117, 12.405 ], [ 102.116, 12.415 ], [ 102.125, 12.418 ], [ 102.108, 12.446 ], [ 102.086, 12.466 ], [ 102.063, 12.479 ], [ 102.062, 12.468 ], [ 102.043, 12.472 ], [ 102.033, 12.487 ], [ 102.034, 12.495 ], [ 102.042, 12.497 ], [ 102.006, 12.529 ], [ 101.976, 12.542 ], [ 101.95, 12.538 ], [ 101.955, 12.521 ], [ 101.947, 12.504 ], [ 101.941, 12.533 ], [ 101.929, 12.534 ], [ 101.906, 12.562 ], [ 101.894, 12.57 ], [ 101.889, 12.567 ], [ 101.883, 12.575 ], [ 101.885, 12.584 ], [ 101.903, 12.575 ], [ 101.905, 12.594 ], [ 101.896, 12.601 ], [ 101.883, 12.599 ], [ 101.888, 12.592 ], [ 101.88, 12.588 ], [ 101.863, 12.615 ], [ 101.862, 12.641 ], [ 101.831, 12.666 ], [ 101.761, 12.704 ], [ 101.736, 12.705 ], [ 101.708, 12.696 ], [ 101.708, 12.708 ], [ 101.745, 12.713 ], [ 101.758, 12.771 ], [ 101.745, 12.824 ], [ 101.758, 12.826 ], [ 101.763, 12.853 ], [ 101.795, 12.854 ], [ 101.797, 12.87 ], [ 101.803, 12.872 ], [ 101.8, 12.913 ], [ 101.804, 12.928 ], [ 101.792, 12.93 ], [ 101.782, 12.949 ], [ 101.754, 12.954 ], [ 101.748, 12.95 ], [ 101.738, 12.96 ], [ 101.737, 12.985 ], [ 101.758, 13.01 ], [ 101.754, 13.032 ], [ 101.748, 13.037 ], [ 101.723, 13.033 ], [ 101.713, 13.038 ], [ 101.712, 13.057 ], [ 101.696, 13.089 ], [ 101.7, 13.108 ] ], [ [ 102.228, 12.417 ], [ 102.224, 12.421 ], [ 102.22, 12.418 ], [ 102.228, 12.417 ] ], [ [ 102.279, 12.393 ], [ 102.283, 12.394 ], [ 102.282, 12.396 ], [ 102.279, 12.393 ] ], [ [ 101.95, 12.596 ], [ 101.937, 12.582 ], [ 101.945, 12.573 ], [ 101.95, 12.554 ], [ 101.955, 12.563 ], [ 101.949, 12.572 ], [ 101.959, 12.59 ], [ 101.95, 12.596 ] ], [ [ 102.063, 12.483 ], [ 102.067, 12.511 ], [ 102.079, 12.524 ], [ 102.067, 12.525 ], [ 102.058, 12.505 ], [ 102.063, 12.497 ], [ 102.058, 12.484 ], [ 102.063, 12.483 ] ], [ [ 102.067, 12.529 ], [ 102.067, 12.533 ], [ 102.062, 12.53 ], [ 102.067, 12.529 ] ], [ [ 102.072, 12.537 ], [ 102.078, 12.534 ], [ 102.079, 12.538 ], [ 102.072, 12.537 ] ], [ [ 102.275, 12.333 ], [ 102.279, 12.345 ], [ 102.267, 12.351 ], [ 102.266, 12.37 ], [ 102.283, 12.376 ], [ 102.272, 12.384 ], [ 102.255, 12.415 ], [ 102.259, 12.427 ], [ 102.235, 12.424 ], [ 102.249, 12.412 ], [ 102.246, 12.397 ], [ 102.253, 12.395 ], [ 102.258, 12.381 ], [ 102.259, 12.352 ], [ 102.275, 12.333 ] ], [ [ 102.275, 12.333 ], [ 102.276, 12.329 ], [ 102.28, 12.332 ], [ 102.275, 12.333 ] ] ], [ [ [ 102.446, 11.958 ], [ 102.445, 11.943 ], [ 102.439, 11.941 ], [ 102.428, 11.957 ], [ 102.396, 11.979 ], [ 102.393, 11.988 ], [ 102.395, 11.966 ], [ 102.389, 11.968 ], [ 102.382, 11.996 ], [ 102.374, 11.995 ], [ 102.378, 11.964 ], [ 102.367, 11.958 ], [ 102.338, 11.971 ], [ 102.316, 11.97 ], [ 102.32, 11.954 ], [ 102.313, 11.955 ], [ 102.303, 11.975 ], [ 102.291, 11.981 ], [ 102.296, 11.991 ], [ 102.291, 12.008 ], [ 102.279, 12.014 ], [ 102.287, 12.022 ], [ 102.291, 12.048 ], [ 102.271, 12.073 ], [ 102.274, 12.094 ], [ 102.266, 12.11 ], [ 102.245, 12.137 ], [ 102.248, 12.142 ], [ 102.267, 12.139 ], [ 102.241, 12.162 ], [ 102.244, 12.167 ], [ 102.269, 12.151 ], [ 102.328, 12.137 ], [ 102.33, 12.129 ], [ 102.354, 12.115 ], [ 102.388, 12.055 ], [ 102.399, 12.053 ], [ 102.405, 12.035 ], [ 102.449, 11.977 ], [ 102.437, 11.963 ], [ 102.446, 11.958 ] ] ], [ [ [ 102.447, 11.963 ], [ 102.45, 11.96 ], [ 102.446, 11.958 ], [ 102.447, 11.963 ] ] ] ] } },
{ "type": "Feature", "properties": { "hybas_id": 4070018070, "next_down": 0, "main_bas": 4070018070, "sub_area": 2139.9, "up_area": 2139.9, "th_share": 1.0 }, "geometry": { "type": "Polygon", "coordinates": [ [ [ 101.666, 13.274 ], [ 101.691, 13.244 ], [ 101.692, 13.231 ], [ 101.705, 13.209 ], [ 101.716, 13.202 ], [ 101.721, 13.183 ], [ 101.696, 13.158 ], [ 101.7, 13.139 ], [ 101.691, 13.13 ], [ 101.692, 13.113 ], [ 101.7, 13.108 ], [ 101.696, 13.089 ], [ 101.712, 13.057 ], [ 101.713, 13.038 ], [ 101.723, 13.033 ], [ 101.748, 13.037 ], [ 101.758, 13.01 ], [ 101.737, 12.985 ], [ 101.738, 12.96 ], [ 101.748, 12.95 ], [ 101.754, 12.954 ], [ 101.782, 12.949 ], [ 101.792, 12.93 ], [ 101.804, 12.928 ], [ 101.8, 12.908 ], [ 101.805, 12.9 ], [ 101.803, 12.872 ], [ 101.797, 12.87 ], [ 101.795, 12.854 ], [ 101.763, 12.853 ], [ 101.758, 12.826 ], [ 101.745, 12.824 ], [ 101.758, 12.771 ], [ 101.745, 12.713 ], [ 101.708, 12.708 ], [ 101.708, 12.696 ], [ 101.691, 12.705 ], [ 101.666, 12.691 ], [ 101.651, 12.701 ], [ 101.631, 12.729 ], [ 101.61, 12.721 ], [ 101.584, 12.726 ], [ 101.579, 12.747 ], [ 101.584, 12.757 ], [ 101.559, 12.768 ], [ 101.557, 12.774 ], [ 101.53, 12.776 ], [ 101.509, 12.796 ], [ 101.508, 12.816 ], [ 101.462, 12.821 ], [ 101.421, 12.8 ], [ 101.401, 12.813 ], [ 101.401, 12.837 ], [ 101.416, 12.843 ], [ 101.417, 12.854 ], [ 101.396, 12.875 ], [ 101.391, 12.923 ], [ 101.379, 12.935 ], [ 101.397, 12.958 ], [ 101.416, 12.964 ], [ 101.416, 12.986 ], [ 101.409, 12.993 ], [ 101.404, 13.019 ], [ 101.326, 13.084 ], [ 101.317, 13.108 ], [ 101.321, 13.149 ], [ 101.328, 13.151 ], [ 101.337, 13.169 ], [ 101.338, 13.192 ], [ 101.348, 13.188 ], [ 101.375, 13.21 ], [ 101.379, 13.221 ], [ 101.399, 13.198 ], [ 101.401, 13.188 ], [ 101.412, 13.181 ], [ 101.413, 13.172 ], [ 101.427, 13.159 ], [ 101.443, 13.155 ], [ 101.452, 13.155 ], [ 101.471, 13.182 ], [ 101.49, 13.196 ], [ 101.5, 13.192 ], [ 101.505, 13.232 ], [ 101.512, 13.239 ], [ 101.508, 13.272 ], [ 101.513, 13.283 ], [ 101.54, 13.288 ], [ 101.566, 13.305 ], [ 101.567, 13.329 ], [ 101.577, 13.329 ], [ 101.597, 13.309 ], [ 101.615, 13.308 ], [ 101.629, 13.299 ], [ 101.634, 13.288 ], [ 101.666, 13.274 ] ] ] } },
{ "type": "Feature", "properties": { "hybas_id": 4070018080, "next_down": 0, "main_bas": 4070018080, "sub_area": 3977.6, "up_area": 3977.6, "th_share": 0.97 }, "geometry": { "type": "MultiPolygon", "coordinates": [ [ [ [ 100.653, 12.95 ], [ 100.645, 12.951 ], [ 100.647, 12.966 ], [ 100.653, 12.967 ], [ 100.653, 12.95 ] ] ], [ [ [ 100.674, 12.867 ], [ 100.672, 12.882 ], [ 100.678, 12.884 ], [ 100.68, 12.878 ], [ 100.674, 12.867 ] ] ], [ [ [ 100.809, 12.93 ], [ 100.804, 12.928 ], [ 100.806, 12.934 ], [ 100.809, 12.93 ] ] ], [ [ [ 100.682, 12.917 ], [ 100.672, 12.917 ], [ 100.662, 12.941 ], [ 100.663, 12.949 ], [ 100.679, 12.955 ], [ 100.688, 12.93 ], [ 100.682, 12.917 ] ] ], [ [ [ 100.682, 12.896 ], [ 100.676, 12.901 ], [ 100.675, 12.907 ], [ 100.682, 12.909 ], [ 100.682, 12.896 ] ] ], [ [ [ 100.778, 12.896 ], [ 100.772, 12.897 ], [ 100.766, 12.912 ], [ 100.767, 12.928 ], [ 100.779, 12.93 ], [ 100.788, 12.951 ], [ 100.795, 12.944 ], [ 100.791, 12.919 ], [ 100.778, 12.896 ] ] ], [ [ [ 100.836, 13.163 ], [ 100.822, 13.163 ], [ 100.82, 13.173 ], [ 100.828, 13.18 ], [ 100.836, 13.163 ] ] ], [ [ [ 100.807, 13.108 ], [ 100.8, 13.109 ], [ 100.806, 13.121 ], [ 100.813, 13.12 ], [ 100.807, 13.108 ] ] ], [ [ [ 100.815, 13.125 ], [ 100.805, 13.126 ], [ 100.804, 13.145 ], [ 100.796, 13.147 ], [ 100.801, 13.184 ], [ 100.812, 13.183 ], [ 100.821, 13.15 ], [ 100.815, 13.125 ] ] ], [ [ [ 101.694, 12.596 ], [ 101.688, 12.597 ], [ 101.683, 12.612 ], [ 101.691, 12.621 ], [ 101.694, 12.596 ] ] ], [ [ [ 101.571, 12.559 ], [ 101.566, 12.557 ], [ 101.568, 12.563 ], [ 101.571, 12.559 ] ] ], [ [ [ 101.513, 12.584 ], [ 101.508, 12.582 ], [ 101.51, 12.588 ], [ 101.513, 12.584 ] ] ], [ [ [ 101.703, 12.563 ], [ 101.695, 12.563 ], [ 101.697, 12.576 ], [ 101.705, 12.574 ], [ 101.703, 12.563 ] ] ], [ [ [ 101.517, 12.605 ], [ 101.512, 12.603 ], [ 101.514, 12.609 ], [ 101.517, 12.605 ] ] ], [ [ [ 101.444, 12.521 ], [ 101.441, 12.582 ], [ 101.451, 12.584 ], [ 101.471, 12.571 ], [ 101.459, 12.562 ], [ 101.444, 12.521 ] ] ], [ [ [ 101.445, 12.515 ], [ 101.441, 12.514 ], [ 101.444, 12.517 ], [ 101.445, 12.515 ] ] ], [ [ [ 101.175, 12.649 ], [ 101.166, 12.647 ], [ 101.174, 12.655 ], [ 101.175, 12.649 ] ] ], [ [ [ 100.961, 12.508 ], [ 100.949, 12.516 ], [ 100.951, 12.532 ], [ 100.963, 12.526 ], [ 100.961, 12.508 ] ] ], [ [ [ 100.801, 12.73 ], [ 100.795, 12.728 ], [ 100.797, 12.734 ], [ 100.801, 12.73 ] ] ], [ [ [ 100.937, 12.574 ], [ 100.929, 12.572 ], [ 100.937, 12.58 ], [ 100.937, 12.574 ] ] ], [ [ [ 100.707, 12.792 ], [ 100.695, 12.799 ], [ 100.697, 12.805 ], [ 100.708, 12.803 ], [ 100.707, 12.792 ] ] ], [ [ [ 100.878, 12.608 ], [ 100.871, 12.615 ], [ 100.887, 12.62 ], [ 100.888, 12.614 ], [ 100.878, 12.608 ] ] ], [ [ [ 100.974, 12.513 ], [ 100.967, 12.517 ], [ 100.966, 12.524 ], [ 100.974, 12.525 ], [ 100.974, 12.513 ] ] ], [ [ [ 100.83, 12.676 ], [ 100.82, 12.672 ], [ 100.822, 12.684 ], [ 100.83, 12.676 ] ] ], [ [ [ 100.974, 12.546 ], [ 100.966, 12.552 ], [ 100.972, 12.555 ], [ 100.974, 12.546 ] ] ], [ [ [ 100.846, 12.692 ], [ 100.833, 12.701 ], [ 100.837, 12.706 ], [ 100.834, 12.74 ], [ 100.841, 12.756 ], [ 100.838, 12.761 ], [ 100.849, 12.766 ], [ 100.849, 12.754 ], [ 100.859, 12.77 ], [ 100.872, 12.771 ], [ 100.881, 12.763 ], [ 100.89, 12.767 ], [ 100.899, 12.776 ], [ 100.912, 12.81 ], [ 100.891, 12.865 ], [ 100.859, 12.902 ], [ 100.854, 12.918 ], [ 100.859, 12.932 ], [ 100.872, 12.929 ], [ 100.878, 12.934 ], [ 100.884, 12.947 ], [ 100.88, 12.969 ], [ 100.884, 12.974 ], [ 100.902, 12.976 ], [ 100.924, 13.002 ], [ 100.926, 13.022 ], [ 100.917, 13.042 ], [ 100.888, 13.041 ], [ 100.871, 13.077 ], [ 100.87, 13.092 ], [ 100.88, 13.115 ], [ 100.895, 13.126 ], [ 100.897, 13.145 ], [ 100.924, 13.172 ], [ 100.933, 13.198 ], [ 100.933, 13.227 ], [ 100.92, 13.273 ], [ 100.896, 13.302 ], [ 100.901, 13.32 ], [ 100.916, 13.318 ], [ 100.917, 13.337 ], [ 100.928, 13.346 ], [ 100.935, 13.342 ], [ 100.971, 13.355 ], [ 100.976, 13.378 ], [ 100.983, 13.379 ], [ 100.983, 13.394 ], [ 100.967, 13.423 ], [ 100.966, 13.459 ], [ 100.982, 13.475 ], [ 100.985, 13.496 ], [ 100.991, 13.495 ], [ 100.992, 13.479 ], [ 100.996, 13.478 ], [ 100.987, 13.459 ], [ 100.988, 13.451 ], [ 100.999, 13.445 ], [ 101.005, 13.401 ], [ 101.0, 13.39 ], [ 101.013, 13.371 ], [ 101.05, 13.354 ], [ 101.055, 13.334 ], [ 101.053, 13.313 ], [ 101.038, 13.312 ], [ 101.021, 13.279 ], [ 101.048, 13.27 ], [ 101.062, 13.256 ], [ 101.063, 13.235 ], [ 101.076, 13.218 ], [ 101.072, 13.201 ], [ 101.079, 13.199 ], [ 101.079, 13.192 ], [ 101.089, 13.184 ], [ 101.129, 13.179 ], [ 101.151, 13.141 ], [ 101.2, 13.146 ], [ 101.209, 13.126 ], [ 101.224, 13.12 ], [ 101.231, 13.109 ], [ 101.235, 13.113 ], [ 101.252, 13.109 ], [ 101.274, 13.122 ], [ 101.276, 13.13 ], [ 101.302, 13.121 ], [ 101.321, 13.129 ], [ 101.317, 13.102 ], [ 101.326, 13.084 ], [ 101.404, 13.019 ], [ 101.409, 12.993 ], [ 101.416, 12.986 ], [ 101.416, 12.964 ], [ 101.397, 12.958 ], [ 101.379, 12.935 ], [ 101.391, 12.923 ], [ 101.396, 12.875 ], [ 101.417, 12.854 ], [ 101.416, 12.843 ], [ 101.401, 12.837 ], [ 101.401, 12.813 ], [ 101.421, 12.8 ], [ 101.462, 12.821 ], [ 101.508, 12.816 ], [ 101.509, 12.796 ], [ 101.53, 12.776 ], [ 101.557, 12.774 ], [ 101.559, 12.768 ], [ 101.584, 12.757 ], [ 101.579, 12.747 ], [ 101.584, 12.726 ], [ 101.61, 12.721 ], [ 101.631, 12.729 ], [ 101.651, 12.701 ], [ 101.666, 12.691 ], [ 101.691, 12.705 ], [ 101.704, 12.696 ], [ 101.672, 12.679 ], [ 101.649, 12.642 ], [ 101.574, 12.651 ], [ 101.562, 12.626 ], [ 101.449, 12.63 ], [ 101.425, 12.616 ], [ 101.43, 12.603 ], [ 101.424, 12.589 ], [ 101.414, 12.583 ], [ 101.404, 12.599 ], [ 101.286, 12.654 ], [ 101.165, 12.67 ], [ 101.157, 12.654 ], [ 101.151, 12.655 ], [ 101.149, 12.67 ], [ 101.144, 12.671 ], [ 101.146, 12.659 ], [ 101.137, 12.658 ], [ 101.128, 12.674 ], [ 101.075, 12.676 ], [ 101.044, 12.663 ], [ 100.988, 12.654 ], [ 100.971, 12.645 ], [ 100.974, 12.64 ], [ 100.966, 12.63 ], [ 100.971, 12.617 ], [ 100.966, 12.609 ], [ 100.97, 12.58 ], [ 100.958, 12.578 ], [ 100.959, 12.568 ], [ 100.967, 12.565 ], [ 100.951, 12.545 ], [ 100.941, 12.575 ], [ 100.947, 12.592 ], [ 100.954, 12.587 ], [ 100.957, 12.596 ], [ 100.943, 12.597 ], [ 100.94, 12.605 ], [ 100.912, 12.602 ], [ 100.921, 12.61 ], [ 100.913, 12.628 ], [ 100.924, 12.634 ], [ 100.926, 12.647 ], [ 100.911, 12.658 ], [ 100.893, 12.659 ], [ 100.891, 12.651 ], [ 100.9, 12.649 ], [ 100.899, 12.642 ], [ 100.88, 12.641 ], [ 100.868, 12.629 ], [ 100.861, 12.65 ], [ 100.853, 12.645 ], [ 100.847, 12.65 ], [ 100.845, 12.657 ], [ 100.859, 12.667 ], [ 100.853, 12.675 ], [ 100.843, 12.666 ], [ 100.837, 12.686 ], [ 100.846, 12.692 ] ], [ [ 100.87, 12.647 ], [ 100.875, 12.648 ], [ 100.874, 12.65 ], [ 100.87, 12.647 ] ], [ [ 100.883, 12.647 ], [ 100.887, 12.648 ], [ 100.886, 12.65 ], [ 100.883, 12.647 ] ], [ [ 100.846, 12.692 ], [ 100.85, 12.693 ], [ 100.847, 12.696 ], [ 100.846, 12.692 ] ] ], [ [ [ 100.79, 12.675 ], [ 100.776, 12.672 ], [ 100.774, 12.685 ], [ 100.762, 12.703 ], [ 100.763, 12.716 ], [ 100.771, 12.717 ], [ 100.774, 12.708 ], [ 100.772, 12.721 ], [ 100.803, 12.72 ], [ 100.809, 12.713 ], [ 100.808, 12.692 ], [ 100.796, 12.686 ], [ 100.79, 12.675 ] ] ], [ [ [ 100.895, 12.622 ], [ 100.897, 12.63 ], [ 100.902, 12.629 ], [ 100.913, 12.621 ], [ 100.912, 12.612 ], [ 100.895, 12.622 ] ] ] ] } },
{ "type": "Feature", "properties": { "hybas_id": 4070018230, "next_down": 0, "main_bas": 4070018230, "sub_area": 60.3, "up_area": 22003.6, "th_share": 1.0 }, "geometry": { "type": "Polygon", "coordinates": [ [ [ 101.05, 13.354 ], [ 101.013, 13.371 ], [ 101.0, 13.39 ], [ 101.005, 13.401 ], [ 100.999, 13.445 ], [ 100.988, 13.451 ], [ 100.987, 13.459 ], [ 100.996, 13.478 ], [ 100.992, 13.479 ], [ 100.991, 13.495 ], [ 100.98, 13.493 ], [ 100.984, 13.509 ], [ 100.979, 13.517 ], [ 101.006, 13.496 ], [ 101.01, 13.5 ], [ 101.025, 13.492 ], [ 101.026, 13.469 ], [ 101.038, 13.455 ], [ 101.037, 13.443 ], [ 101.021, 13.431 ], [ 101.055, 13.38 ], [ 101.05, 13.354 ] ] ] } },
{ "type": "Feature", "properties": { "hybas_id": 4071128690, "next_down": 4070018230, "main_bas": 4070018230, "sub_area": 1926.5, "up_area": 1926.8, "th_share": 1.0 }, "geometry": { "type": "Polygon", "coordinates": [ [ [ 101.133, 13.175 ], [ 101.089, 13.184 ], [ 101.079, 13.192 ], [ 101.079, 13.199 ], [ 101.072, 13.201 ], [ 101.076, 13.218 ], [ 101.063, 13.235 ], [ 101.062, 13.256 ], [ 101.048, 13.27 ], [ 101.021, 13.279 ], [ 101.038, 13.312 ], [ 101.053, 13.313 ], [ 101.055, 13.334 ], [ 101.05, 13.354 ], [ 101.055, 13.38 ], [ 101.021, 13.431 ], [ 101.037, 13.443 ], [ 101.038, 13.455 ], [ 101.026, 13.469 ], [ 101.021, 13.496 ], [ 101.052, 13.509 ], [ 101.078, 13.534 ], [ 101.084, 13.521 ], [ 101.128, 13.516 ], [ 101.133, 13.535 ], [ 101.129, 13.54 ], [ 101.146, 13.569 ], [ 101.142, 13.573 ], [ 101.16, 13.587 ], [ 101.174, 13.584 ], [ 101.191, 13.601 ], [ 101.205, 13.584 ], [ 101.238, 13.574 ], [ 101.233, 13.55 ], [ 101.238, 13.542 ], [ 101.233, 13.534 ], [ 101.267, 13.521 ], [ 101.271, 13.514 ], [ 101.267, 13.498 ], [ 101.287, 13.478 ], [ 101.3, 13.45 ], [ 101.338, 13.467 ], [ 101.384, 13.449 ], [ 101.404, 13.463 ], [ 101.415, 13.462 ], [ 101.429, 13.444 ], [ 101.429, 13.433 ], [ 101.44, 13.433 ], [ 101.477, 13.408 ], [ 101.502, 13.412 ], [ 101.529, 13.39 ], [ 101.533, 13.379 ], [ 101.54, 13.384 ], [ 101.55, 13.379 ], [ 101.566, 13.336 ], [ 101.566, 13.305 ], [ 101.54, 13.288 ], [ 101.513, 13.283 ], [ 101.508, 13.272 ], [ 101.512, 13.239 ], [ 101.505, 13.232 ], [ 101.5, 13.192 ], [ 101.49, 13.196 ], [ 101.477, 13.187 ], [ 101.452, 13.155 ], [ 101.427, 13.159 ], [ 101.413, 13.172 ], [ 101.383, 13.221 ], [ 101.348, 13.188 ], [ 101.338, 13.192 ], [ 101.337, 13.169 ], [ 101.328, 13.151 ], [ 101.321, 13.149 ], [ 101.321, 13.129 ], [ 101.302, 13.121 ], [ 101.276, 13.13 ], [ 101.274, 13.122 ], [ 101.252, 13.109 ], [ 101.235, 13.113 ], [ 101.231, 13.109 ], [ 101.224, 13.12 ], [ 101.209, 13.126 ], [ 101.2, 13.146 ], [ 101.151, 13.141 ], [ 101.133, 13.175 ] ] ] } },
{ "type": "Feature", "properties": { "hybas_id": 4071128630, "next_down": 4070018230, "main_bas": 4070018230, "sub_area": 3226.3, "up_area": 20016.6, "th_share": 1.0 }, "geometry": { "type": "Polygon", "coordinates": [ [ [ 100.654, 14.071 ], [ 100.663, 14.124 ], [ 100.678, 14.129 ], [ 100.68, 14.137 ], [ 100.686, 14.138 ], [ 100.693, 14.121 ], [ 100.715, 14.137 ], [ 100.724, 14.138 ], [ 100.728, 14.129 ], [ 100.733, 14.167 ], [ 100.753, 14.166 ], [ 100.755, 14.147 ], [ 100.76, 14.141 ], [ 100.77, 14.142 ], [ 100.78, 14.153 ], [ 100.775, 14.178 ], [ 100.791, 14.188 ], [ 100.798, 14.176 ], [ 100.82, 14.174 ], [ 100.816, 14.159 ], [ 100.8, 14.144 ], [ 100.817, 14.117 ], [ 100.823, 14.12 ], [ 100.833, 14.112 ], [ 100.845, 14.118 ], [ 100.847, 14.128 ], [ 100.871, 14.124 ], [ 100.867, 14.088 ], [ 100.879, 14.082 ], [ 100.88, 14.059 ], [ 100.895, 14.052 ], [ 100.896, 14.017 ], [ 100.912, 14.016 ], [ 100.917, 13.997 ], [ 100.913, 13.99 ], [ 100.922, 13.968 ], [ 100.983, 13.967 ], [ 100.979, 13.948 ], [ 100.983, 13.927 ], [ 100.97, 13.858 ], [ 100.975, 13.852 ], [ 100.971, 13.842 ], [ 100.984, 13.834 ], [ 100.979, 13.825 ], [ 100.984, 13.813 ], [ 101.0, 13.807 ], [ 101.005, 13.791 ], [ 101.015, 13.8 ], [ 101.044, 13.77 ], [ 101.054, 13.775 ], [ 101.055, 13.77 ], [ 101.062, 13.781 ], [ 101.055, 13.803 ], [ 101.066, 13.803 ], [ 101.071, 13.793 ], [ 101.082, 13.791 ], [ 101.084, 13.808 ], [ 101.103, 13.809 ], [ 101.105, 13.801 ], [ 101.12, 13.796 ], [ 101.117, 13.78 ], [ 101.128, 13.775 ], [ 101.13, 13.764 ], [ 101.122, 13.761 ], [ 101.12, 13.751 ], [ 101.171, 13.729 ], [ 101.184, 13.734 ], [ 101.199, 13.729 ], [ 101.202, 13.741 ], [ 101.22, 13.728 ], [ 101.226, 13.709 ], [ 101.235, 13.701 ], [ 101.257, 13.7 ], [ 101.265, 13.709 ], [ 101.303, 13.699 ], [ 101.309, 13.684 ], [ 101.332, 13.674 ], [ 101.345, 13.652 ], [ 101.351, 13.626 ], [ 101.371, 13.611 ], [ 101.367, 13.571 ], [ 101.373, 13.57 ], [ 101.414, 13.525 ], [ 101.446, 13.517 ], [ 101.441, 13.506 ], [ 101.45, 13.471 ], [ 101.429, 13.45 ], [ 101.415, 13.462 ], [ 101.404, 13.463 ], [ 101.384, 13.449 ], [ 101.338, 13.467 ], [ 101.3, 13.45 ], [ 101.287, 13.478 ], [ 101.267, 13.498 ], [ 101.271, 13.514 ], [ 101.267, 13.521 ], [ 101.233, 13.534 ], [ 101.238, 13.542 ], [ 101.233, 13.55 ], [ 101.238, 13.574 ], [ 101.205, 13.584 ], [ 101.191, 13.601 ], [ 101.174, 13.584 ], [ 101.16, 13.587 ], [ 101.142, 13.573 ], [ 101.146, 13.569 ], [ 101.129, 13.54 ], [ 101.133, 13.535 ], [ 101.128, 13.516 ], [ 101.084, 13.521 ], [ 101.078, 13.534 ], [ 101.052, 13.509 ], [ 101.023, 13.496 ], [ 101.01, 13.5 ], [ 101.006, 13.496 ], [ 100.978, 13.52 ], [ 100.965, 13.524 ], [ 100.942, 13.513 ], [ 100.942, 13.528 ], [ 100.919, 13.538 ], [ 100.907, 13.553 ], [ 100.892, 13.559 ], [ 100.892, 13.567 ], [ 100.877, 13.562 ], [ 100.867, 13.55 ], [ 100.843, 13.558 ], [ 100.837, 13.58 ], [ 100.841, 13.585 ], [ 100.826, 13.592 ], [ 100.824, 13.606 ], [ 100.812, 13.624 ], [ 100.8, 13.626 ], [ 100.805, 13.634 ], [ 100.788, 13.663 ], [ 100.771, 13.64 ], [ 100.774, 13.635 ], [ 100.762, 13.612 ], [ 100.709, 13.638 ], [ 100.704, 13.608 ], [ 100.668, 13.613 ], [ 100.671, 13.655 ], [ 100.638, 13.683 ], [ 100.638, 13.702 ], [ 100.654, 13.723 ], [ 100.653, 13.729 ], [ 100.645, 13.724 ], [ 100.63, 13.73 ], [ 100.629, 13.744 ], [ 100.613, 13.76 ], [ 100.617, 13.787 ], [ 100.592, 13.792 ], [ 100.591, 13.806 ], [ 100.583, 13.813 ], [ 100.599, 13.83 ], [ 100.601, 13.842 ], [ 100.62, 13.837 ], [ 100.622, 13.849 ], [ 100.628, 13.851 ], [ 100.63, 13.857 ], [ 100.605, 13.863 ], [ 100.6, 13.877 ], [ 100.62, 13.897 ], [ 100.621, 13.911 ], [ 100.642, 13.933 ], [ 100.63, 13.938 ], [ 100.62, 13.982 ], [ 100.613, 13.99 ], [ 100.617, 14.039 ], [ 100.613, 14.046 ], [ 100.621, 14.068 ], [ 100.613, 14.079 ], [ 100.628, 14.088 ], [ 100.654, 14.071 ] ] ] } },
{ "type": "Feature", "properties": { "hybas_id": 4071126330, "next_down": 4071128630, "main_bas": 4070018230, "sub_area": 381.6, "up_area": 13926.9, "th_share": 1.0 }, "geometry": { "type": "Polygon", "coordinates": [ [ [ 101.038, 13.775 ], [ 101.015, 13.8 ], [ 101.005, 13.791 ], [ 101.0, 13.807 ], [ 100.984, 13.813 ], [ 100.979, 13.825 ], [ 100.984, 13.834 ], [ 100.971, 13.842 ], [ 100.971, 13.886 ], [ 100.976, 13.903 ], [ 100.987, 13.905 ], [ 100.993, 13.916 ], [ 101.048, 13.925 ], [ 101.053, 13.921 ], [ 101.067, 13.938 ], [ 101.067, 13.926 ], [ 101.083, 13.93 ], [ 101.108, 13.92 ], [ 101.105, 13.901 ], [ 101.136, 13.9 ], [ 101.154, 13.888 ], [ 101.15, 13.875 ], [ 101.169, 13.863 ], [ 101.212, 13.853 ], [ 101.213, 13.843 ], [ 101.224, 13.837 ], [ 101.226, 13.846 ], [ 101.23, 13.838 ], [ 101.254, 13.825 ], [ 101.23, 13.798 ], [ 101.22, 13.759 ], [ 101.201, 13.744 ], [ 101.199, 13.729 ], [ 101.152, 13.734 ], [ 101.14, 13.745 ], [ 101.12, 13.751 ], [ 101.122, 13.761 ], [ 101.13, 13.764 ], [ 101.128, 13.775 ], [ 101.117, 13.78 ], [ 101.12, 13.796 ], [ 101.105, 13.801 ], [ 101.103, 13.809 ], [ 101.084, 13.808 ], [ 101.082, 13.791 ], [ 101.071, 13.793 ], [ 101.066, 13.803 ], [ 101.055, 13.803 ], [ 101.062, 13.781 ], [ 101.058, 13.773 ], [ 101.038, 13.775 ] ] ] } },
{ "type": "Feature", "properties": { "hybas_id": 4071126290, "next_down": 4071128630, "main_bas": 4070018230, "sub_area": 2863.5, "up_area": 2863.5, "th_share": 1.0 }, "geometry": { "type": "Polygon", "coordinates": [ [ [ 101.446, 13.517 ], [ 101.414, 13.525 ], [ 101.373, 13.57 ], [ 101.367, 13.571 ], [ 101.371, 13.611 ], [ 101.351, 13.626 ], [ 101.345, 13.652 ], [ 101.332, 13.674 ], [ 101.309, 13.684 ], [ 101.303, 13.699 ], [ 101.265, 13.709 ], [ 101.257, 13.7 ], [ 101.235, 13.701 ], [ 101.226, 13.709 ], [ 101.22, 13.728 ], [ 101.2, 13.742 ], [ 101.22, 13.759 ], [ 101.23, 13.798 ], [ 101.254, 13.825 ], [ 101.265, 13.83 ], [ 101.277, 13.821 ], [ 101.294, 13.825 ], [ 101.31, 13.813 ], [ 101.328, 13.812 ], [ 101.342, 13.783 ], [ 101.35, 13.779 ], [ 101.358, 13.784 ], [ 101.387, 13.783 ], [ 101.392, 13.763 ], [ 101.416, 13.749 ], [ 101.437, 13.751 ], [ 101.445, 13.767 ], [ 101.466, 13.766 ], [ 101.472, 13.754 ], [ 101.49, 13.746 ], [ 101.493, 13.753 ], [ 101.525, 13.767 ], [ 101.549, 13.758 ], [ 101.558, 13.742 ], [ 101.578, 13.755 ], [ 101.58, 13.766 ], [ 101.61, 13.774 ], [ 101.633, 13.772 ], [ 101.643, 13.792 ], [ 101.671, 13.788 ], [ 101.671, 13.771 ], [ 101.677, 13.767 ], [ 101.694, 13.775 ], [ 101.715, 13.766 ], [ 101.769, 13.72 ], [ 101.788, 13.725 ], [ 101.792, 13.704 ], [ 101.805, 13.693 ], [ 101.801, 13.647 ], [ 101.812, 13.645 ], [ 101.813, 13.634 ], [ 101.831, 13.617 ], [ 101.852, 13.612 ], [ 101.875, 13.596 ], [ 101.862, 13.551 ], [ 101.834, 13.537 ], [ 101.833, 13.518 ], [ 101.822, 13.512 ], [ 101.822, 13.505 ], [ 101.837, 13.499 ], [ 101.846, 13.475 ], [ 101.86, 13.463 ], [ 101.874, 13.462 ], [ 101.885, 13.442 ], [ 101.909, 13.43 ], [ 101.95, 13.433 ], [ 101.958, 13.428 ], [ 101.958, 13.417 ], [ 101.975, 13.408 ], [ 101.971, 13.396 ], [ 101.983, 13.381 ], [ 101.991, 13.352 ], [ 101.988, 13.338 ], [ 101.963, 13.325 ], [ 101.953, 13.297 ], [ 101.905, 13.291 ], [ 101.899, 13.256 ], [ 101.884, 13.245 ], [ 101.879, 13.23 ], [ 101.871, 13.229 ], [ 101.866, 13.249 ], [ 101.847, 13.251 ], [ 101.839, 13.237 ], [ 101.83, 13.238 ], [ 101.828, 13.253 ], [ 101.823, 13.254 ], [ 101.816, 13.243 ], [ 101.792, 13.232 ], [ 101.791, 13.218 ], [ 101.761, 13.192 ], [ 101.721, 13.183 ], [ 101.716, 13.202 ], [ 101.705, 13.209 ], [ 101.692, 13.231 ], [ 101.691, 13.244 ], [ 101.676, 13.255 ], [ 101.666, 13.274 ], [ 101.634, 13.288 ], [ 101.615, 13.308 ], [ 101.597, 13.309 ], [ 101.577, 13.329 ], [ 101.567, 13.329 ], [ 101.55, 13.379 ], [ 101.54, 13.384 ], [ 101.533, 13.379 ], [ 101.529, 13.39 ], [ 101.502, 13.412 ], [ 101.477, 13.408 ], [ 101.44, 13.433 ], [ 101.429, 13.433 ], [ 101.425, 13.45 ], [ 101.45, 13.471 ], [ 101.441, 13.506 ], [ 101.446, 13.517 ] ] ] } },
{ "type": "Feature", "properties": { "hybas_id": 4071124690, "next_down": 4071126330, "main_bas": 4070018230, "sub_area": 3454.0, "up_area": 3454.3, "th_share": 1.0 }, "geometry": { "type": "Polygon", "coordinates": [ [ [ 100.798, 14.176 ], [ 100.791, 14.188 ], [ 100.775, 14.178 ], [ 100.78, 14.153 ], [ 100.77, 14.142 ], [ 100.76, 14.141 ], [ 100.753, 14.166 ], [ 100.733, 14.167 ], [ 100.728, 14.182 ], [ 100.713, 14.188 ], [ 100.708, 14.205 ], [ 100.716, 14.215 ], [ 100.712, 14.222 ], [ 100.717, 14.24 ], [ 100.739, 14.287 ], [ 100.762, 14.283 ], [ 100.766, 14.302 ], [ 100.766, 14.324 ], [ 100.754, 14.331 ], [ 100.767, 14.347 ], [ 100.758, 14.354 ], [ 100.758, 14.377 ], [ 100.742, 14.39 ], [ 100.746, 14.4 ], [ 100.737, 14.424 ], [ 100.713, 14.43 ], [ 100.717, 14.447 ], [ 100.699, 14.474 ], [ 100.701, 14.498 ], [ 100.722, 14.541 ], [ 100.737, 14.547 ], [ 100.739, 14.555 ], [ 100.802, 14.55 ], [ 100.813, 14.539 ], [ 100.8, 14.525 ], [ 100.805, 14.517 ], [ 100.8, 14.509 ], [ 100.825, 14.499 ], [ 100.845, 14.503 ], [ 100.846, 14.488 ], [ 100.862, 14.488 ], [ 100.87, 14.505 ], [ 100.879, 14.494 ], [ 100.876, 14.484 ], [ 100.89, 14.483 ], [ 100.91, 14.467 ], [ 100.958, 14.466 ], [ 100.975, 14.429 ], [ 100.981, 14.433 ], [ 101.002, 14.417 ], [ 101.019, 14.412 ], [ 101.054, 14.417 ], [ 101.058, 14.413 ], [ 101.063, 14.427 ], [ 101.089, 14.45 ], [ 101.106, 14.454 ], [ 101.119, 14.45 ], [ 101.146, 14.488 ], [ 101.163, 14.498 ], [ 101.158, 14.506 ], [ 101.171, 14.521 ], [ 101.195, 14.516 ], [ 101.208, 14.503 ], [ 101.208, 14.483 ], [ 101.219, 14.483 ], [ 101.253, 14.458 ], [ 101.263, 14.466 ], [ 101.251, 14.491 ], [ 101.283, 14.5 ], [ 101.288, 14.472 ], [ 101.295, 14.47 ], [ 101.305, 14.438 ], [ 101.358, 14.441 ], [ 101.359, 14.426 ], [ 101.374, 14.415 ], [ 101.38, 14.397 ], [ 101.387, 14.395 ], [ 101.388, 14.379 ], [ 101.401, 14.368 ], [ 101.431, 14.387 ], [ 101.475, 14.37 ], [ 101.501, 14.317 ], [ 101.52, 14.302 ], [ 101.505, 14.285 ], [ 101.499, 14.263 ], [ 101.477, 14.262 ], [ 101.457, 14.25 ], [ 101.414, 14.255 ], [ 101.401, 14.268 ], [ 101.399, 14.278 ], [ 101.39, 14.283 ], [ 101.377, 14.276 ], [ 101.36, 14.274 ], [ 101.353, 14.284 ], [ 101.346, 14.279 ], [ 101.338, 14.265 ], [ 101.342, 14.26 ], [ 101.337, 14.243 ], [ 101.33, 14.236 ], [ 101.325, 14.202 ], [ 101.317, 14.192 ], [ 101.276, 14.17 ], [ 101.271, 14.161 ], [ 101.27, 14.102 ], [ 101.258, 14.081 ], [ 101.263, 14.073 ], [ 101.254, 14.054 ], [ 101.206, 14.045 ], [ 101.171, 14.013 ], [ 101.166, 13.959 ], [ 101.171, 13.947 ], [ 101.166, 13.91 ], [ 101.154, 13.888 ], [ 101.136, 13.9 ], [ 101.105, 13.901 ], [ 101.108, 13.92 ], [ 101.083, 13.93 ], [ 101.067, 13.926 ], [ 101.067, 13.938 ], [ 101.053, 13.921 ], [ 101.048, 13.925 ], [ 100.993, 13.916 ], [ 100.987, 13.905 ], [ 100.979, 13.904 ], [ 100.983, 13.967 ], [ 100.922, 13.968 ], [ 100.913, 13.99 ], [ 100.917, 13.997 ], [ 100.912, 14.016 ], [ 100.896, 14.017 ], [ 100.895, 14.052 ], [ 100.88, 14.059 ], [ 100.879, 14.082 ], [ 100.867, 14.088 ], [ 100.871, 14.124 ], [ 100.855, 14.13 ], [ 100.847, 14.128 ], [ 100.845, 14.118 ], [ 100.833, 14.112 ], [ 100.823, 14.12 ], [ 100.817, 14.117 ], [ 100.8, 14.144 ], [ 100.816, 14.159 ], [ 100.82, 14.174 ], [ 100.798, 14.176 ] ] ] } },
{ "type": "Feature", "properties": { "hybas_id": 4071124750, "next_down": 4071126330, "main_bas": 4070018230, "sub_area": 2640.3, "up_area": 10091.0, "th_share": 1.0 }, "geometry": { "type": "Polygon", "coordinates": [ [ [ 101.166, 13.91 ], [ 101.171, 14.013 ], [ 101.18, 14.025 ], [ 101.214, 14.049 ], [ 101.244, 14.051 ], [ 101.258, 14.06 ], [ 101.263, 14.073 ], [ 101.258, 14.081 ], [ 101.27, 14.102 ], [ 101.271, 14.161 ], [ 101.276, 14.17 ], [ 101.317, 14.192 ], [ 101.325, 14.202 ], [ 101.33, 14.236 ], [ 101.337, 14.243 ], [ 101.342, 14.26 ], [ 101.338, 14.265 ], [ 101.346, 14.279 ], [ 101.353, 14.284 ], [ 101.36, 14.274 ], [ 101.377, 14.276 ], [ 101.39, 14.283 ], [ 101.399, 14.278 ], [ 101.401, 14.268 ], [ 101.414, 14.255 ], [ 101.457, 14.25 ], [ 101.477, 14.262 ], [ 101.499, 14.263 ], [ 101.505, 14.285 ], [ 101.52, 14.302 ], [ 101.501, 14.317 ], [ 101.496, 14.333 ], [ 101.528, 14.333 ], [ 101.534, 14.326 ], [ 101.529, 14.318 ], [ 101.554, 14.303 ], [ 101.568, 14.275 ], [ 101.595, 14.266 ], [ 101.624, 14.227 ], [ 101.626, 14.201 ], [ 101.633, 14.199 ], [ 101.642, 14.148 ], [ 101.655, 14.127 ], [ 101.683, 14.1 ], [ 101.692, 14.068 ], [ 101.708, 14.05 ], [ 101.691, 14.027 ], [ 101.696, 14.018 ], [ 101.692, 13.998 ], [ 101.708, 13.988 ], [ 101.713, 13.973 ], [ 101.709, 13.96 ], [ 101.738, 13.913 ], [ 101.729, 13.901 ], [ 101.734, 13.892 ], [ 101.728, 13.88 ], [ 101.708, 13.879 ], [ 101.695, 13.813 ], [ 101.671, 13.8 ], [ 101.671, 13.788 ], [ 101.643, 13.792 ], [ 101.633, 13.772 ], [ 101.61, 13.774 ], [ 101.58, 13.766 ], [ 101.578, 13.755 ], [ 101.558, 13.742 ], [ 101.549, 13.758 ], [ 101.525, 13.767 ], [ 101.493, 13.753 ], [ 101.49, 13.746 ], [ 101.472, 13.754 ], [ 101.466, 13.766 ], [ 101.445, 13.767 ], [ 101.437, 13.751 ], [ 101.416, 13.749 ], [ 101.392, 13.763 ], [ 101.387, 13.783 ], [ 101.358, 13.784 ], [ 101.35, 13.779 ], [ 101.342, 13.783 ], [ 101.328, 13.812 ], [ 101.31, 13.813 ], [ 101.294, 13.825 ], [ 101.277, 13.821 ], [ 101.265, 13.83 ], [ 101.254, 13.825 ], [ 101.23, 13.838 ], [ 101.226, 13.846 ], [ 101.224, 13.837 ], [ 101.213, 13.843 ], [ 101.212, 13.853 ], [ 101.169, 13.863 ], [ 101.15, 13.875 ], [ 101.166, 13.91 ] ] ] } },
{ "type": "Feature", "properties": { "hybas_id": 4071123680, "next_down": 4071124750, "main_bas": 4070018230, "sub_area": 5281.4, "up_area": 5281.5, "th_share": 1.0 }, "geometry": { "type": "Polygon", "coordinates": [ [ [ 102.328, 13.341 ], [ 102.35, 13.3 ], [ 102.334, 13.295 ], [ 102.322, 13.283 ], [ 102.316, 13.263 ], [ 102.301, 13.257 ], [ 102.296, 13.248 ], [ 102.295, 13.237 ], [ 102.308, 13.204 ], [ 102.28, 13.191 ], [ 102.271, 13.177 ], [ 102.271, 13.152 ], [ 102.288, 13.129 ], [ 102.287, 13.122 ], [ 102.267, 13.12 ], [ 102.259, 13.126 ], [ 102.23, 13.112 ], [ 102.217, 13.092 ], [ 102.209, 13.091 ], [ 102.204, 13.075 ], [ 102.207, 13.059 ], [ 102.188, 13.053 ], [ 102.187, 13.047 ], [ 102.163, 13.043 ], [ 102.154, 13.086 ], [ 102.13, 13.105 ], [ 102.125, 13.125 ], [ 102.119, 13.129 ], [ 102.111, 13.121 ], [ 102.098, 13.12 ], [ 102.081, 13.126 ], [ 102.066, 13.152 ], [ 102.051, 13.163 ], [ 102.03, 13.231 ], [ 102.029, 13.267 ], [ 102.041, 13.271 ], [ 102.042, 13.28 ], [ 102.037, 13.295 ], [ 102.015, 13.301 ], [ 102.008, 13.315 ], [ 101.993, 13.326 ], [ 101.983, 13.381 ], [ 101.971, 13.396 ], [ 101.975, 13.408 ], [ 101.958, 13.417 ], [ 101.958, 13.428 ], [ 101.95, 13.433 ], [ 101.909, 13.43 ], [ 101.885, 13.442 ], [ 101.874, 13.462 ], [ 101.86, 13.463 ], [ 101.846, 13.475 ], [ 101.837, 13.499 ], [ 101.822, 13.505 ], [ 101.822, 13.512 ], [ 101.833, 13.518 ], [ 101.834, 13.537 ], [ 101.862, 13.551 ], [ 101.875, 13.596 ], [ 101.852, 13.612 ], [ 101.831, 13.617 ], [ 101.813, 13.634 ], [ 101.812, 13.645 ], [ 101.801, 13.647 ], [ 101.805, 13.693 ], [ 101.792, 13.704 ], [ 101.792, 13.721 ], [ 101.76, 13.725 ], [ 101.707, 13.77 ], [ 101.694, 13.775 ], [ 101.677, 13.767 ], [ 101.671, 13.771 ], [ 101.671, 13.8 ], [ 101.695, 13.813 ], [ 101.708, 13.879 ], [ 101.728, 13.88 ], [ 101.734, 13.892 ], [ 101.729, 13.901 ], [ 101.738, 13.913 ], [ 101.709, 13.96 ], [ 101.709, 13.991 ], [ 101.719, 13.988 ], [ 101.736, 13.996 ], [ 101.742, 13.976 ], [ 101.755, 13.974 ], [ 101.769, 13.987 ], [ 101.782, 13.984 ], [ 101.791, 13.993 ], [ 101.793, 14.009 ], [ 101.816, 14.004 ], [ 101.852, 14.008 ], [ 101.866, 13.999 ], [ 101.874, 14.001 ], [ 101.876, 14.012 ], [ 101.906, 14.02 ], [ 101.936, 14.025 ], [ 101.948, 14.021 ], [ 101.998, 14.037 ], [ 102.038, 14.038 ], [ 102.05, 14.046 ], [ 102.094, 14.037 ], [ 102.173, 14.0 ], [ 102.224, 14.017 ], [ 102.241, 14.016 ], [ 102.243, 14.008 ], [ 102.253, 14.013 ], [ 102.26, 14.009 ], [ 102.272, 14.02 ], [ 102.283, 14.021 ], [ 102.283, 14.044 ], [ 102.27, 14.058 ], [ 102.254, 14.063 ], [ 102.26, 14.075 ], [ 102.279, 14.085 ], [ 102.275, 14.107 ], [ 102.267, 14.115 ], [ 102.271, 14.128 ], [ 102.288, 14.138 ], [ 102.303, 14.124 ], [ 102.328, 14.129 ], [ 102.33, 14.12 ], [ 102.35, 14.13 ], [ 102.359, 14.153 ], [ 102.401, 14.145 ], [ 102.421, 14.158 ], [ 102.434, 14.142 ], [ 102.462, 14.137 ], [ 102.466, 14.126 ], [ 102.433, 14.099 ], [ 102.438, 14.08 ], [ 102.454, 14.07 ], [ 102.463, 14.038 ], [ 102.49, 14.038 ], [ 102.498, 14.045 ], [ 102.524, 14.033 ], [ 102.537, 14.034 ], [ 102.539, 14.042 ], [ 102.546, 14.021 ], [ 102.527, 14.016 ], [ 102.523, 14.021 ], [ 102.506, 14.012 ], [ 102.483, 13.99 ], [ 102.487, 13.985 ], [ 102.483, 13.968 ], [ 102.463, 13.953 ], [ 102.453, 13.926 ], [ 102.434, 13.924 ], [ 102.411, 13.896 ], [ 102.392, 13.896 ], [ 102.369, 13.876 ], [ 102.355, 13.874 ], [ 102.346, 13.86 ], [ 102.35, 13.85 ], [ 102.334, 13.845 ], [ 102.332, 13.838 ], [ 102.31, 13.837 ], [ 102.303, 13.846 ], [ 102.294, 13.838 ], [ 102.263, 13.837 ], [ 102.262, 13.829 ], [ 102.275, 13.82 ], [ 102.263, 13.794 ], [ 102.263, 13.775 ], [ 102.278, 13.766 ], [ 102.283, 13.744 ], [ 102.278, 13.734 ], [ 102.263, 13.728 ], [ 102.246, 13.692 ], [ 102.217, 13.682 ], [ 102.225, 13.673 ], [ 102.221, 13.658 ], [ 102.245, 13.644 ], [ 102.259, 13.592 ], [ 102.277, 13.591 ], [ 102.287, 13.581 ], [ 102.284, 13.568 ], [ 102.296, 13.55 ], [ 102.292, 13.518 ], [ 102.308, 13.507 ], [ 102.321, 13.46 ], [ 102.346, 13.431 ], [ 102.345, 13.414 ], [ 102.33, 13.407 ], [ 102.32, 13.376 ], [ 102.322, 13.343 ], [ 102.328, 13.341 ] ] ] } },
{ "type": "Feature", "properties": { "hybas_id": 4071123560, "next_down": 4071124750, "main_bas": 4070018230, "sub_area": 2169.7, "up_area": 2169.7, "th_share": 1.0 }, "geometry": { "type": "Polygon", "coordinates": [ [ [ 101.504, 14.433 ], [ 101.541, 14.42 ], [ 101.551, 14.434 ], [ 101.6, 14.429 ], [ 101.601, 14.434 ], [ 101.611, 14.429 ], [ 101.628, 14.416 ], [ 101.63, 14.405 ], [ 101.65, 14.399 ], [ 101.655, 14.384 ], [ 101.683, 14.361 ], [ 101.693, 14.342 ], [ 101.742, 14.304 ], [ 101.749, 14.314 ], [ 101.751, 14.328 ], [ 101.742, 14.33 ], [ 101.741, 14.338 ], [ 101.746, 14.345 ], [ 101.768, 14.341 ], [ 101.783, 14.358 ], [ 101.796, 14.363 ], [ 101.805, 14.351 ], [ 101.815, 14.351 ], [ 101.826, 14.362 ], [ 101.86, 14.375 ], [ 101.865, 14.371 ], [ 101.871, 14.391 ], [ 101.885, 14.399 ], [ 101.892, 14.38 ], [ 101.899, 14.378 ], [ 101.913, 14.355 ], [ 101.92, 14.354 ], [ 101.922, 14.362 ], [ 101.936, 14.363 ], [ 101.942, 14.371 ], [ 101.963, 14.375 ], [ 101.963, 14.364 ], [ 101.979, 14.35 ], [ 101.953, 14.305 ], [ 101.938, 14.29 ], [ 101.947, 14.247 ], [ 101.966, 14.241 ], [ 101.967, 14.23 ], [ 102.031, 14.204 ], [ 102.077, 14.167 ], [ 102.1, 14.163 ], [ 102.106, 14.15 ], [ 102.123, 14.15 ], [ 102.131, 14.142 ], [ 102.16, 14.141 ], [ 102.166, 14.148 ], [ 102.171, 14.165 ], [ 102.162, 14.185 ], [ 102.167, 14.204 ], [ 102.171, 14.196 ], [ 102.195, 14.195 ], [ 102.208, 14.182 ], [ 102.218, 14.151 ], [ 102.244, 14.149 ], [ 102.256, 14.142 ], [ 102.269, 14.15 ], [ 102.276, 14.138 ], [ 102.288, 14.138 ], [ 102.271, 14.128 ], [ 102.267, 14.115 ], [ 102.275, 14.107 ], [ 102.279, 14.085 ], [ 102.26, 14.075 ], [ 102.254, 14.063 ], [ 102.27, 14.058 ], [ 102.283, 14.044 ], [ 102.283, 14.021 ], [ 102.272, 14.02 ], [ 102.26, 14.009 ], [ 102.253, 14.013 ], [ 102.243, 14.008 ], [ 102.241, 14.016 ], [ 102.224, 14.017 ], [ 102.173, 14.0 ], [ 102.094, 14.037 ], [ 102.05, 14.046 ], [ 102.038, 14.038 ], [ 101.998, 14.037 ], [ 101.948, 14.021 ], [ 101.936, 14.025 ], [ 101.906, 14.02 ], [ 101.876, 14.012 ], [ 101.874, 14.001 ], [ 101.866, 13.999 ], [ 101.852, 14.008 ], [ 101.816, 14.004 ], [ 101.793, 14.009 ], [ 101.791, 13.993 ], [ 101.782, 13.984 ], [ 101.769, 13.987 ], [ 101.755, 13.974 ], [ 101.742, 13.976 ], [ 101.736, 13.996 ], [ 101.719, 13.988 ], [ 101.698, 13.992 ], [ 101.692, 13.998 ], [ 101.696, 14.018 ], [ 101.691, 14.027 ], [ 101.708, 14.05 ], [ 101.692, 14.068 ], [ 101.683, 14.1 ], [ 101.655, 14.127 ], [ 101.642, 14.148 ], [ 101.633, 14.199 ], [ 101.626, 14.201 ], [ 101.624, 14.227 ], [ 101.595, 14.266 ], [ 101.568, 14.275 ], [ 101.554, 14.303 ], [ 101.529, 14.318 ], [ 101.534, 14.326 ], [ 101.528, 14.333 ], [ 101.496, 14.333 ], [ 101.488, 14.338 ], [ 101.475, 14.37 ], [ 101.442, 14.383 ], [ 101.446, 14.423 ], [ 101.437, 14.439 ], [ 101.443, 14.445 ], [ 101.486, 14.462 ], [ 101.504, 14.433 ] ] ] } },
{ "type": "Feature", "properties": { "hybas_id": 4070018240, "next_down": 0, "main_bas": 4070018240, "sub_area": 519.6, "up_area": 519.6, "th_share": 0.98 }, "geometry": { "type": "Polygon", "coordinates": [ [ [ 100.942, 13.513 ], [ 100.958, 13.525 ], [ 100.978, 13.52 ], [ 100.984, 13.509 ], [ 100.983, 13.497 ], [ 100.975, 13.495 ], [ 100.98, 13.482 ], [ 100.956, 13.463 ], [ 100.906, 13.463 ], [ 100.831, 13.48 ], [ 100.819, 13.487 ], [ 100.815, 13.483 ], [ 100.782, 13.492 ], [ 100.777, 13.488 ], [ 100.631, 13.517 ], [ 100.594, 13.55 ], [ 100.58, 13.551 ], [ 100.571, 13.57 ], [ 100.587, 13.581 ], [ 100.591, 13.607 ], [ 100.563, 13.613 ], [ 100.563, 13.628 ], [ 100.574, 13.63 ], [ 100.58, 13.641 ], [ 100.628, 13.646 ], [ 100.637, 13.634 ], [ 100.638, 13.683 ], [ 100.671, 13.655 ], [ 100.668, 13.613 ], [ 100.704, 13.608 ], [ 100.709, 13.638 ], [ 100.762, 13.612 ], [ 100.774, 13.635 ], [ 100.771, 13.64 ], [ 100.788, 13.663 ], [ 100.805, 13.634 ], [ 100.8, 13.626 ], [ 100.812, 13.624 ], [ 100.824, 13.606 ], [ 100.826, 13.592 ], [ 100.841, 13.585 ], [ 100.837, 13.58 ], [ 100.843, 13.558 ], [ 100.867, 13.55 ], [ 100.877, 13.562 ], [ 100.892, 13.567 ], [ 100.892, 13.559 ], [ 100.907, 13.553 ], [ 100.919, 13.538 ], [ 100.942, 13.528 ], [ 100.942, 13.513 ] ] ] } },
{ "type": "Feature", "properties": { "hybas_id": 4070018280, "next_down": 0, "main_bas": 4070018280, "sub_area": 1419.2, "up_area": 144308.8, "th_share": 1.0 }, "geometry": { "type": "Polygon", "coordinates": [ [ [ 100.458, 14.183 ], [ 100.513, 14.196 ], [ 100.533, 14.167 ], [ 100.553, 14.162 ], [ 100.555, 14.155 ], [ 100.574, 14.154 ], [ 100.597, 14.117 ], [ 100.616, 14.112 ], [ 100.617, 14.079 ], [ 100.613, 14.079 ], [ 100.621, 14.068 ], [ 100.613, 14.046 ], [ 100.617, 14.039 ], [ 100.613, 13.99 ], [ 100.62, 13.982 ], [ 100.63, 13.938 ], [ 100.642, 13.933 ], [ 100.621, 13.911 ], [ 100.62, 13.897 ], [ 100.6, 13.877 ], [ 100.605, 13.863 ], [ 100.63, 13.857 ], [ 100.628, 13.851 ], [ 100.622, 13.849 ], [ 100.62, 13.837 ], [ 100.601, 13.842 ], [ 100.599, 13.83 ], [ 100.583, 13.813 ], [ 100.591, 13.806 ], [ 100.592, 13.792 ], [ 100.617, 13.787 ], [ 100.613, 13.76 ], [ 100.629, 13.744 ], [ 100.63, 13.73 ], [ 100.645, 13.724 ], [ 100.653, 13.729 ], [ 100.654, 13.723 ], [ 100.638, 13.702 ], [ 100.637, 13.634 ], [ 100.628, 13.646 ], [ 100.58, 13.641 ], [ 100.574, 13.63 ], [ 100.563, 13.628 ], [ 100.563, 13.613 ], [ 100.551, 13.607 ], [ 100.545, 13.587 ], [ 100.551, 13.578 ], [ 100.545, 13.572 ], [ 100.5, 13.546 ], [ 100.499, 13.553 ], [ 100.467, 13.572 ], [ 100.472, 13.591 ], [ 100.48, 13.593 ], [ 100.467, 13.606 ], [ 100.466, 13.631 ], [ 100.458, 13.653 ], [ 100.449, 13.659 ], [ 100.454, 13.665 ], [ 100.445, 13.702 ], [ 100.45, 13.706 ], [ 100.433, 13.717 ], [ 100.438, 13.744 ], [ 100.449, 13.751 ], [ 100.451, 13.763 ], [ 100.432, 13.791 ], [ 100.417, 13.787 ], [ 100.416, 13.809 ], [ 100.426, 13.824 ], [ 100.445, 13.826 ], [ 100.446, 13.833 ], [ 100.436, 13.841 ], [ 100.417, 13.838 ], [ 100.413, 13.856 ], [ 100.418, 13.879 ], [ 100.428, 13.876 ], [ 100.433, 13.885 ], [ 100.426, 13.903 ], [ 100.438, 13.909 ], [ 100.457, 13.899 ], [ 100.463, 13.924 ], [ 100.491, 13.926 ], [ 100.496, 13.949 ], [ 100.52, 13.955 ], [ 100.521, 13.961 ], [ 100.509, 13.967 ], [ 100.508, 13.979 ], [ 100.501, 13.98 ], [ 100.491, 13.999 ], [ 100.475, 14.004 ], [ 100.474, 14.012 ], [ 100.446, 14.013 ], [ 100.45, 14.023 ], [ 100.438, 14.052 ], [ 100.449, 14.059 ], [ 100.454, 14.073 ], [ 100.449, 14.082 ], [ 100.434, 14.087 ], [ 100.428, 14.075 ], [ 100.41, 14.087 ], [ 100.399, 14.072 ], [ 100.383, 14.07 ], [ 100.374, 14.083 ], [ 100.355, 14.088 ], [ 100.353, 14.103 ], [ 100.335, 14.1 ], [ 100.334, 14.111 ], [ 100.347, 14.132 ], [ 100.358, 14.139 ], [ 100.354, 14.146 ], [ 100.358, 14.152 ], [ 100.341, 14.159 ], [ 100.322, 14.154 ], [ 100.32, 14.166 ], [ 100.291, 14.171 ], [ 100.277, 14.163 ], [ 100.268, 14.176 ], [ 100.264, 14.171 ], [ 100.259, 14.177 ], [ 100.262, 14.198 ], [ 100.238, 14.221 ], [ 100.238, 14.232 ], [ 100.242, 14.241 ], [ 100.252, 14.238 ], [ 100.274, 14.251 ], [ 100.279, 14.275 ], [ 100.292, 14.283 ], [ 100.296, 14.282 ], [ 100.291, 14.275 ], [ 100.3, 14.266 ], [ 100.308, 14.271 ], [ 100.345, 14.257 ], [ 100.347, 14.243 ], [ 100.359, 14.241 ], [ 100.356, 14.226 ], [ 100.373, 14.217 ], [ 100.399, 14.22 ], [ 100.4, 14.21 ], [ 100.414, 14.196 ], [ 100.453, 14.195 ], [ 100.458, 14.183 ] ] ] } },
{ "type": "Feature", "properties": { "hybas_id": 4071120970, "next_down": 4070018280, "main_bas": 4070018280, "sub_area": 209.9, "up_area": 123301.9, "th_share": 1.0 }, "geometry": { "type": "Polygon", "coordinates": [ [ [ 100.442, 14.342 ], [ 100.437, 14.352 ], [ 100.443, 14.358 ], [ 100.488, 14.375 ], [ 100.503, 14.37 ], [ 100.505, 14.341 ], [ 100.52, 14.345 ], [ 100.529, 14.329 ], [ 100.525, 14.294 ], [ 100.537, 14.244 ], [ 100.525, 14.232 ], [ 100.508, 14.196 ], [ 100.497, 14.195 ], [ 100.495, 14.188 ], [ 100.458, 14.183 ], [ 100.453, 14.195 ], [ 100.414, 14.196 ], [ 100.4, 14.21 ], [ 100.416, 14.235 ], [ 100.426, 14.267 ], [ 100.417, 14.283 ], [ 100.424, 14.289 ], [ 100.426, 14.319 ], [ 100.437, 14.326 ], [ 100.442, 14.342 ] ] ] } },
{ "type": "Feature", "properties": { "hybas_id": 4071120980, "next_down": 4070018280, "main_bas": 4070018280, "sub_area": 733.4, "up_area": 19587.7, "th_share": 1.0 }, "geometry": { "type": "Polygon", "coordinates": [ [ [ 100.529, 14.329 ], [ 100.52, 14.345 ], [ 100.505, 14.341 ], [ 100.503, 14.37 ], [ 100.489, 14.372 ], [ 100.475, 14.402 ], [ 100.498, 14.425 ], [ 100.52, 14.407 ], [ 100.538, 14.372 ], [ 100.567, 14.358 ], [ 100.583, 14.379 ], [ 100.601, 14.366 ], [ 100.615, 14.379 ], [ 100.623, 14.371 ], [ 100.629, 14.375 ], [ 100.638, 14.412 ], [ 100.662, 14.417 ], [ 100.659, 14.458 ], [ 100.674, 14.459 ], [ 100.688, 14.437 ], [ 100.712, 14.453 ], [ 100.717, 14.447 ], [ 100.713, 14.43 ], [ 100.737, 14.424 ], [ 100.746, 14.4 ], [ 100.742, 14.39 ], [ 100.758, 14.377 ], [ 100.758, 14.354 ], [ 100.767, 14.347 ], [ 100.754, 14.331 ], [ 100.766, 14.324 ], [ 100.762, 14.283 ], [ 100.739, 14.287 ], [ 100.717, 14.24 ], [ 100.712, 14.222 ], [ 100.716, 14.215 ], [ 100.708, 14.205 ], [ 100.713, 14.188 ], [ 100.728, 14.182 ], [ 100.733, 14.144 ], [ 100.728, 14.129 ], [ 100.724, 14.138 ], [ 100.715, 14.137 ], [ 100.693, 14.121 ], [ 100.686, 14.138 ], [ 100.663, 14.124 ], [ 100.654, 14.071 ], [ 100.628, 14.088 ], [ 100.617, 14.079 ], [ 100.616, 14.112 ], [ 100.597, 14.117 ], [ 100.574, 14.154 ], [ 100.555, 14.155 ], [ 100.553, 14.162 ], [ 100.533, 14.167 ], [ 100.529, 14.178 ], [ 100.508, 14.196 ], [ 100.525, 14.232 ], [ 100.537, 14.244 ], [ 100.525, 14.294 ], [ 100.529, 14.329 ] ] ] } },
{ "type": "Feature", "properties": { "hybas_id": 4071119470, "next_down": 4071120970, "main_bas": 4070018280, "sub_area": 2976.7, "up_area": 121016.6, "th_share": 1.0 }, "geometry": { "type": "Polygon", "coordinates": [ [ [ 100.671, 15.213 ], [ 100.679, 15.2 ], [ 100.703, 15.191 ], [ 100.695, 15.17 ], [ 100.701, 15.124 ], [ 100.695, 15.097 ], [ 100.646, 15.065 ], [ 100.621, 15.04 ], [ 100.613, 15.023 ], [ 100.617, 15.017 ], [ 100.592, 15.012 ], [ 100.591, 15.001 ], [ 100.579, 14.999 ], [ 100.574, 14.984 ], [ 100.543, 14.966 ], [ 100.522, 14.945 ], [ 100.516, 14.93 ], [ 100.472, 14.912 ], [ 100.459, 14.899 ], [ 100.463, 14.855 ], [ 100.458, 14.854 ], [ 100.459, 14.843 ], [ 100.474, 14.837 ], [ 100.476, 14.826 ], [ 100.512, 14.808 ], [ 100.512, 14.798 ], [ 100.492, 14.781 ], [ 100.508, 14.765 ], [ 100.508, 14.746 ], [ 100.504, 14.745 ], [ 100.524, 14.723 ], [ 100.529, 14.679 ], [ 100.508, 14.666 ], [ 100.512, 14.652 ], [ 100.496, 14.618 ], [ 100.505, 14.615 ], [ 100.503, 14.609 ], [ 100.497, 14.607 ], [ 100.492, 14.594 ], [ 100.5, 14.577 ], [ 100.495, 14.563 ], [ 100.487, 14.561 ], [ 100.492, 14.518 ], [ 100.5, 14.508 ], [ 100.492, 14.494 ], [ 100.505, 14.482 ], [ 100.496, 14.431 ], [ 100.5, 14.425 ], [ 100.475, 14.402 ], [ 100.488, 14.375 ], [ 100.443, 14.358 ], [ 100.437, 14.352 ], [ 100.442, 14.342 ], [ 100.433, 14.338 ], [ 100.413, 14.35 ], [ 100.421, 14.398 ], [ 100.409, 14.448 ], [ 100.412, 14.519 ], [ 100.401, 14.535 ], [ 100.408, 14.544 ], [ 100.409, 14.587 ], [ 100.396, 14.592 ], [ 100.416, 14.61 ], [ 100.417, 14.627 ], [ 100.438, 14.663 ], [ 100.437, 14.702 ], [ 100.417, 14.729 ], [ 100.425, 14.768 ], [ 100.42, 14.819 ], [ 100.397, 14.838 ], [ 100.379, 14.891 ], [ 100.347, 14.905 ], [ 100.318, 14.934 ], [ 100.312, 14.952 ], [ 100.3, 14.963 ], [ 100.299, 14.986 ], [ 100.287, 15.006 ], [ 100.264, 15.021 ], [ 100.267, 15.032 ], [ 100.259, 15.034 ], [ 100.254, 15.05 ], [ 100.243, 15.047 ], [ 100.233, 15.07 ], [ 100.209, 15.084 ], [ 100.188, 15.114 ], [ 100.179, 15.145 ], [ 100.151, 15.141 ], [ 100.145, 15.158 ], [ 100.126, 15.159 ], [ 100.112, 15.134 ], [ 100.088, 15.129 ], [ 100.083, 15.186 ], [ 100.091, 15.188 ], [ 100.091, 15.206 ], [ 100.064, 15.217 ], [ 100.057, 15.228 ], [ 100.035, 15.234 ], [ 100.002, 15.254 ], [ 99.998, 15.25 ], [ 99.984, 15.263 ], [ 99.98, 15.28 ], [ 99.999, 15.276 ], [ 100.001, 15.283 ], [ 100.033, 15.288 ], [ 100.048, 15.287 ], [ 100.068, 15.274 ], [ 100.083, 15.28 ], [ 100.084, 15.291 ], [ 100.094, 15.299 ], [ 100.137, 15.296 ], [ 100.139, 15.305 ], [ 100.152, 15.296 ], [ 100.166, 15.309 ], [ 100.207, 15.292 ], [ 100.214, 15.3 ], [ 100.24, 15.305 ], [ 100.263, 15.338 ], [ 100.307, 15.342 ], [ 100.343, 15.358 ], [ 100.382, 15.359 ], [ 100.408, 15.392 ], [ 100.474, 15.387 ], [ 100.485, 15.401 ], [ 100.516, 15.399 ], [ 100.518, 15.392 ], [ 100.537, 15.391 ], [ 100.543, 15.38 ], [ 100.564, 15.367 ], [ 100.578, 15.368 ], [ 100.583, 15.379 ], [ 100.596, 15.375 ], [ 100.596, 15.358 ], [ 100.61, 15.342 ], [ 100.621, 15.346 ], [ 100.633, 15.342 ], [ 100.634, 15.326 ], [ 100.645, 15.32 ], [ 100.646, 15.313 ], [ 100.633, 15.283 ], [ 100.649, 15.248 ], [ 100.65, 15.229 ], [ 100.663, 15.213 ], [ 100.671, 15.213 ] ] ] } },
{ "type": "Feature", "properties": { "hybas_id": 4071119570, "next_down": 4071120970, "main_bas": 4070018280, "sub_area": 2075.3, "up_area": 2075.5, "th_share": 1.0 }, "geometry": { "type": "Polygon", "coordinates": [ [ [ 100.122, 15.026 ], [ 100.12, 15.048 ], [ 100.099, 15.078 ], [ 100.079, 15.092 ], [ 100.075, 15.113 ], [ 100.083, 15.113 ], [ 100.088, 15.129 ], [ 100.112, 15.134 ], [ 100.126, 15.159 ], [ 100.145, 15.158 ], [ 100.151, 15.141 ], [ 100.179, 15.145 ], [ 100.188, 15.114 ], [ 100.209, 15.084 ], [ 100.233, 15.07 ], [ 100.243, 15.047 ], [ 100.254, 15.05 ], [ 100.259, 15.034 ], [ 100.267, 15.032 ], [ 100.264, 15.021 ], [ 100.287, 15.006 ], [ 100.299, 14.986 ], [ 100.3, 14.963 ], [ 100.312, 14.952 ], [ 100.318, 14.934 ], [ 100.347, 14.905 ], [ 100.383, 14.886 ], [ 100.391, 14.86 ], [ 100.388, 14.854 ], [ 100.397, 14.838 ], [ 100.42, 14.819 ], [ 100.425, 14.806 ], [ 100.42, 14.798 ], [ 100.425, 14.752 ], [ 100.417, 14.729 ], [ 100.437, 14.702 ], [ 100.438, 14.663 ], [ 100.417, 14.627 ], [ 100.416, 14.61 ], [ 100.396, 14.592 ], [ 100.409, 14.587 ], [ 100.408, 14.544 ], [ 100.401, 14.535 ], [ 100.412, 14.519 ], [ 100.409, 14.448 ], [ 100.421, 14.398 ], [ 100.413, 14.35 ], [ 100.438, 14.338 ], [ 100.437, 14.326 ], [ 100.426, 14.319 ], [ 100.424, 14.289 ], [ 100.417, 14.283 ], [ 100.426, 14.267 ], [ 100.403, 14.213 ], [ 100.399, 14.22 ], [ 100.373, 14.217 ], [ 100.356, 14.226 ], [ 100.359, 14.241 ], [ 100.347, 14.243 ], [ 100.345, 14.257 ], [ 100.331, 14.266 ], [ 100.308, 14.271 ], [ 100.3, 14.266 ], [ 100.291, 14.275 ], [ 100.296, 14.282 ], [ 100.276, 14.276 ], [ 100.262, 14.299 ], [ 100.241, 14.295 ], [ 100.223, 14.312 ], [ 100.206, 14.313 ], [ 100.192, 14.338 ], [ 100.191, 14.351 ], [ 100.2, 14.363 ], [ 100.257, 14.333 ], [ 100.254, 14.355 ], [ 100.271, 14.392 ], [ 100.267, 14.4 ], [ 100.244, 14.388 ], [ 100.238, 14.392 ], [ 100.224, 14.444 ], [ 100.184, 14.459 ], [ 100.188, 14.5 ], [ 100.172, 14.501 ], [ 100.167, 14.515 ], [ 100.167, 14.529 ], [ 100.183, 14.53 ], [ 100.191, 14.552 ], [ 100.179, 14.56 ], [ 100.184, 14.573 ], [ 100.217, 14.6 ], [ 100.204, 14.63 ], [ 100.213, 14.679 ], [ 100.201, 14.698 ], [ 100.183, 14.754 ], [ 100.191, 14.778 ], [ 100.176, 14.789 ], [ 100.162, 14.817 ], [ 100.167, 14.824 ], [ 100.15, 14.829 ], [ 100.149, 14.858 ], [ 100.134, 14.859 ], [ 100.134, 14.902 ], [ 100.141, 14.91 ], [ 100.142, 14.928 ], [ 100.153, 14.93 ], [ 100.155, 14.941 ], [ 100.17, 14.951 ], [ 100.166, 14.991 ], [ 100.142, 15.001 ], [ 100.145, 15.013 ], [ 100.138, 15.008 ], [ 100.133, 15.024 ], [ 100.122, 15.026 ] ] ] } },
{ "type": "Feature", "properties": { "hybas_id": 4071119220, "next_down": 4071120980, "main_bas": 4070018280, "sub_area": 2712.0, "up_area": 16422.5, "th_share": 1.0 }, "geometry": { "type": "Polygon", "coordinates": [ [ [ 100.658, 14.454 ], [ 100.662, 14.417 ], [ 100.638, 14.412 ], [ 100.629, 14.375 ], [ 100.623, 14.371 ], [ 100.615, 14.379 ], [ 100.601, 14.366 ], [ 100.567, 14.394 ], [ 100.562, 14.408 ], [ 100.574, 14.431 ], [ 100.579, 14.475 ], [ 100.574, 14.511 ], [ 100.563, 14.522 ], [ 100.563, 14.548 ], [ 100.571, 14.564 ], [ 100.563, 14.602 ], [ 100.591, 14.621 ], [ 100.597, 14.612 ], [ 100.612, 14.626 ], [ 100.629, 14.62 ], [ 100.637, 14.625 ], [ 100.638, 14.608 ], [ 100.645, 14.609 ], [ 100.652, 14.62 ], [ 100.671, 14.621 ], [ 100.675, 14.635 ], [ 100.667, 14.643 ], [ 100.671, 14.664 ], [ 100.663, 14.673 ], [ 100.663, 14.683 ], [ 100.651, 14.684 ], [ 100.638, 14.702 ], [ 100.637, 14.727 ], [ 100.62, 14.783 ], [ 100.626, 14.796 ], [ 100.621, 14.803 ], [ 100.652, 14.829 ], [ 100.662, 14.83 ], [ 100.672, 14.853 ], [ 100.687, 14.853 ], [ 100.688, 14.847 ], [ 100.707, 14.842 ], [ 100.748, 14.899 ], [ 100.77, 14.909 ], [ 100.782, 14.905 ], [ 100.794, 14.912 ], [ 100.798, 14.908 ], [ 100.829, 14.913 ], [ 100.834, 14.927 ], [ 100.875, 14.964 ], [ 100.875, 14.975 ], [ 100.886, 14.97 ], [ 100.894, 14.975 ], [ 100.924, 14.949 ], [ 100.948, 14.963 ], [ 100.971, 14.958 ], [ 100.971, 14.94 ], [ 100.979, 14.93 ], [ 100.97, 14.928 ], [ 100.976, 14.897 ], [ 100.995, 14.895 ], [ 101.008, 14.882 ], [ 101.037, 14.831 ], [ 101.038, 14.818 ], [ 101.056, 14.805 ], [ 101.073, 14.804 ], [ 101.084, 14.784 ], [ 101.099, 14.783 ], [ 101.131, 14.75 ], [ 101.135, 14.754 ], [ 101.144, 14.75 ], [ 101.158, 14.733 ], [ 101.154, 14.722 ], [ 101.159, 14.705 ], [ 101.183, 14.694 ], [ 101.187, 14.677 ], [ 101.171, 14.65 ], [ 101.174, 14.639 ], [ 101.149, 14.613 ], [ 101.151, 14.605 ], [ 101.179, 14.59 ], [ 101.178, 14.576 ], [ 101.166, 14.574 ], [ 101.175, 14.555 ], [ 101.163, 14.55 ], [ 101.171, 14.521 ], [ 101.158, 14.506 ], [ 101.163, 14.498 ], [ 101.146, 14.488 ], [ 101.119, 14.45 ], [ 101.106, 14.454 ], [ 101.089, 14.45 ], [ 101.068, 14.433 ], [ 101.058, 14.413 ], [ 101.054, 14.417 ], [ 101.019, 14.412 ], [ 101.002, 14.417 ], [ 100.981, 14.433 ], [ 100.975, 14.429 ], [ 100.958, 14.466 ], [ 100.91, 14.467 ], [ 100.89, 14.483 ], [ 100.876, 14.484 ], [ 100.879, 14.494 ], [ 100.87, 14.505 ], [ 100.862, 14.488 ], [ 100.846, 14.488 ], [ 100.845, 14.503 ], [ 100.825, 14.499 ], [ 100.8, 14.509 ], [ 100.805, 14.517 ], [ 100.8, 14.525 ], [ 100.813, 14.539 ], [ 100.802, 14.55 ], [ 100.739, 14.555 ], [ 100.737, 14.547 ], [ 100.722, 14.541 ], [ 100.701, 14.498 ], [ 100.699, 14.474 ], [ 100.708, 14.465 ], [ 100.708, 14.447 ], [ 100.688, 14.437 ], [ 100.674, 14.459 ], [ 100.658, 14.454 ] ] ] } },
{ "type": "Feature", "properties": { "hybas_id": 4071119240, "next_down": 4071120980, "main_bas": 4070018280, "sub_area": 2432.0, "up_area": 2432.0, "th_share": 1.0 }, "geometry": { "type": "Polygon", "coordinates": [ [ [ 100.683, 14.854 ], [ 100.672, 14.853 ], [ 100.662, 14.83 ], [ 100.652, 14.829 ], [ 100.621, 14.803 ], [ 100.626, 14.796 ], [ 100.62, 14.783 ], [ 100.637, 14.727 ], [ 100.638, 14.702 ], [ 100.651, 14.684 ], [ 100.663, 14.683 ], [ 100.663, 14.673 ], [ 100.671, 14.664 ], [ 100.666, 14.656 ], [ 100.667, 14.643 ], [ 100.675, 14.635 ], [ 100.671, 14.621 ], [ 100.652, 14.62 ], [ 100.638, 14.608 ], [ 100.637, 14.625 ], [ 100.629, 14.62 ], [ 100.612, 14.626 ], [ 100.597, 14.612 ], [ 100.591, 14.621 ], [ 100.563, 14.602 ], [ 100.571, 14.564 ], [ 100.563, 14.548 ], [ 100.563, 14.522 ], [ 100.574, 14.511 ], [ 100.579, 14.475 ], [ 100.574, 14.431 ], [ 100.562, 14.408 ], [ 100.567, 14.394 ], [ 100.583, 14.379 ], [ 100.567, 14.358 ], [ 100.556, 14.359 ], [ 100.538, 14.372 ], [ 100.52, 14.407 ], [ 100.496, 14.431 ], [ 100.505, 14.482 ], [ 100.492, 14.494 ], [ 100.5, 14.508 ], [ 100.492, 14.518 ], [ 100.487, 14.561 ], [ 100.495, 14.563 ], [ 100.5, 14.577 ], [ 100.492, 14.594 ], [ 100.497, 14.607 ], [ 100.503, 14.609 ], [ 100.505, 14.615 ], [ 100.496, 14.618 ], [ 100.512, 14.652 ], [ 100.508, 14.666 ], [ 100.528, 14.675 ], [ 100.529, 14.694 ], [ 100.524, 14.723 ], [ 100.504, 14.745 ], [ 100.508, 14.746 ], [ 100.508, 14.765 ], [ 100.492, 14.781 ], [ 100.512, 14.798 ], [ 100.512, 14.808 ], [ 100.476, 14.826 ], [ 100.474, 14.837 ], [ 100.459, 14.843 ], [ 100.458, 14.854 ], [ 100.463, 14.855 ], [ 100.459, 14.899 ], [ 100.472, 14.912 ], [ 100.516, 14.93 ], [ 100.522, 14.945 ], [ 100.543, 14.966 ], [ 100.574, 14.984 ], [ 100.579, 14.999 ], [ 100.591, 15.001 ], [ 100.592, 15.012 ], [ 100.617, 15.017 ], [ 100.613, 15.023 ], [ 100.621, 15.04 ], [ 100.646, 15.065 ], [ 100.695, 15.097 ], [ 100.701, 15.124 ], [ 100.695, 15.17 ], [ 100.703, 15.191 ], [ 100.679, 15.2 ], [ 100.674, 15.212 ], [ 100.663, 15.213 ], [ 100.65, 15.229 ], [ 100.649, 15.248 ], [ 100.633, 15.283 ], [ 100.646, 15.313 ], [ 100.645, 15.32 ], [ 100.634, 15.326 ], [ 100.633, 15.342 ], [ 100.681, 15.333 ], [ 100.688, 15.345 ], [ 100.707, 15.351 ], [ 100.739, 15.383 ], [ 100.756, 15.384 ], [ 100.766, 15.392 ], [ 100.782, 15.387 ], [ 100.784, 15.395 ], [ 100.795, 15.397 ], [ 100.824, 15.435 ], [ 100.831, 15.454 ], [ 100.848, 15.454 ], [ 100.861, 15.445 ], [ 100.883, 15.454 ], [ 100.9, 15.36 ], [ 100.925, 15.318 ], [ 100.921, 15.304 ], [ 100.937, 15.291 ], [ 100.948, 15.295 ], [ 100.957, 15.291 ], [ 100.984, 15.251 ], [ 100.983, 15.239 ], [ 100.97, 15.226 ], [ 100.975, 15.202 ], [ 100.959, 15.186 ], [ 100.952, 15.167 ], [ 100.933, 15.167 ], [ 100.93, 15.143 ], [ 100.938, 15.14 ], [ 100.933, 15.101 ], [ 100.924, 15.099 ], [ 100.929, 15.076 ], [ 100.909, 15.061 ], [ 100.899, 15.038 ], [ 100.879, 15.029 ], [ 100.884, 15.014 ], [ 100.875, 14.994 ], [ 100.875, 14.964 ], [ 100.834, 14.927 ], [ 100.829, 14.913 ], [ 100.798, 14.908 ], [ 100.794, 14.912 ], [ 100.782, 14.905 ], [ 100.77, 14.909 ], [ 100.748, 14.899 ], [ 100.707, 14.842 ], [ 100.688, 14.847 ], [ 100.683, 14.854 ] ] ] } },
{ "type": "Feature", "properties": { "hybas_id": 4071114740, "next_down": 4071119220, "main_bas": 4070018280, "sub_area": 656.2, "up_area": 656.2, "th_share": 1.0 }, "geometry": { "type": "Polygon", "coordinates": [ [ [ 101.354, 14.804 ], [ 101.371, 14.775 ], [ 101.355, 14.765 ], [ 101.358, 14.746 ], [ 101.351, 14.745 ], [ 101.338, 14.719 ], [ 101.338, 14.704 ], [ 101.338, 14.693 ], [ 101.355, 14.68 ], [ 101.347, 14.655 ], [ 101.358, 14.648 ], [ 101.359, 14.635 ], [ 101.371, 14.617 ], [ 101.359, 14.607 ], [ 101.358, 14.585 ], [ 101.352, 14.58 ], [ 101.325, 14.575 ], [ 101.325, 14.567 ], [ 101.309, 14.566 ], [ 101.303, 14.551 ], [ 101.276, 14.537 ], [ 101.279, 14.5 ], [ 101.251, 14.491 ], [ 101.263, 14.466 ], [ 101.253, 14.458 ], [ 101.219, 14.483 ], [ 101.208, 14.483 ], [ 101.208, 14.503 ], [ 101.195, 14.516 ], [ 101.167, 14.522 ], [ 101.163, 14.55 ], [ 101.175, 14.555 ], [ 101.166, 14.574 ], [ 101.178, 14.576 ], [ 101.179, 14.59 ], [ 101.151, 14.605 ], [ 101.149, 14.613 ], [ 101.174, 14.639 ], [ 101.171, 14.65 ], [ 101.187, 14.677 ], [ 101.183, 14.694 ], [ 101.159, 14.705 ], [ 101.154, 14.722 ], [ 101.158, 14.733 ], [ 101.144, 14.75 ], [ 101.135, 14.754 ], [ 101.131, 14.75 ], [ 101.099, 14.783 ], [ 101.084, 14.784 ], [ 101.079, 14.796 ], [ 101.085, 14.791 ], [ 101.088, 14.803 ], [ 101.123, 14.813 ], [ 101.133, 14.821 ], [ 101.156, 14.82 ], [ 101.175, 14.812 ], [ 101.187, 14.817 ], [ 101.188, 14.805 ], [ 101.217, 14.788 ], [ 101.31, 14.779 ], [ 101.318, 14.795 ], [ 101.354, 14.804 ] ] ] } },
{ "type": "Feature", "properties": { "hybas_id": 4071114670, "next_down": 4071119220, "main_bas": 4070018280, "sub_area": 2093.3, "up_area": 13054.6, "th_share": 1.0 }, "geometry": { "type": "Polygon", "coordinates": [ [ [ 101.016, 15.209 ], [ 101.008, 15.25 ], [ 101.025, 15.26 ], [ 101.038, 15.298 ], [ 101.046, 15.304 ], [ 101.057, 15.296 ], [ 101.073, 15.312 ], [ 101.117, 15.292 ], [ 101.131, 15.308 ], [ 101.142, 15.304 ], [ 101.138, 15.289 ], [ 101.164, 15.263 ], [ 101.22, 15.249 ], [ 101.222, 15.242 ], [ 101.237, 15.241 ], [ 101.245, 15.231 ], [ 101.246, 15.219 ], [ 101.287, 15.174 ], [ 101.305, 15.118 ], [ 101.316, 15.111 ], [ 101.317, 15.101 ], [ 101.333, 15.104 ], [ 101.338, 15.097 ], [ 101.334, 15.076 ], [ 101.35, 15.07 ], [ 101.358, 15.058 ], [ 101.345, 15.047 ], [ 101.354, 15.031 ], [ 101.35, 15.017 ], [ 101.357, 15.016 ], [ 101.362, 14.998 ], [ 101.35, 14.986 ], [ 101.349, 14.944 ], [ 101.341, 14.934 ], [ 101.347, 14.909 ], [ 101.374, 14.911 ], [ 101.383, 14.89 ], [ 101.38, 14.86 ], [ 101.388, 14.848 ], [ 101.387, 14.835 ], [ 101.37, 14.813 ], [ 101.348, 14.801 ], [ 101.318, 14.795 ], [ 101.31, 14.779 ], [ 101.217, 14.788 ], [ 101.188, 14.805 ], [ 101.187, 14.817 ], [ 101.175, 14.812 ], [ 101.156, 14.82 ], [ 101.133, 14.821 ], [ 101.123, 14.813 ], [ 101.098, 14.808 ], [ 101.088, 14.803 ], [ 101.085, 14.791 ], [ 101.073, 14.804 ], [ 101.056, 14.805 ], [ 101.038, 14.818 ], [ 101.037, 14.831 ], [ 101.008, 14.882 ], [ 100.995, 14.895 ], [ 100.976, 14.897 ], [ 100.97, 14.928 ], [ 100.979, 14.93 ], [ 100.971, 14.94 ], [ 100.971, 14.958 ], [ 100.948, 14.963 ], [ 100.924, 14.949 ], [ 100.894, 14.975 ], [ 100.886, 14.97 ], [ 100.875, 14.975 ], [ 100.884, 15.014 ], [ 100.879, 15.029 ], [ 100.899, 15.038 ], [ 100.909, 15.061 ], [ 100.929, 15.076 ], [ 100.924, 15.099 ], [ 100.933, 15.101 ], [ 100.938, 15.14 ], [ 100.93, 15.143 ], [ 100.933, 15.167 ], [ 100.952, 15.167 ], [ 100.959, 15.186 ], [ 100.975, 15.204 ], [ 101.0, 15.2 ], [ 101.016, 15.209 ] ] ] } },
{ "type": "Feature", "properties": { "hybas_id": 4071109080, "next_down": 4071119470, "main_bas": 4070018280, "sub_area": 1246.2, "up_area": 1246.2, "th_share": 1.0 }, "geometry": { "type": "Polygon", "coordinates": [ [ [ 99.446, 15.396 ], [ 99.496, 15.442 ], [ 99.508, 15.433 ], [ 99.545, 15.437 ], [ 99.56, 15.417 ], [ 99.577, 15.409 ], [ 99.641, 15.399 ], [ 99.646, 15.383 ], [ 99.655, 15.408 ], [ 99.671, 15.408 ], [ 99.698, 15.396 ], [ 99.761, 15.4 ], [ 99.763, 15.388 ], [ 99.794, 15.383 ], [ 99.852, 15.355 ], [ 99.887, 15.367 ], [ 99.896, 15.362 ], [ 99.916, 15.367 ], [ 99.962, 15.345 ], [ 99.963, 15.334 ], [ 99.985, 15.326 ], [ 100.033, 15.312 ], [ 100.05, 15.32 ], [ 100.055, 15.305 ], [ 100.062, 15.303 ], [ 100.063, 15.279 ], [ 100.033, 15.288 ], [ 100.001, 15.283 ], [ 99.999, 15.276 ], [ 99.969, 15.28 ], [ 99.965, 15.275 ], [ 99.957, 15.283 ], [ 99.932, 15.288 ], [ 99.879, 15.275 ], [ 99.868, 15.278 ], [ 99.837, 15.262 ], [ 99.83, 15.267 ], [ 99.813, 15.266 ], [ 99.813, 15.242 ], [ 99.802, 15.238 ], [ 99.786, 15.246 ], [ 99.746, 15.225 ], [ 99.745, 15.205 ], [ 99.737, 15.203 ], [ 99.746, 15.167 ], [ 99.738, 15.142 ], [ 99.719, 15.138 ], [ 99.698, 15.15 ], [ 99.682, 15.138 ], [ 99.64, 15.142 ], [ 99.606, 15.134 ], [ 99.592, 15.146 ], [ 99.576, 15.173 ], [ 99.574, 15.186 ], [ 99.554, 15.207 ], [ 99.531, 15.209 ], [ 99.498, 15.229 ], [ 99.49, 15.221 ], [ 99.48, 15.226 ], [ 99.487, 15.274 ], [ 99.454, 15.276 ], [ 99.447, 15.271 ], [ 99.442, 15.282 ], [ 99.427, 15.291 ], [ 99.415, 15.28 ], [ 99.402, 15.283 ], [ 99.39, 15.271 ], [ 99.367, 15.279 ], [ 99.363, 15.296 ], [ 99.37, 15.306 ], [ 99.371, 15.339 ], [ 99.367, 15.367 ], [ 99.388, 15.403 ], [ 99.404, 15.408 ], [ 99.423, 15.391 ], [ 99.446, 15.396 ] ] ] } },
{ "type": "Feature", "properties": { "hybas_id": 4071109090, "next_down": 4071119470, "main_bas": 4070018280, "sub_area": 732.3, "up_area": 116793.4, "th_share": 1.0 }, "geometry": { "type": "Polygon", "coordinates": [ [ [ 99.967, 15.333 ], [ 99.962, 15.345 ], [ 99.926, 15.359 ], [ 99.924, 15.366 ], [ 99.896, 15.362 ], [ 99.887, 15.367 ], [ 99.852, 15.355 ], [ 99.794, 15.383 ], [ 99.763, 15.388 ], [ 99.763, 15.396 ], [ 99.82, 15.43 ], [ 99.837, 15.42 ], [ 99.863, 15.425 ], [ 99.868, 15.417 ], [ 99.886, 15.416 ], [ 99.898, 15.408 ], [ 99.913, 15.413 ], [ 99.913, 15.401 ], [ 99.927, 15.388 ], [ 99.987, 15.358 ], [ 100.007, 15.363 ], [ 100.018, 15.38 ], [ 100.029, 15.375 ], [ 100.038, 15.387 ], [ 100.065, 15.392 ], [ 100.068, 15.384 ], [ 100.092, 15.387 ], [ 100.083, 15.379 ], [ 100.084, 15.371 ], [ 100.106, 15.355 ], [ 100.127, 15.35 ], [ 100.146, 15.363 ], [ 100.146, 15.387 ], [ 100.162, 15.397 ], [ 100.168, 15.412 ], [ 100.19, 15.425 ], [ 100.192, 15.43 ], [ 100.178, 15.445 ], [ 100.171, 15.446 ], [ 100.18, 15.469 ], [ 100.22, 15.501 ], [ 100.221, 15.513 ], [ 100.213, 15.533 ], [ 100.236, 15.538 ], [ 100.275, 15.563 ], [ 100.292, 15.563 ], [ 100.296, 15.539 ], [ 100.314, 15.508 ], [ 100.328, 15.512 ], [ 100.334, 15.505 ], [ 100.33, 15.498 ], [ 100.333, 15.488 ], [ 100.362, 15.478 ], [ 100.387, 15.453 ], [ 100.408, 15.392 ], [ 100.382, 15.359 ], [ 100.343, 15.358 ], [ 100.307, 15.342 ], [ 100.263, 15.338 ], [ 100.24, 15.305 ], [ 100.214, 15.3 ], [ 100.204, 15.292 ], [ 100.166, 15.309 ], [ 100.152, 15.296 ], [ 100.139, 15.305 ], [ 100.137, 15.296 ], [ 100.094, 15.299 ], [ 100.084, 15.291 ], [ 100.083, 15.28 ], [ 100.068, 15.274 ], [ 100.063, 15.279 ], [ 100.062, 15.303 ], [ 100.055, 15.305 ], [ 100.05, 15.32 ], [ 100.033, 15.312 ], [ 99.967, 15.333 ] ] ] } },
{ "type": "Feature", "properties": { "hybas_id": 4071107950, "next_down": 4071109090, "main_bas": 4070018280, "sub_area": 1056.7, "up_area": 111529.7, "th_share": 1.0 }, "geometry": { "type": "Polygon", "coordinates": [ [ [ 100.083, 15.375 ], [ 100.092, 15.387 ], [ 100.083, 15.388 ], [ 100.074, 15.428 ], [ 100.079, 15.465 ], [ 100.066, 15.486 ], [ 100.054, 15.492 ], [ 100.045, 15.508 ], [ 100.03, 15.509 ], [ 100.029, 15.517 ], [ 99.988, 15.543 ], [ 99.982, 15.554 ], [ 99.964, 15.555 ], [ 99.942, 15.571 ], [ 99.938, 15.588 ], [ 99.941, 15.627 ], [ 99.932, 15.674 ], [ 99.881, 15.692 ], [ 99.869, 15.704 ], [ 99.843, 15.713 ], [ 99.838, 15.725 ], [ 99.81, 15.73 ], [ 99.794, 15.745 ], [ 99.754, 15.758 ], [ 99.689, 15.796 ], [ 99.655, 15.848 ], [ 99.654, 15.864 ], [ 99.663, 15.879 ], [ 99.687, 15.866 ], [ 99.688, 15.855 ], [ 99.703, 15.849 ], [ 99.705, 15.838 ], [ 99.716, 15.829 ], [ 99.762, 15.832 ], [ 99.763, 15.801 ], [ 99.776, 15.788 ], [ 99.783, 15.788 ], [ 99.79, 15.795 ], [ 99.802, 15.792 ], [ 99.831, 15.812 ], [ 99.837, 15.808 ], [ 99.857, 15.813 ], [ 99.864, 15.826 ], [ 99.878, 15.824 ], [ 99.89, 15.808 ], [ 99.902, 15.812 ], [ 99.936, 15.795 ], [ 99.948, 15.8 ], [ 99.983, 15.782 ], [ 99.994, 15.767 ], [ 100.024, 15.762 ], [ 100.03, 15.742 ], [ 100.071, 15.713 ], [ 100.098, 15.708 ], [ 100.132, 15.716 ], [ 100.15, 15.704 ], [ 100.146, 15.685 ], [ 100.162, 15.665 ], [ 100.163, 15.639 ], [ 100.171, 15.621 ], [ 100.152, 15.596 ], [ 100.142, 15.596 ], [ 100.142, 15.584 ], [ 100.165, 15.583 ], [ 100.195, 15.561 ], [ 100.196, 15.548 ], [ 100.216, 15.527 ], [ 100.22, 15.501 ], [ 100.18, 15.469 ], [ 100.171, 15.446 ], [ 100.192, 15.43 ], [ 100.146, 15.387 ], [ 100.146, 15.363 ], [ 100.125, 15.35 ], [ 100.106, 15.355 ], [ 100.083, 15.375 ] ] ] } },
{ "type": "Feature", "properties": { "hybas_id": 4071107870, "next_down": 4071109090, "main_bas": 4070018280, "sub_area": 4531.6, "up_area": 4531.6, "th_share": 1.0 }, "geometry": { "type": "Polygon", "coordinates": [ [ [ 100.083, 15.388 ], [ 100.068, 15.384 ], [ 100.065, 15.392 ], [ 100.038, 15.387 ], [ 100.029, 15.375 ], [ 100.018, 15.38 ], [ 100.007, 15.363 ], [ 99.987, 15.358 ], [ 99.927, 15.388 ], [ 99.913, 15.401 ], [ 99.913, 15.413 ], [ 99.898, 15.408 ], [ 99.886, 15.416 ], [ 99.868, 15.417 ], [ 99.863, 15.425 ], [ 99.837, 15.42 ], [ 99.82, 15.43 ], [ 99.767, 15.396 ], [ 99.761, 15.4 ], [ 99.698, 15.396 ], [ 99.671, 15.408 ], [ 99.655, 15.408 ], [ 99.646, 15.383 ], [ 99.641, 15.399 ], [ 99.577, 15.409 ], [ 99.56, 15.417 ], [ 99.545, 15.437 ], [ 99.508, 15.433 ], [ 99.496, 15.442 ], [ 99.446, 15.396 ], [ 99.423, 15.391 ], [ 99.402, 15.408 ], [ 99.388, 15.403 ], [ 99.374, 15.372 ], [ 99.367, 15.367 ], [ 99.356, 15.371 ], [ 99.346, 15.379 ], [ 99.342, 15.398 ], [ 99.341, 15.423 ], [ 99.35, 15.435 ], [ 99.329, 15.465 ], [ 99.333, 15.471 ], [ 99.319, 15.483 ], [ 99.273, 15.492 ], [ 99.252, 15.487 ], [ 99.238, 15.5 ], [ 99.25, 15.544 ], [ 99.258, 15.552 ], [ 99.25, 15.564 ], [ 99.254, 15.632 ], [ 99.23, 15.643 ], [ 99.217, 15.677 ], [ 99.221, 15.699 ], [ 99.213, 15.706 ], [ 99.217, 15.75 ], [ 99.213, 15.763 ], [ 99.185, 15.783 ], [ 99.163, 15.779 ], [ 99.162, 15.791 ], [ 99.138, 15.792 ], [ 99.133, 15.807 ], [ 99.123, 15.816 ], [ 99.104, 15.821 ], [ 99.096, 15.835 ], [ 99.1, 15.874 ], [ 99.088, 15.885 ], [ 99.087, 15.917 ], [ 99.099, 15.926 ], [ 99.1, 15.933 ], [ 99.092, 15.934 ], [ 99.091, 15.944 ], [ 99.075, 15.954 ], [ 99.087, 15.977 ], [ 99.079, 16.013 ], [ 99.084, 16.031 ], [ 99.116, 16.064 ], [ 99.108, 16.083 ], [ 99.122, 16.096 ], [ 99.145, 16.091 ], [ 99.146, 16.076 ], [ 99.17, 16.062 ], [ 99.172, 16.055 ], [ 99.191, 16.057 ], [ 99.197, 16.042 ], [ 99.216, 16.028 ], [ 99.217, 16.013 ], [ 99.233, 16.006 ], [ 99.245, 15.985 ], [ 99.243, 15.975 ], [ 99.254, 15.967 ], [ 99.265, 15.988 ], [ 99.286, 15.983 ], [ 99.317, 15.988 ], [ 99.334, 15.959 ], [ 99.363, 15.95 ], [ 99.395, 15.951 ], [ 99.413, 15.979 ], [ 99.432, 15.978 ], [ 99.438, 15.967 ], [ 99.456, 15.967 ], [ 99.469, 15.974 ], [ 99.491, 15.976 ], [ 99.493, 15.984 ], [ 99.52, 15.979 ], [ 99.528, 15.984 ], [ 99.554, 15.979 ], [ 99.565, 15.959 ], [ 99.57, 15.963 ], [ 99.587, 15.957 ], [ 99.596, 15.933 ], [ 99.607, 15.929 ], [ 99.625, 15.938 ], [ 99.645, 15.915 ], [ 99.662, 15.882 ], [ 99.654, 15.864 ], [ 99.655, 15.848 ], [ 99.684, 15.8 ], [ 99.754, 15.758 ], [ 99.794, 15.745 ], [ 99.81, 15.73 ], [ 99.838, 15.725 ], [ 99.843, 15.713 ], [ 99.869, 15.704 ], [ 99.881, 15.692 ], [ 99.932, 15.674 ], [ 99.941, 15.627 ], [ 99.938, 15.588 ], [ 99.942, 15.571 ], [ 99.964, 15.555 ], [ 99.982, 15.554 ], [ 99.988, 15.543 ], [ 100.029, 15.517 ], [ 100.03, 15.509 ], [ 100.045, 15.508 ], [ 100.054, 15.492 ], [ 100.066, 15.486 ], [ 100.079, 15.465 ], [ 100.074, 15.428 ], [ 100.083, 15.388 ] ] ] } },
{ "type": "Feature", "properties": { "hybas_id": 4071109440, "next_down": 4071114670, "main_bas": 4070018280, "sub_area": 1337.3, "up_area": 1337.3, "th_share": 1.0 }, "geometry": { "type": "Polygon", "coordinates": [ [ [ 101.333, 15.104 ], [ 101.317, 15.101 ], [ 101.316, 15.111 ], [ 101.305, 15.118 ], [ 101.287, 15.174 ], [ 101.246, 15.219 ], [ 101.245, 15.231 ], [ 101.237, 15.241 ], [ 101.222, 15.242 ], [ 101.22, 15.249 ], [ 101.202, 15.251 ], [ 101.192, 15.258 ], [ 101.202, 15.27 ], [ 101.221, 15.262 ], [ 101.229, 15.267 ], [ 101.235, 15.263 ], [ 101.253, 15.279 ], [ 101.255, 15.272 ], [ 101.295, 15.267 ], [ 101.3, 15.292 ], [ 101.292, 15.327 ], [ 101.308, 15.352 ], [ 101.317, 15.381 ], [ 101.305, 15.402 ], [ 101.308, 15.435 ], [ 101.3, 15.442 ], [ 101.303, 15.528 ], [ 101.292, 15.529 ], [ 101.292, 15.538 ], [ 101.325, 15.564 ], [ 101.325, 15.604 ], [ 101.341, 15.635 ], [ 101.35, 15.673 ], [ 101.338, 15.723 ], [ 101.338, 15.75 ], [ 101.349, 15.754 ], [ 101.35, 15.746 ], [ 101.36, 15.742 ], [ 101.39, 15.741 ], [ 101.408, 15.733 ], [ 101.4, 15.664 ], [ 101.376, 15.598 ], [ 101.374, 15.566 ], [ 101.38, 15.553 ], [ 101.374, 15.541 ], [ 101.384, 15.505 ], [ 101.417, 15.484 ], [ 101.408, 15.455 ], [ 101.409, 15.438 ], [ 101.429, 15.432 ], [ 101.445, 15.415 ], [ 101.437, 15.398 ], [ 101.443, 15.371 ], [ 101.466, 15.348 ], [ 101.466, 15.327 ], [ 101.455, 15.311 ], [ 101.454, 15.248 ], [ 101.433, 15.213 ], [ 101.442, 15.184 ], [ 101.455, 15.176 ], [ 101.45, 15.169 ], [ 101.455, 15.159 ], [ 101.476, 15.138 ], [ 101.458, 15.098 ], [ 101.441, 15.08 ], [ 101.443, 15.074 ], [ 101.462, 15.08 ], [ 101.49, 15.074 ], [ 101.513, 15.058 ], [ 101.508, 15.043 ], [ 101.493, 15.037 ], [ 101.496, 15.026 ], [ 101.492, 15.013 ], [ 101.441, 14.978 ], [ 101.463, 14.917 ], [ 101.463, 14.898 ], [ 101.475, 14.888 ], [ 101.475, 14.873 ], [ 101.496, 14.844 ], [ 101.473, 14.817 ], [ 101.393, 14.791 ], [ 101.387, 14.776 ], [ 101.371, 14.775 ], [ 101.355, 14.798 ], [ 101.355, 14.808 ], [ 101.365, 14.809 ], [ 101.383, 14.827 ], [ 101.388, 14.848 ], [ 101.38, 14.86 ], [ 101.383, 14.89 ], [ 101.374, 14.911 ], [ 101.347, 14.909 ], [ 101.341, 14.934 ], [ 101.349, 14.944 ], [ 101.35, 14.986 ], [ 101.362, 14.998 ], [ 101.357, 15.016 ], [ 101.35, 15.017 ], [ 101.354, 15.031 ], [ 101.345, 15.047 ], [ 101.358, 15.058 ], [ 101.35, 15.07 ], [ 101.334, 15.076 ], [ 101.338, 15.097 ], [ 101.333, 15.104 ] ] ] } },
{ "type": "Feature", "properties": { "hybas_id": 4071109340, "next_down": 4071114670, "main_bas": 4070018280, "sub_area": 7253.4, "up_area": 9625.0, "th_share": 1.0 }, "geometry": { "type": "Polygon", "coordinates": [ [ [ 101.0, 15.2 ], [ 100.975, 15.204 ], [ 100.97, 15.226 ], [ 100.983, 15.239 ], [ 100.984, 15.251 ], [ 100.97, 15.277 ], [ 100.957, 15.291 ], [ 100.948, 15.295 ], [ 100.937, 15.291 ], [ 100.921, 15.304 ], [ 100.925, 15.318 ], [ 100.9, 15.36 ], [ 100.9, 15.382 ], [ 100.888, 15.414 ], [ 100.883, 15.454 ], [ 100.929, 15.514 ], [ 100.929, 15.524 ], [ 100.91, 15.53 ], [ 100.892, 15.547 ], [ 100.883, 15.578 ], [ 100.858, 15.584 ], [ 100.852, 15.58 ], [ 100.817, 15.6 ], [ 100.823, 15.612 ], [ 100.84, 15.613 ], [ 100.885, 15.649 ], [ 100.899, 15.651 ], [ 100.908, 15.669 ], [ 100.909, 15.691 ], [ 100.919, 15.699 ], [ 100.95, 15.708 ], [ 100.958, 15.718 ], [ 100.938, 15.752 ], [ 100.945, 15.781 ], [ 100.926, 15.827 ], [ 100.924, 15.849 ], [ 100.909, 15.877 ], [ 100.908, 15.899 ], [ 100.9, 15.908 ], [ 100.904, 15.919 ], [ 100.892, 15.95 ], [ 100.924, 15.959 ], [ 100.926, 15.97 ], [ 100.943, 15.987 ], [ 100.966, 15.993 ], [ 100.971, 16.001 ], [ 100.978, 15.996 ], [ 100.987, 16.005 ], [ 100.992, 16.038 ], [ 100.98, 16.047 ], [ 100.979, 16.063 ], [ 100.969, 16.059 ], [ 100.934, 16.067 ], [ 100.908, 16.108 ], [ 100.925, 16.133 ], [ 100.94, 16.129 ], [ 100.946, 16.138 ], [ 100.973, 16.142 ], [ 100.983, 16.138 ], [ 100.988, 16.162 ], [ 100.984, 16.185 ], [ 100.996, 16.204 ], [ 100.995, 16.228 ], [ 100.984, 16.23 ], [ 100.983, 16.252 ], [ 100.963, 16.273 ], [ 100.946, 16.308 ], [ 100.961, 16.313 ], [ 100.991, 16.352 ], [ 100.988, 16.394 ], [ 101.008, 16.433 ], [ 101.0, 16.448 ], [ 101.004, 16.477 ], [ 100.995, 16.507 ], [ 100.975, 16.542 ], [ 100.993, 16.551 ], [ 101.014, 16.542 ], [ 101.025, 16.548 ], [ 101.025, 16.565 ], [ 101.038, 16.588 ], [ 101.026, 16.592 ], [ 101.02, 16.605 ], [ 101.026, 16.613 ], [ 101.013, 16.627 ], [ 101.013, 16.653 ], [ 101.017, 16.663 ], [ 101.037, 16.672 ], [ 101.058, 16.7 ], [ 101.051, 16.753 ], [ 101.073, 16.754 ], [ 101.102, 16.733 ], [ 101.115, 16.734 ], [ 101.14, 16.75 ], [ 101.169, 16.75 ], [ 101.207, 16.733 ], [ 101.219, 16.738 ], [ 101.236, 16.733 ], [ 101.242, 16.721 ], [ 101.277, 16.725 ], [ 101.281, 16.721 ], [ 101.318, 16.737 ], [ 101.361, 16.742 ], [ 101.371, 16.771 ], [ 101.387, 16.774 ], [ 101.388, 16.763 ], [ 101.424, 16.745 ], [ 101.426, 16.737 ], [ 101.441, 16.738 ], [ 101.458, 16.755 ], [ 101.517, 16.725 ], [ 101.516, 16.718 ], [ 101.508, 16.675 ], [ 101.48, 16.666 ], [ 101.466, 16.642 ], [ 101.446, 16.646 ], [ 101.434, 16.631 ], [ 101.413, 16.567 ], [ 101.421, 16.548 ], [ 101.412, 16.539 ], [ 101.413, 16.498 ], [ 101.429, 16.427 ], [ 101.405, 16.398 ], [ 101.409, 16.395 ], [ 101.403, 16.372 ], [ 101.384, 16.352 ], [ 101.371, 16.267 ], [ 101.352, 16.266 ], [ 101.342, 16.257 ], [ 101.316, 16.209 ], [ 101.301, 16.199 ], [ 101.296, 16.179 ], [ 101.349, 16.166 ], [ 101.345, 16.146 ], [ 101.35, 16.138 ], [ 101.361, 16.141 ], [ 101.38, 16.122 ], [ 101.399, 16.116 ], [ 101.417, 16.071 ], [ 101.41, 16.063 ], [ 101.388, 16.062 ], [ 101.383, 16.046 ], [ 101.396, 16.034 ], [ 101.391, 16.013 ], [ 101.396, 16.008 ], [ 101.366, 15.934 ], [ 101.371, 15.917 ], [ 101.359, 15.912 ], [ 101.35, 15.888 ], [ 101.338, 15.887 ], [ 101.325, 15.842 ], [ 101.329, 15.797 ], [ 101.32, 15.795 ], [ 101.341, 15.769 ], [ 101.338, 15.723 ], [ 101.35, 15.673 ], [ 101.341, 15.635 ], [ 101.325, 15.604 ], [ 101.325, 15.564 ], [ 101.292, 15.538 ], [ 101.292, 15.529 ], [ 101.303, 15.528 ], [ 101.3, 15.442 ], [ 101.308, 15.435 ], [ 101.305, 15.402 ], [ 101.317, 15.381 ], [ 101.308, 15.352 ], [ 101.292, 15.327 ], [ 101.3, 15.292 ], [ 101.295, 15.267 ], [ 101.255, 15.272 ], [ 101.253, 15.279 ], [ 101.235, 15.263 ], [ 101.229, 15.267 ], [ 101.221, 15.262 ], [ 101.202, 15.27 ], [ 101.195, 15.259 ], [ 101.181, 15.259 ], [ 101.164, 15.263 ], [ 101.138, 15.289 ], [ 101.142, 15.304 ], [ 101.131, 15.308 ], [ 101.117, 15.292 ], [ 101.073, 15.312 ], [ 101.057, 15.296 ], [ 101.046, 15.304 ], [ 101.038, 15.298 ], [ 101.025, 15.26 ], [ 101.008, 15.25 ], [ 101.016, 15.209 ], [ 101.0, 15.2 ] ] ] } },
{ "type": "Feature", "properties": { "hybas_id": 4071104350, "next_down": 4071107950, "main_bas": 4070018280, "sub_area": 1.2, "up_area": 106836.7, "th_share": 1.0 }, "geometry": { "type": "Polygon", "coordinates": [ [ [ 100.15, 15.7 ], [ 100.146, 15.704 ], [ 100.146, 15.717 ], [ 100.154, 15.713 ], [ 100.15, 15.7 ] ] ] } },
{ "type": "Feature", "properties": { "hybas_id": 4071104460, "next_down": 4071107950, "main_bas": 4070018280, "sub_area": 3636.9, "up_area": 3636.9, "th_share": 1.0 }, "geometry": { "type": "Polygon", "coordinates": [ [ [ 100.792, 15.875 ], [ 100.796, 15.892 ], [ 100.833, 15.887 ], [ 100.844, 15.899 ], [ 100.862, 15.901 ], [ 100.872, 15.92 ], [ 100.88, 15.921 ], [ 100.908, 15.899 ], [ 100.909, 15.877 ], [ 100.924, 15.849 ], [ 100.926, 15.827 ], [ 100.945, 15.781 ], [ 100.938, 15.752 ], [ 100.958, 15.718 ], [ 100.95, 15.708 ], [ 100.919, 15.699 ], [ 100.909, 15.691 ], [ 100.908, 15.669 ], [ 100.899, 15.651 ], [ 100.885, 15.649 ], [ 100.84, 15.613 ], [ 100.823, 15.612 ], [ 100.817, 15.6 ], [ 100.852, 15.58 ], [ 100.858, 15.584 ], [ 100.883, 15.578 ], [ 100.892, 15.547 ], [ 100.91, 15.53 ], [ 100.929, 15.524 ], [ 100.929, 15.517 ], [ 100.907, 15.484 ], [ 100.896, 15.477 ], [ 100.886, 15.455 ], [ 100.861, 15.445 ], [ 100.848, 15.454 ], [ 100.831, 15.454 ], [ 100.824, 15.435 ], [ 100.795, 15.397 ], [ 100.784, 15.395 ], [ 100.782, 15.387 ], [ 100.766, 15.392 ], [ 100.756, 15.384 ], [ 100.739, 15.383 ], [ 100.707, 15.351 ], [ 100.688, 15.345 ], [ 100.681, 15.333 ], [ 100.621, 15.346 ], [ 100.61, 15.342 ], [ 100.596, 15.358 ], [ 100.596, 15.375 ], [ 100.583, 15.379 ], [ 100.578, 15.368 ], [ 100.564, 15.367 ], [ 100.543, 15.38 ], [ 100.537, 15.391 ], [ 100.518, 15.392 ], [ 100.516, 15.399 ], [ 100.485, 15.401 ], [ 100.474, 15.387 ], [ 100.458, 15.392 ], [ 100.414, 15.388 ], [ 100.396, 15.414 ], [ 100.396, 15.433 ], [ 100.387, 15.453 ], [ 100.362, 15.478 ], [ 100.333, 15.488 ], [ 100.33, 15.498 ], [ 100.334, 15.505 ], [ 100.328, 15.512 ], [ 100.314, 15.508 ], [ 100.296, 15.539 ], [ 100.295, 15.562 ], [ 100.275, 15.563 ], [ 100.236, 15.538 ], [ 100.21, 15.534 ], [ 100.182, 15.575 ], [ 100.165, 15.583 ], [ 100.142, 15.584 ], [ 100.142, 15.596 ], [ 100.152, 15.596 ], [ 100.171, 15.621 ], [ 100.163, 15.639 ], [ 100.162, 15.665 ], [ 100.146, 15.685 ], [ 100.147, 15.699 ], [ 100.154, 15.701 ], [ 100.154, 15.708 ], [ 100.191, 15.726 ], [ 100.192, 15.738 ], [ 100.211, 15.742 ], [ 100.23, 15.762 ], [ 100.258, 15.776 ], [ 100.258, 15.783 ], [ 100.291, 15.788 ], [ 100.299, 15.787 ], [ 100.3, 15.779 ], [ 100.32, 15.78 ], [ 100.326, 15.795 ], [ 100.385, 15.813 ], [ 100.402, 15.829 ], [ 100.435, 15.845 ], [ 100.49, 15.85 ], [ 100.496, 15.858 ], [ 100.537, 15.867 ], [ 100.557, 15.866 ], [ 100.56, 15.858 ], [ 100.587, 15.859 ], [ 100.595, 15.871 ], [ 100.638, 15.858 ], [ 100.665, 15.863 ], [ 100.671, 15.871 ], [ 100.702, 15.876 ], [ 100.71, 15.883 ], [ 100.761, 15.879 ], [ 100.778, 15.871 ], [ 100.792, 15.875 ] ] ] } },
{ "type": "Feature", "properties": { "hybas_id": 4071104200, "next_down": 4071104350, "main_bas": 4070018280, "sub_area": 2128.5, "up_area": 60204.5, "th_share": 1.0 }, "geometry": { "type": "Polygon", "coordinates": [ [ [ 100.671, 15.871 ], [ 100.665, 15.863 ], [ 100.638, 15.858 ], [ 100.595, 15.871 ], [ 100.587, 15.859 ], [ 100.56, 15.858 ], [ 100.557, 15.866 ], [ 100.537, 15.867 ], [ 100.496, 15.858 ], [ 100.49, 15.85 ], [ 100.435, 15.845 ], [ 100.402, 15.829 ], [ 100.385, 15.813 ], [ 100.326, 15.795 ], [ 100.32, 15.78 ], [ 100.3, 15.779 ], [ 100.299, 15.787 ], [ 100.291, 15.788 ], [ 100.258, 15.783 ], [ 100.258, 15.776 ], [ 100.23, 15.762 ], [ 100.224, 15.751 ], [ 100.192, 15.738 ], [ 100.191, 15.726 ], [ 100.154, 15.708 ], [ 100.15, 15.717 ], [ 100.155, 15.734 ], [ 100.145, 15.753 ], [ 100.137, 15.755 ], [ 100.141, 15.769 ], [ 100.134, 15.781 ], [ 100.133, 15.804 ], [ 100.124, 15.817 ], [ 100.13, 15.834 ], [ 100.113, 15.856 ], [ 100.091, 15.923 ], [ 100.074, 15.941 ], [ 100.055, 15.947 ], [ 100.05, 15.963 ], [ 100.035, 15.963 ], [ 100.018, 15.976 ], [ 100.007, 16.004 ], [ 99.993, 15.999 ], [ 99.979, 15.983 ], [ 99.968, 15.988 ], [ 99.962, 15.999 ], [ 99.931, 16.005 ], [ 99.895, 16.053 ], [ 99.88, 16.059 ], [ 99.859, 16.08 ], [ 99.837, 16.116 ], [ 99.826, 16.122 ], [ 99.83, 16.149 ], [ 99.84, 16.151 ], [ 99.85, 16.163 ], [ 99.838, 16.195 ], [ 99.858, 16.201 ], [ 99.873, 16.192 ], [ 99.895, 16.205 ], [ 99.92, 16.195 ], [ 99.933, 16.2 ], [ 99.938, 16.184 ], [ 99.973, 16.159 ], [ 99.992, 16.15 ], [ 100.017, 16.154 ], [ 100.018, 16.159 ], [ 100.04, 16.138 ], [ 100.056, 16.141 ], [ 100.104, 16.12 ], [ 100.119, 16.096 ], [ 100.166, 16.107 ], [ 100.167, 16.092 ], [ 100.187, 16.091 ], [ 100.205, 16.055 ], [ 100.216, 16.053 ], [ 100.226, 16.034 ], [ 100.221, 16.027 ], [ 100.237, 16.01 ], [ 100.233, 15.984 ], [ 100.237, 15.977 ], [ 100.229, 15.955 ], [ 100.234, 15.942 ], [ 100.233, 15.902 ], [ 100.224, 15.893 ], [ 100.226, 15.88 ], [ 100.245, 15.883 ], [ 100.247, 15.872 ], [ 100.27, 15.87 ], [ 100.271, 15.855 ], [ 100.296, 15.846 ], [ 100.323, 15.851 ], [ 100.334, 15.866 ], [ 100.353, 15.872 ], [ 100.355, 15.883 ], [ 100.395, 15.888 ], [ 100.396, 15.898 ], [ 100.42, 15.917 ], [ 100.434, 15.949 ], [ 100.474, 15.951 ], [ 100.476, 15.958 ], [ 100.494, 15.959 ], [ 100.51, 15.975 ], [ 100.537, 15.98 ], [ 100.542, 15.992 ], [ 100.61, 16.029 ], [ 100.64, 16.03 ], [ 100.677, 16.042 ], [ 100.754, 16.029 ], [ 100.768, 16.045 ], [ 100.787, 16.051 ], [ 100.797, 16.066 ], [ 100.828, 16.084 ], [ 100.865, 16.079 ], [ 100.895, 16.058 ], [ 100.91, 16.07 ], [ 100.933, 16.071 ], [ 100.969, 16.059 ], [ 100.979, 16.063 ], [ 100.98, 16.047 ], [ 100.992, 16.038 ], [ 100.987, 16.005 ], [ 100.978, 15.996 ], [ 100.971, 16.001 ], [ 100.966, 15.993 ], [ 100.943, 15.987 ], [ 100.926, 15.97 ], [ 100.924, 15.959 ], [ 100.892, 15.95 ], [ 100.903, 15.909 ], [ 100.872, 15.92 ], [ 100.862, 15.901 ], [ 100.844, 15.899 ], [ 100.833, 15.887 ], [ 100.796, 15.892 ], [ 100.792, 15.875 ], [ 100.778, 15.871 ], [ 100.73, 15.884 ], [ 100.671, 15.871 ] ] ] } },
{ "type": "Feature", "properties": { "hybas_id": 4071104190, "next_down": 4071104350, "main_bas": 4070018280, "sub_area": 9480.1, "up_area": 46631.0, "th_share": 1.0 }, "geometry": { "type": "Polygon", "coordinates": [ [ [ 99.438, 15.967 ], [ 99.432, 15.978 ], [ 99.413, 15.979 ], [ 99.395, 15.951 ], [ 99.363, 15.95 ], [ 99.334, 15.959 ], [ 99.317, 15.988 ], [ 99.286, 15.983 ], [ 99.265, 15.988 ], [ 99.252, 15.967 ], [ 99.243, 15.975 ], [ 99.245, 15.985 ], [ 99.233, 16.006 ], [ 99.217, 16.013 ], [ 99.216, 16.028 ], [ 99.197, 16.042 ], [ 99.191, 16.057 ], [ 99.172, 16.055 ], [ 99.17, 16.062 ], [ 99.146, 16.076 ], [ 99.145, 16.091 ], [ 99.122, 16.096 ], [ 99.108, 16.083 ], [ 99.108, 16.099 ], [ 99.093, 16.104 ], [ 99.078, 16.128 ], [ 99.05, 16.138 ], [ 99.05, 16.163 ], [ 99.07, 16.172 ], [ 99.083, 16.217 ], [ 99.045, 16.263 ], [ 99.05, 16.269 ], [ 99.041, 16.293 ], [ 99.054, 16.31 ], [ 99.049, 16.317 ], [ 99.055, 16.326 ], [ 99.042, 16.344 ], [ 99.041, 16.377 ], [ 99.032, 16.384 ], [ 99.027, 16.379 ], [ 99.018, 16.388 ], [ 99.021, 16.434 ], [ 99.016, 16.445 ], [ 98.997, 16.451 ], [ 98.983, 16.488 ], [ 98.994, 16.505 ], [ 99.021, 16.5 ], [ 99.025, 16.514 ], [ 99.02, 16.57 ], [ 99.038, 16.608 ], [ 99.022, 16.622 ], [ 99.013, 16.639 ], [ 99.013, 16.658 ], [ 99.021, 16.664 ], [ 99.007, 16.691 ], [ 99.001, 16.693 ], [ 99.0, 16.713 ], [ 98.969, 16.721 ], [ 98.951, 16.738 ], [ 98.95, 16.758 ], [ 98.933, 16.758 ], [ 98.924, 16.783 ], [ 98.888, 16.797 ], [ 98.875, 16.817 ], [ 98.87, 16.841 ], [ 98.843, 16.851 ], [ 98.821, 16.883 ], [ 98.837, 16.893 ], [ 98.829, 16.923 ], [ 98.813, 16.935 ], [ 98.812, 16.945 ], [ 98.772, 16.968 ], [ 98.75, 16.992 ], [ 98.75, 17.007 ], [ 98.742, 17.014 ], [ 98.752, 17.024 ], [ 98.775, 17.02 ], [ 98.791, 17.04 ], [ 98.797, 17.058 ], [ 98.825, 17.071 ], [ 98.825, 17.092 ], [ 98.845, 17.105 ], [ 98.849, 17.119 ], [ 98.846, 17.152 ], [ 98.859, 17.162 ], [ 98.874, 17.167 ], [ 98.882, 17.166 ], [ 98.884, 17.158 ], [ 98.894, 17.166 ], [ 98.912, 17.166 ], [ 98.924, 17.149 ], [ 98.941, 17.155 ], [ 98.965, 17.15 ], [ 98.971, 17.163 ], [ 98.981, 17.166 ], [ 99.007, 17.154 ], [ 99.027, 17.162 ], [ 99.056, 17.138 ], [ 99.078, 17.137 ], [ 99.075, 17.118 ], [ 99.085, 17.113 ], [ 99.1, 17.112 ], [ 99.128, 17.122 ], [ 99.129, 17.129 ], [ 99.145, 17.129 ], [ 99.173, 17.092 ], [ 99.184, 17.119 ], [ 99.199, 17.13 ], [ 99.204, 17.14 ], [ 99.2, 17.145 ], [ 99.228, 17.171 ], [ 99.263, 17.224 ], [ 99.308, 17.238 ], [ 99.304, 17.271 ], [ 99.316, 17.27 ], [ 99.321, 17.259 ], [ 99.316, 17.23 ], [ 99.321, 17.213 ], [ 99.312, 17.201 ], [ 99.313, 17.173 ], [ 99.317, 17.143 ], [ 99.325, 17.138 ], [ 99.321, 17.089 ], [ 99.33, 17.08 ], [ 99.32, 17.074 ], [ 99.321, 17.027 ], [ 99.333, 16.996 ], [ 99.345, 16.991 ], [ 99.355, 16.934 ], [ 99.383, 16.916 ], [ 99.384, 16.905 ], [ 99.413, 16.896 ], [ 99.427, 16.875 ], [ 99.448, 16.879 ], [ 99.486, 16.862 ], [ 99.502, 16.842 ], [ 99.528, 16.841 ], [ 99.534, 16.83 ], [ 99.529, 16.817 ], [ 99.505, 16.816 ], [ 99.488, 16.763 ], [ 99.5, 16.744 ], [ 99.504, 16.721 ], [ 99.492, 16.72 ], [ 99.488, 16.692 ], [ 99.5, 16.669 ], [ 99.491, 16.637 ], [ 99.513, 16.587 ], [ 99.508, 16.574 ], [ 99.513, 16.538 ], [ 99.545, 16.524 ], [ 99.551, 16.501 ], [ 99.558, 16.5 ], [ 99.563, 16.488 ], [ 99.554, 16.472 ], [ 99.559, 16.447 ], [ 99.57, 16.445 ], [ 99.583, 16.432 ], [ 99.584, 16.422 ], [ 99.619, 16.396 ], [ 99.652, 16.384 ], [ 99.673, 16.383 ], [ 99.691, 16.369 ], [ 99.741, 16.302 ], [ 99.742, 16.288 ], [ 99.766, 16.278 ], [ 99.776, 16.238 ], [ 99.804, 16.233 ], [ 99.809, 16.202 ], [ 99.838, 16.192 ], [ 99.85, 16.163 ], [ 99.84, 16.151 ], [ 99.83, 16.149 ], [ 99.826, 16.122 ], [ 99.837, 16.116 ], [ 99.859, 16.08 ], [ 99.904, 16.044 ], [ 99.922, 16.013 ], [ 99.931, 16.005 ], [ 99.962, 15.999 ], [ 99.968, 15.988 ], [ 99.979, 15.983 ], [ 99.993, 15.999 ], [ 100.007, 16.004 ], [ 100.018, 15.976 ], [ 100.035, 15.963 ], [ 100.05, 15.963 ], [ 100.055, 15.947 ], [ 100.074, 15.941 ], [ 100.091, 15.923 ], [ 100.113, 15.856 ], [ 100.13, 15.834 ], [ 100.124, 15.817 ], [ 100.133, 15.804 ], [ 100.134, 15.781 ], [ 100.141, 15.769 ], [ 100.137, 15.755 ], [ 100.145, 15.753 ], [ 100.154, 15.727 ], [ 100.146, 15.708 ], [ 100.119, 15.717 ], [ 100.107, 15.709 ], [ 100.071, 15.713 ], [ 100.03, 15.742 ], [ 100.024, 15.762 ], [ 99.994, 15.767 ], [ 99.983, 15.782 ], [ 99.948, 15.8 ], [ 99.936, 15.795 ], [ 99.902, 15.812 ], [ 99.89, 15.808 ], [ 99.878, 15.824 ], [ 99.864, 15.826 ], [ 99.857, 15.813 ], [ 99.837, 15.808 ], [ 99.831, 15.812 ], [ 99.802, 15.792 ], [ 99.79, 15.795 ], [ 99.783, 15.788 ], [ 99.776, 15.788 ], [ 99.763, 15.801 ], [ 99.762, 15.832 ], [ 99.716, 15.829 ], [ 99.705, 15.838 ], [ 99.703, 15.849 ], [ 99.688, 15.855 ], [ 99.687, 15.866 ], [ 99.663, 15.879 ], [ 99.645, 15.915 ], [ 99.625, 15.938 ], [ 99.607, 15.929 ], [ 99.596, 15.933 ], [ 99.587, 15.957 ], [ 99.57, 15.963 ], [ 99.565, 15.959 ], [ 99.554, 15.979 ], [ 99.493, 15.984 ], [ 99.491, 15.976 ], [ 99.438, 15.967 ] ] ] } },
{ "type": "Feature", "properties": { "hybas_id": 4071102660, "next_down": 4071104200, "main_bas": 4070018280, "sub_area": 8055.3, "up_area": 33400.5, "th_share": 1.0 }, "geometry": { "type": "Polygon", "coordinates": [ [ [ 100.488, 16.896 ], [ 100.507, 16.895 ], [ 100.529, 16.879 ], [ 100.557, 16.896 ], [ 100.588, 16.883 ], [ 100.574, 16.916 ], [ 100.567, 16.918 ], [ 100.566, 16.934 ], [ 100.579, 16.973 ], [ 100.575, 16.978 ], [ 100.587, 16.98 ], [ 100.583, 17.005 ], [ 100.6, 17.05 ], [ 100.612, 17.045 ], [ 100.645, 17.007 ], [ 100.651, 16.988 ], [ 100.666, 16.983 ], [ 100.675, 16.954 ], [ 100.687, 16.949 ], [ 100.715, 16.954 ], [ 100.733, 16.945 ], [ 100.761, 16.949 ], [ 100.772, 16.934 ], [ 100.787, 16.933 ], [ 100.801, 16.908 ], [ 100.817, 16.899 ], [ 100.824, 16.89 ], [ 100.826, 16.875 ], [ 100.853, 16.887 ], [ 100.863, 16.871 ], [ 100.858, 16.864 ], [ 100.87, 16.857 ], [ 100.876, 16.842 ], [ 100.923, 16.826 ], [ 100.938, 16.825 ], [ 100.951, 16.845 ], [ 100.966, 16.85 ], [ 100.971, 16.861 ], [ 100.967, 16.874 ], [ 100.978, 16.876 ], [ 100.98, 16.891 ], [ 101.013, 16.887 ], [ 101.02, 16.892 ], [ 101.022, 16.908 ], [ 101.041, 16.917 ], [ 101.047, 16.932 ], [ 101.066, 16.933 ], [ 101.071, 16.909 ], [ 101.088, 16.908 ], [ 101.087, 16.897 ], [ 101.059, 16.886 ], [ 101.054, 16.825 ], [ 101.048, 16.825 ], [ 101.034, 16.807 ], [ 101.042, 16.78 ], [ 101.049, 16.778 ], [ 101.058, 16.7 ], [ 101.037, 16.672 ], [ 101.017, 16.663 ], [ 101.013, 16.638 ], [ 101.013, 16.627 ], [ 101.026, 16.613 ], [ 101.02, 16.605 ], [ 101.026, 16.592 ], [ 101.037, 16.591 ], [ 101.037, 16.585 ], [ 101.021, 16.542 ], [ 100.993, 16.551 ], [ 100.975, 16.542 ], [ 100.995, 16.507 ], [ 101.004, 16.477 ], [ 101.0, 16.448 ], [ 101.008, 16.433 ], [ 100.988, 16.394 ], [ 100.991, 16.352 ], [ 100.961, 16.313 ], [ 100.946, 16.308 ], [ 100.963, 16.273 ], [ 100.983, 16.252 ], [ 100.984, 16.23 ], [ 100.995, 16.228 ], [ 100.996, 16.204 ], [ 100.984, 16.185 ], [ 100.988, 16.162 ], [ 100.983, 16.138 ], [ 100.973, 16.142 ], [ 100.946, 16.138 ], [ 100.94, 16.129 ], [ 100.925, 16.133 ], [ 100.909, 16.111 ], [ 100.933, 16.071 ], [ 100.91, 16.07 ], [ 100.895, 16.058 ], [ 100.865, 16.079 ], [ 100.828, 16.084 ], [ 100.797, 16.066 ], [ 100.787, 16.051 ], [ 100.768, 16.045 ], [ 100.754, 16.029 ], [ 100.677, 16.042 ], [ 100.64, 16.03 ], [ 100.61, 16.029 ], [ 100.542, 15.992 ], [ 100.537, 15.98 ], [ 100.51, 15.975 ], [ 100.494, 15.959 ], [ 100.476, 15.958 ], [ 100.474, 15.951 ], [ 100.434, 15.949 ], [ 100.42, 15.917 ], [ 100.396, 15.898 ], [ 100.395, 15.888 ], [ 100.355, 15.883 ], [ 100.353, 15.872 ], [ 100.334, 15.866 ], [ 100.323, 15.851 ], [ 100.296, 15.846 ], [ 100.277, 15.851 ], [ 100.27, 15.87 ], [ 100.263, 15.871 ], [ 100.283, 15.914 ], [ 100.279, 15.968 ], [ 100.295, 15.981 ], [ 100.3, 16.008 ], [ 100.308, 16.008 ], [ 100.309, 16.016 ], [ 100.349, 16.043 ], [ 100.358, 16.058 ], [ 100.351, 16.081 ], [ 100.355, 16.097 ], [ 100.334, 16.113 ], [ 100.333, 16.124 ], [ 100.322, 16.126 ], [ 100.32, 16.156 ], [ 100.308, 16.183 ], [ 100.321, 16.224 ], [ 100.316, 16.245 ], [ 100.334, 16.26 ], [ 100.329, 16.283 ], [ 100.333, 16.331 ], [ 100.309, 16.381 ], [ 100.325, 16.404 ], [ 100.32, 16.427 ], [ 100.329, 16.446 ], [ 100.294, 16.479 ], [ 100.25, 16.496 ], [ 100.25, 16.507 ], [ 100.241, 16.515 ], [ 100.245, 16.544 ], [ 100.238, 16.552 ], [ 100.234, 16.59 ], [ 100.242, 16.596 ], [ 100.246, 16.618 ], [ 100.238, 16.627 ], [ 100.225, 16.667 ], [ 100.234, 16.697 ], [ 100.175, 16.771 ], [ 100.176, 16.79 ], [ 100.203, 16.801 ], [ 100.208, 16.81 ], [ 100.208, 16.833 ], [ 100.201, 16.834 ], [ 100.199, 16.845 ], [ 100.188, 16.847 ], [ 100.188, 16.863 ], [ 100.192, 16.875 ], [ 100.212, 16.876 ], [ 100.217, 16.887 ], [ 100.242, 16.9 ], [ 100.237, 16.926 ], [ 100.243, 16.933 ], [ 100.254, 16.938 ], [ 100.284, 16.929 ], [ 100.32, 16.938 ], [ 100.326, 16.949 ], [ 100.344, 16.955 ], [ 100.354, 16.967 ], [ 100.383, 16.976 ], [ 100.389, 16.988 ], [ 100.403, 16.987 ], [ 100.421, 16.963 ], [ 100.442, 16.975 ], [ 100.452, 16.971 ], [ 100.488, 16.983 ], [ 100.492, 16.956 ], [ 100.501, 16.947 ], [ 100.499, 16.919 ], [ 100.488, 16.896 ] ] ] } },
{ "type": "Feature", "properties": { "hybas_id": 4071102650, "next_down": 4071104200, "main_bas": 4070018280, "sub_area": 79.2, "up_area": 24675.0, "th_share": 1.0 }, "geometry": { "type": "Polygon", "coordinates": [ [ [ 100.267, 16.021 ], [ 100.294, 16.016 ], [ 100.3, 16.011 ], [ 100.3, 15.993 ], [ 100.295, 15.981 ], [ 100.279, 15.968 ], [ 100.283, 15.914 ], [ 100.275, 15.907 ], [ 100.275, 15.889 ], [ 100.256, 15.867 ], [ 100.247, 15.872 ], [ 100.245, 15.883 ], [ 100.226, 15.88 ], [ 100.224, 15.893 ], [ 100.233, 15.902 ], [ 100.234, 15.942 ], [ 100.229, 15.955 ], [ 100.238, 15.996 ], [ 100.253, 15.991 ], [ 100.267, 16.021 ] ] ] } },
{ "type": "Feature", "properties": { "hybas_id": 4071100740, "next_down": 4071102650, "main_bas": 4070018280, "sub_area": 1543.0, "up_area": 1543.0, "th_share": 1.0 }, "geometry": { "type": "Polygon", "coordinates": [ [ [ 99.5, 16.658 ], [ 99.537, 16.632 ], [ 99.538, 16.622 ], [ 99.578, 16.595 ], [ 99.584, 16.58 ], [ 99.602, 16.567 ], [ 99.642, 16.567 ], [ 99.664, 16.524 ], [ 99.678, 16.526 ], [ 99.68, 16.534 ], [ 99.698, 16.533 ], [ 99.712, 16.52 ], [ 99.728, 16.529 ], [ 99.734, 16.513 ], [ 99.748, 16.505 ], [ 99.788, 16.504 ], [ 99.793, 16.492 ], [ 99.82, 16.474 ], [ 99.831, 16.459 ], [ 99.869, 16.437 ], [ 99.888, 16.408 ], [ 99.902, 16.408 ], [ 99.923, 16.392 ], [ 99.962, 16.378 ], [ 99.977, 16.359 ], [ 100.013, 16.354 ], [ 100.033, 16.332 ], [ 100.038, 16.298 ], [ 100.054, 16.273 ], [ 100.059, 16.251 ], [ 100.079, 16.241 ], [ 100.135, 16.18 ], [ 100.146, 16.18 ], [ 100.151, 16.192 ], [ 100.166, 16.191 ], [ 100.167, 16.18 ], [ 100.2, 16.175 ], [ 100.227, 16.151 ], [ 100.241, 16.146 ], [ 100.243, 16.154 ], [ 100.27, 16.149 ], [ 100.271, 16.135 ], [ 100.296, 16.092 ], [ 100.287, 16.068 ], [ 100.276, 16.056 ], [ 100.266, 16.01 ], [ 100.253, 15.991 ], [ 100.238, 15.996 ], [ 100.237, 16.01 ], [ 100.221, 16.027 ], [ 100.226, 16.034 ], [ 100.22, 16.048 ], [ 100.205, 16.055 ], [ 100.187, 16.091 ], [ 100.167, 16.092 ], [ 100.166, 16.107 ], [ 100.119, 16.096 ], [ 100.104, 16.12 ], [ 100.056, 16.141 ], [ 100.04, 16.138 ], [ 100.018, 16.159 ], [ 100.017, 16.154 ], [ 99.992, 16.15 ], [ 99.973, 16.159 ], [ 99.938, 16.184 ], [ 99.933, 16.2 ], [ 99.92, 16.195 ], [ 99.895, 16.205 ], [ 99.873, 16.192 ], [ 99.858, 16.201 ], [ 99.838, 16.192 ], [ 99.814, 16.196 ], [ 99.805, 16.21 ], [ 99.804, 16.233 ], [ 99.776, 16.238 ], [ 99.766, 16.278 ], [ 99.742, 16.288 ], [ 99.741, 16.302 ], [ 99.683, 16.378 ], [ 99.619, 16.396 ], [ 99.584, 16.422 ], [ 99.583, 16.432 ], [ 99.57, 16.445 ], [ 99.559, 16.447 ], [ 99.554, 16.472 ], [ 99.562, 16.481 ], [ 99.558, 16.5 ], [ 99.551, 16.501 ], [ 99.545, 16.524 ], [ 99.513, 16.538 ], [ 99.508, 16.574 ], [ 99.513, 16.587 ], [ 99.491, 16.637 ], [ 99.5, 16.658 ] ] ] } },
{ "type": "Feature", "properties": { "hybas_id": 4071100690, "next_down": 4071102650, "main_bas": 4070018280, "sub_area": 3288.5, "up_area": 23052.9, "th_share": 1.0 }, "geometry": { "type": "Polygon", "coordinates": [ [ [ 100.013, 16.354 ], [ 99.977, 16.359 ], [ 99.962, 16.378 ], [ 99.923, 16.392 ], [ 99.902, 16.408 ], [ 99.888, 16.408 ], [ 99.869, 16.437 ], [ 99.831, 16.459 ], [ 99.82, 16.474 ], [ 99.793, 16.492 ], [ 99.788, 16.504 ], [ 99.748, 16.505 ], [ 99.734, 16.513 ], [ 99.728, 16.529 ], [ 99.712, 16.52 ], [ 99.698, 16.533 ], [ 99.68, 16.534 ], [ 99.678, 16.526 ], [ 99.664, 16.524 ], [ 99.642, 16.567 ], [ 99.662, 16.598 ], [ 99.658, 16.641 ], [ 99.669, 16.642 ], [ 99.695, 16.663 ], [ 99.705, 16.691 ], [ 99.722, 16.679 ], [ 99.756, 16.699 ], [ 99.777, 16.701 ], [ 99.798, 16.729 ], [ 99.832, 16.738 ], [ 99.841, 16.747 ], [ 99.846, 16.763 ], [ 99.842, 16.769 ], [ 99.851, 16.779 ], [ 99.924, 16.784 ], [ 99.926, 16.798 ], [ 99.938, 16.82 ], [ 99.945, 16.822 ], [ 99.946, 16.845 ], [ 99.952, 16.85 ], [ 99.968, 16.837 ], [ 99.974, 16.842 ], [ 100.003, 16.837 ], [ 100.063, 16.846 ], [ 100.071, 16.838 ], [ 100.093, 16.842 ], [ 100.099, 16.837 ], [ 100.107, 16.845 ], [ 100.116, 16.832 ], [ 100.117, 16.817 ], [ 100.137, 16.831 ], [ 100.147, 16.862 ], [ 100.158, 16.867 ], [ 100.181, 16.866 ], [ 100.188, 16.863 ], [ 100.188, 16.847 ], [ 100.199, 16.845 ], [ 100.201, 16.834 ], [ 100.208, 16.833 ], [ 100.208, 16.81 ], [ 100.203, 16.801 ], [ 100.176, 16.79 ], [ 100.176, 16.769 ], [ 100.193, 16.743 ], [ 100.224, 16.715 ], [ 100.234, 16.697 ], [ 100.225, 16.667 ], [ 100.238, 16.627 ], [ 100.246, 16.618 ], [ 100.242, 16.596 ], [ 100.234, 16.59 ], [ 100.238, 16.552 ], [ 100.245, 16.544 ], [ 100.241, 16.515 ], [ 100.25, 16.507 ], [ 100.25, 16.496 ], [ 100.294, 16.479 ], [ 100.329, 16.446 ], [ 100.32, 16.427 ], [ 100.325, 16.404 ], [ 100.309, 16.381 ], [ 100.333, 16.331 ], [ 100.329, 16.283 ], [ 100.334, 16.26 ], [ 100.316, 16.245 ], [ 100.321, 16.224 ], [ 100.308, 16.183 ], [ 100.32, 16.156 ], [ 100.322, 16.126 ], [ 100.333, 16.124 ], [ 100.334, 16.113 ], [ 100.355, 16.097 ], [ 100.351, 16.081 ], [ 100.358, 16.058 ], [ 100.349, 16.043 ], [ 100.309, 16.016 ], [ 100.308, 16.008 ], [ 100.3, 16.008 ], [ 100.294, 16.016 ], [ 100.271, 16.017 ], [ 100.267, 16.027 ], [ 100.276, 16.056 ], [ 100.287, 16.068 ], [ 100.296, 16.092 ], [ 100.271, 16.135 ], [ 100.27, 16.149 ], [ 100.243, 16.154 ], [ 100.241, 16.146 ], [ 100.227, 16.151 ], [ 100.2, 16.175 ], [ 100.167, 16.18 ], [ 100.166, 16.191 ], [ 100.151, 16.192 ], [ 100.142, 16.179 ], [ 100.13, 16.184 ], [ 100.079, 16.241 ], [ 100.059, 16.251 ], [ 100.054, 16.273 ], [ 100.038, 16.298 ], [ 100.033, 16.332 ], [ 100.013, 16.354 ] ] ] } },
{ "type": "Feature", "properties": { "hybas_id": 4071092080, "next_down": 4071109340, "main_bas": 4070018280, "sub_area": 1572.4, "up_area": 1572.5, "th_share": 1.0 }, "geometry": { "type": "Polygon", "coordinates": [ [ [ 101.292, 17.017 ], [ 101.28, 17.021 ], [ 101.266, 17.045 ], [ 101.226, 17.072 ], [ 101.216, 17.094 ], [ 101.196, 17.113 ], [ 101.2, 17.182 ], [ 101.191, 17.19 ], [ 101.204, 17.2 ], [ 101.2, 17.229 ], [ 101.212, 17.234 ], [ 101.231, 17.258 ], [ 101.249, 17.259 ], [ 101.251, 17.267 ], [ 101.266, 17.266 ], [ 101.297, 17.233 ], [ 101.308, 17.234 ], [ 101.309, 17.245 ], [ 101.319, 17.254 ], [ 101.341, 17.263 ], [ 101.359, 17.26 ], [ 101.363, 17.274 ], [ 101.388, 17.254 ], [ 101.392, 17.274 ], [ 101.407, 17.284 ], [ 101.425, 17.279 ], [ 101.416, 17.268 ], [ 101.426, 17.242 ], [ 101.42, 17.226 ], [ 101.426, 17.201 ], [ 101.439, 17.188 ], [ 101.453, 17.187 ], [ 101.458, 17.177 ], [ 101.45, 17.15 ], [ 101.462, 17.123 ], [ 101.463, 17.096 ], [ 101.509, 17.048 ], [ 101.508, 17.027 ], [ 101.496, 17.015 ], [ 101.496, 16.997 ], [ 101.506, 16.988 ], [ 101.524, 16.987 ], [ 101.537, 16.965 ], [ 101.534, 16.951 ], [ 101.546, 16.946 ], [ 101.554, 16.927 ], [ 101.549, 16.921 ], [ 101.559, 16.893 ], [ 101.53, 16.888 ], [ 101.524, 16.896 ], [ 101.517, 16.895 ], [ 101.516, 16.874 ], [ 101.524, 16.844 ], [ 101.52, 16.838 ], [ 101.526, 16.806 ], [ 101.543, 16.775 ], [ 101.558, 16.77 ], [ 101.563, 16.75 ], [ 101.55, 16.729 ], [ 101.529, 16.729 ], [ 101.526, 16.734 ], [ 101.519, 16.725 ], [ 101.51, 16.726 ], [ 101.458, 16.755 ], [ 101.441, 16.738 ], [ 101.426, 16.737 ], [ 101.424, 16.745 ], [ 101.394, 16.759 ], [ 101.387, 16.774 ], [ 101.378, 16.776 ], [ 101.371, 16.771 ], [ 101.361, 16.742 ], [ 101.318, 16.737 ], [ 101.281, 16.721 ], [ 101.277, 16.725 ], [ 101.242, 16.721 ], [ 101.25, 16.754 ], [ 101.246, 16.8 ], [ 101.254, 16.808 ], [ 101.255, 16.844 ], [ 101.263, 16.856 ], [ 101.258, 16.864 ], [ 101.275, 16.911 ], [ 101.288, 16.921 ], [ 101.282, 16.937 ], [ 101.271, 16.943 ], [ 101.276, 16.959 ], [ 101.267, 16.969 ], [ 101.278, 16.98 ], [ 101.28, 16.991 ], [ 101.291, 16.996 ], [ 101.295, 17.006 ], [ 101.292, 17.017 ] ] ] } },
{ "type": "Feature", "properties": { "hybas_id": 4071092010, "next_down": 4071109340, "main_bas": 4070018280, "sub_area": 798.3, "up_area": 798.3, "th_share": 1.0 }, "geometry": { "type": "Polygon", "coordinates": [ [ [ 101.2, 17.233 ], [ 101.204, 17.2 ], [ 101.191, 17.19 ], [ 101.2, 17.182 ], [ 101.196, 17.113 ], [ 101.216, 17.094 ], [ 101.226, 17.072 ], [ 101.266, 17.045 ], [ 101.28, 17.021 ], [ 101.292, 17.017 ], [ 101.295, 17.006 ], [ 101.291, 16.996 ], [ 101.28, 16.991 ], [ 101.278, 16.98 ], [ 101.267, 16.969 ], [ 101.276, 16.959 ], [ 101.271, 16.943 ], [ 101.282, 16.937 ], [ 101.288, 16.921 ], [ 101.275, 16.911 ], [ 101.258, 16.864 ], [ 101.263, 16.856 ], [ 101.255, 16.844 ], [ 101.254, 16.808 ], [ 101.246, 16.8 ], [ 101.25, 16.754 ], [ 101.242, 16.729 ], [ 101.219, 16.738 ], [ 101.207, 16.733 ], [ 101.169, 16.75 ], [ 101.14, 16.75 ], [ 101.115, 16.734 ], [ 101.102, 16.733 ], [ 101.073, 16.754 ], [ 101.054, 16.754 ], [ 101.049, 16.778 ], [ 101.042, 16.78 ], [ 101.034, 16.807 ], [ 101.048, 16.825 ], [ 101.054, 16.825 ], [ 101.059, 16.886 ], [ 101.087, 16.897 ], [ 101.088, 16.912 ], [ 101.124, 16.93 ], [ 101.138, 17.096 ], [ 101.151, 17.128 ], [ 101.129, 17.211 ], [ 101.148, 17.229 ], [ 101.169, 17.237 ], [ 101.2, 17.233 ] ] ] } },
{ "type": "Feature", "properties": { "hybas_id": 4071090460, "next_down": 4071100690, "main_bas": 4070018280, "sub_area": 1113.7, "up_area": 1113.7, "th_share": 1.0 }, "geometry": { "type": "Polygon", "coordinates": [ [ [ 99.909, 17.21 ], [ 99.896, 17.223 ], [ 99.9, 17.227 ], [ 99.895, 17.252 ], [ 99.884, 17.268 ], [ 99.875, 17.302 ], [ 99.891, 17.318 ], [ 99.887, 17.34 ], [ 99.849, 17.387 ], [ 99.863, 17.4 ], [ 99.863, 17.454 ], [ 99.907, 17.459 ], [ 99.92, 17.481 ], [ 99.921, 17.495 ], [ 99.937, 17.509 ], [ 99.952, 17.508 ], [ 99.978, 17.495 ], [ 100.001, 17.463 ], [ 99.995, 17.413 ], [ 100.009, 17.385 ], [ 100.005, 17.348 ], [ 100.017, 17.326 ], [ 100.012, 17.309 ], [ 100.02, 17.294 ], [ 100.008, 17.263 ], [ 100.021, 17.254 ], [ 100.013, 17.219 ], [ 100.017, 17.194 ], [ 100.042, 17.156 ], [ 100.074, 17.123 ], [ 100.084, 17.093 ], [ 100.099, 17.087 ], [ 100.114, 17.067 ], [ 100.129, 17.063 ], [ 100.126, 17.044 ], [ 100.134, 17.022 ], [ 100.141, 17.02 ], [ 100.142, 17.013 ], [ 100.153, 17.012 ], [ 100.166, 16.99 ], [ 100.171, 16.972 ], [ 100.166, 16.951 ], [ 100.175, 16.935 ], [ 100.172, 16.922 ], [ 100.184, 16.916 ], [ 100.18, 16.894 ], [ 100.192, 16.875 ], [ 100.191, 16.863 ], [ 100.158, 16.867 ], [ 100.147, 16.862 ], [ 100.137, 16.831 ], [ 100.117, 16.817 ], [ 100.116, 16.832 ], [ 100.107, 16.845 ], [ 100.099, 16.837 ], [ 100.093, 16.842 ], [ 100.071, 16.838 ], [ 100.063, 16.842 ], [ 100.067, 16.851 ], [ 100.049, 16.906 ], [ 100.045, 16.912 ], [ 100.023, 16.913 ], [ 100.006, 16.929 ], [ 99.989, 16.934 ], [ 99.95, 16.985 ], [ 99.955, 16.992 ], [ 99.937, 17.03 ], [ 99.946, 17.051 ], [ 99.929, 17.063 ], [ 99.934, 17.118 ], [ 99.913, 17.138 ], [ 99.905, 17.168 ], [ 99.909, 17.21 ] ] ] } },
{ "type": "Feature", "properties": { "hybas_id": 4071090400, "next_down": 4071100690, "main_bas": 4070018280, "sub_area": 3387.2, "up_area": 18651.1, "th_share": 1.0 }, "geometry": { "type": "Polygon", "coordinates": [ [ [ 99.642, 16.567 ], [ 99.602, 16.567 ], [ 99.584, 16.58 ], [ 99.578, 16.595 ], [ 99.538, 16.622 ], [ 99.537, 16.632 ], [ 99.5, 16.658 ], [ 99.488, 16.692 ], [ 99.492, 16.72 ], [ 99.504, 16.721 ], [ 99.504, 16.727 ], [ 99.488, 16.763 ], [ 99.505, 16.816 ], [ 99.529, 16.817 ], [ 99.534, 16.83 ], [ 99.528, 16.841 ], [ 99.502, 16.842 ], [ 99.486, 16.862 ], [ 99.448, 16.879 ], [ 99.427, 16.875 ], [ 99.413, 16.896 ], [ 99.384, 16.905 ], [ 99.383, 16.916 ], [ 99.355, 16.934 ], [ 99.351, 16.944 ], [ 99.345, 16.991 ], [ 99.333, 16.996 ], [ 99.321, 17.027 ], [ 99.32, 17.074 ], [ 99.33, 17.08 ], [ 99.321, 17.089 ], [ 99.325, 17.138 ], [ 99.317, 17.143 ], [ 99.312, 17.201 ], [ 99.321, 17.213 ], [ 99.316, 17.23 ], [ 99.321, 17.259 ], [ 99.316, 17.27 ], [ 99.304, 17.271 ], [ 99.296, 17.291 ], [ 99.323, 17.3 ], [ 99.343, 17.32 ], [ 99.353, 17.32 ], [ 99.37, 17.303 ], [ 99.371, 17.285 ], [ 99.391, 17.265 ], [ 99.392, 17.255 ], [ 99.404, 17.253 ], [ 99.412, 17.244 ], [ 99.418, 17.226 ], [ 99.437, 17.234 ], [ 99.442, 17.253 ], [ 99.482, 17.263 ], [ 99.494, 17.258 ], [ 99.511, 17.262 ], [ 99.533, 17.244 ], [ 99.538, 17.23 ], [ 99.533, 17.222 ], [ 99.559, 17.175 ], [ 99.566, 17.18 ], [ 99.587, 17.17 ], [ 99.588, 17.163 ], [ 99.62, 17.145 ], [ 99.652, 17.146 ], [ 99.678, 17.155 ], [ 99.687, 17.149 ], [ 99.744, 17.154 ], [ 99.754, 17.15 ], [ 99.763, 17.138 ], [ 99.804, 17.125 ], [ 99.82, 17.13 ], [ 99.825, 17.142 ], [ 99.833, 17.141 ], [ 99.834, 17.13 ], [ 99.873, 17.125 ], [ 99.891, 17.134 ], [ 99.897, 17.149 ], [ 99.908, 17.158 ], [ 99.913, 17.138 ], [ 99.934, 17.118 ], [ 99.929, 17.063 ], [ 99.946, 17.051 ], [ 99.938, 17.019 ], [ 99.955, 16.992 ], [ 99.95, 16.985 ], [ 99.955, 16.977 ], [ 99.983, 16.949 ], [ 99.989, 16.934 ], [ 100.006, 16.929 ], [ 100.023, 16.913 ], [ 100.045, 16.912 ], [ 100.049, 16.906 ], [ 100.066, 16.847 ], [ 100.003, 16.837 ], [ 99.974, 16.842 ], [ 99.968, 16.837 ], [ 99.952, 16.85 ], [ 99.946, 16.845 ], [ 99.945, 16.822 ], [ 99.938, 16.82 ], [ 99.926, 16.798 ], [ 99.924, 16.784 ], [ 99.851, 16.779 ], [ 99.842, 16.769 ], [ 99.846, 16.763 ], [ 99.841, 16.747 ], [ 99.832, 16.738 ], [ 99.798, 16.729 ], [ 99.777, 16.701 ], [ 99.756, 16.699 ], [ 99.722, 16.679 ], [ 99.705, 16.691 ], [ 99.695, 16.663 ], [ 99.669, 16.642 ], [ 99.658, 16.641 ], [ 99.662, 16.598 ], [ 99.642, 16.567 ] ] ] } },
{ "type": "Feature", "properties": { "hybas_id": 4071089850, "next_down": 4071102660, "main_bas": 4070018280, "sub_area": 5318.8, "up_area": 5318.8, "th_share": 1.0 }, "geometry": { "type": "Polygon", "coordinates": [ [ [ 100.792, 17.608 ], [ 100.805, 17.637 ], [ 100.841, 17.647 ], [ 100.875, 17.713 ], [ 100.91, 17.696 ], [ 100.923, 17.7 ], [ 100.966, 17.677 ], [ 100.962, 17.655 ], [ 100.917, 17.62 ], [ 100.905, 17.606 ], [ 100.904, 17.593 ], [ 100.884, 17.587 ], [ 100.871, 17.573 ], [ 100.862, 17.551 ], [ 100.863, 17.543 ], [ 100.876, 17.534 ], [ 100.874, 17.522 ], [ 100.842, 17.498 ], [ 100.845, 17.494 ], [ 100.834, 17.481 ], [ 100.833, 17.467 ], [ 100.861, 17.45 ], [ 100.877, 17.45 ], [ 100.896, 17.463 ], [ 100.92, 17.452 ], [ 100.917, 17.439 ], [ 100.925, 17.423 ], [ 100.92, 17.418 ], [ 100.925, 17.373 ], [ 100.913, 17.333 ], [ 100.944, 17.342 ], [ 100.965, 17.338 ], [ 100.988, 17.35 ], [ 101.003, 17.337 ], [ 101.022, 17.297 ], [ 101.056, 17.284 ], [ 101.083, 17.283 ], [ 101.079, 17.276 ], [ 101.091, 17.27 ], [ 101.092, 17.255 ], [ 101.112, 17.24 ], [ 101.108, 17.234 ], [ 101.112, 17.185 ], [ 101.101, 17.174 ], [ 101.099, 17.163 ], [ 101.079, 17.163 ], [ 101.083, 17.131 ], [ 101.071, 17.119 ], [ 101.066, 17.085 ], [ 101.054, 17.073 ], [ 101.067, 17.046 ], [ 101.047, 17.032 ], [ 101.041, 17.013 ], [ 101.033, 17.013 ], [ 101.034, 16.988 ], [ 101.051, 16.976 ], [ 101.045, 16.955 ], [ 101.033, 16.946 ], [ 101.046, 16.929 ], [ 101.041, 16.917 ], [ 101.022, 16.908 ], [ 101.02, 16.892 ], [ 101.013, 16.887 ], [ 100.98, 16.891 ], [ 100.978, 16.876 ], [ 100.967, 16.874 ], [ 100.971, 16.861 ], [ 100.966, 16.85 ], [ 100.951, 16.845 ], [ 100.938, 16.825 ], [ 100.923, 16.826 ], [ 100.876, 16.842 ], [ 100.87, 16.857 ], [ 100.858, 16.864 ], [ 100.863, 16.871 ], [ 100.853, 16.887 ], [ 100.826, 16.875 ], [ 100.824, 16.89 ], [ 100.817, 16.899 ], [ 100.801, 16.908 ], [ 100.787, 16.933 ], [ 100.772, 16.934 ], [ 100.761, 16.949 ], [ 100.733, 16.945 ], [ 100.715, 16.954 ], [ 100.687, 16.949 ], [ 100.675, 16.954 ], [ 100.666, 16.983 ], [ 100.651, 16.988 ], [ 100.645, 17.007 ], [ 100.612, 17.045 ], [ 100.6, 17.05 ], [ 100.583, 17.005 ], [ 100.587, 16.98 ], [ 100.575, 16.978 ], [ 100.579, 16.973 ], [ 100.566, 16.934 ], [ 100.567, 16.918 ], [ 100.574, 16.916 ], [ 100.588, 16.883 ], [ 100.557, 16.896 ], [ 100.529, 16.879 ], [ 100.507, 16.895 ], [ 100.488, 16.896 ], [ 100.499, 16.919 ], [ 100.501, 16.947 ], [ 100.492, 16.956 ], [ 100.488, 16.983 ], [ 100.452, 16.971 ], [ 100.442, 16.975 ], [ 100.421, 16.963 ], [ 100.403, 16.987 ], [ 100.389, 16.988 ], [ 100.383, 16.976 ], [ 100.354, 16.967 ], [ 100.344, 16.955 ], [ 100.326, 16.949 ], [ 100.32, 16.938 ], [ 100.284, 16.929 ], [ 100.254, 16.938 ], [ 100.243, 16.933 ], [ 100.237, 16.926 ], [ 100.242, 16.9 ], [ 100.229, 16.896 ], [ 100.221, 16.91 ], [ 100.224, 16.931 ], [ 100.216, 16.945 ], [ 100.225, 16.958 ], [ 100.22, 16.985 ], [ 100.211, 16.999 ], [ 100.201, 17.001 ], [ 100.199, 17.009 ], [ 100.208, 17.019 ], [ 100.209, 17.041 ], [ 100.188, 17.047 ], [ 100.183, 17.081 ], [ 100.171, 17.088 ], [ 100.171, 17.104 ], [ 100.142, 17.127 ], [ 100.124, 17.166 ], [ 100.109, 17.172 ], [ 100.104, 17.197 ], [ 100.112, 17.206 ], [ 100.108, 17.217 ], [ 100.113, 17.227 ], [ 100.133, 17.243 ], [ 100.134, 17.257 ], [ 100.145, 17.268 ], [ 100.146, 17.277 ], [ 100.158, 17.283 ], [ 100.167, 17.306 ], [ 100.191, 17.331 ], [ 100.192, 17.342 ], [ 100.199, 17.342 ], [ 100.201, 17.361 ], [ 100.236, 17.384 ], [ 100.254, 17.404 ], [ 100.278, 17.395 ], [ 100.295, 17.365 ], [ 100.296, 17.343 ], [ 100.302, 17.338 ], [ 100.317, 17.338 ], [ 100.317, 17.361 ], [ 100.326, 17.371 ], [ 100.338, 17.362 ], [ 100.383, 17.375 ], [ 100.403, 17.374 ], [ 100.405, 17.333 ], [ 100.416, 17.342 ], [ 100.429, 17.333 ], [ 100.447, 17.359 ], [ 100.466, 17.358 ], [ 100.472, 17.345 ], [ 100.487, 17.351 ], [ 100.488, 17.358 ], [ 100.511, 17.359 ], [ 100.531, 17.387 ], [ 100.548, 17.387 ], [ 100.577, 17.367 ], [ 100.592, 17.375 ], [ 100.605, 17.394 ], [ 100.6, 17.427 ], [ 100.613, 17.461 ], [ 100.635, 17.471 ], [ 100.662, 17.459 ], [ 100.658, 17.492 ], [ 100.687, 17.509 ], [ 100.698, 17.524 ], [ 100.745, 17.538 ], [ 100.746, 17.552 ], [ 100.774, 17.58 ], [ 100.776, 17.598 ], [ 100.792, 17.608 ] ] ] } },
{ "type": "Feature", "properties": { "hybas_id": 4071089840, "next_down": 4071102660, "main_bas": 4070018280, "sub_area": 672.3, "up_area": 20026.7, "th_share": 1.0 }, "geometry": { "type": "Polygon", "coordinates": [ [ [ 100.171, 17.088 ], [ 100.183, 17.081 ], [ 100.188, 17.047 ], [ 100.209, 17.041 ], [ 100.201, 17.001 ], [ 100.211, 16.999 ], [ 100.224, 16.965 ], [ 100.216, 16.945 ], [ 100.224, 16.931 ], [ 100.221, 16.91 ], [ 100.229, 16.896 ], [ 100.212, 16.876 ], [ 100.184, 16.88 ], [ 100.179, 16.909 ], [ 100.184, 16.916 ], [ 100.172, 16.922 ], [ 100.175, 16.935 ], [ 100.166, 16.951 ], [ 100.171, 16.972 ], [ 100.166, 16.99 ], [ 100.153, 17.012 ], [ 100.142, 17.013 ], [ 100.141, 17.02 ], [ 100.134, 17.022 ], [ 100.126, 17.044 ], [ 100.129, 17.063 ], [ 100.114, 17.067 ], [ 100.099, 17.087 ], [ 100.084, 17.093 ], [ 100.074, 17.123 ], [ 100.042, 17.156 ], [ 100.013, 17.206 ], [ 100.021, 17.254 ], [ 100.008, 17.263 ], [ 100.02, 17.294 ], [ 100.012, 17.309 ], [ 100.017, 17.326 ], [ 100.005, 17.348 ], [ 100.009, 17.385 ], [ 100.004, 17.396 ], [ 100.032, 17.4 ], [ 100.056, 17.429 ], [ 100.09, 17.446 ], [ 100.123, 17.437 ], [ 100.138, 17.446 ], [ 100.149, 17.424 ], [ 100.165, 17.429 ], [ 100.177, 17.417 ], [ 100.195, 17.42 ], [ 100.229, 17.383 ], [ 100.201, 17.361 ], [ 100.199, 17.342 ], [ 100.192, 17.342 ], [ 100.191, 17.331 ], [ 100.167, 17.306 ], [ 100.158, 17.283 ], [ 100.146, 17.277 ], [ 100.145, 17.268 ], [ 100.134, 17.257 ], [ 100.133, 17.243 ], [ 100.113, 17.227 ], [ 100.108, 17.217 ], [ 100.112, 17.206 ], [ 100.104, 17.197 ], [ 100.109, 17.172 ], [ 100.124, 17.166 ], [ 100.142, 17.127 ], [ 100.171, 17.104 ], [ 100.171, 17.088 ] ] ] } },
{ "type": "Feature", "properties": { "hybas_id": 4071087130, "next_down": 4071104190, "main_bas": 4070018280, "sub_area": 10778.4, "up_area": 10778.6, "th_share": 1.0 }, "geometry": { "type": "Polygon", "coordinates": [ [ [ 99.758, 19.138 ], [ 99.763, 19.085 ], [ 99.775, 19.058 ], [ 99.767, 19.058 ], [ 99.766, 19.047 ], [ 99.755, 19.041 ], [ 99.754, 19.028 ], [ 99.762, 19.019 ], [ 99.754, 19.008 ], [ 99.759, 18.979 ], [ 99.754, 18.962 ], [ 99.774, 18.935 ], [ 99.767, 18.925 ], [ 99.772, 18.913 ], [ 99.787, 18.902 ], [ 99.793, 18.884 ], [ 99.8, 18.883 ], [ 99.795, 18.873 ], [ 99.805, 18.852 ], [ 99.8, 18.81 ], [ 99.791, 18.798 ], [ 99.796, 18.758 ], [ 99.78, 18.74 ], [ 99.775, 18.704 ], [ 99.79, 18.704 ], [ 99.812, 18.682 ], [ 99.825, 18.658 ], [ 99.796, 18.563 ], [ 99.82, 18.548 ], [ 99.825, 18.535 ], [ 99.816, 18.522 ], [ 99.817, 18.501 ], [ 99.829, 18.494 ], [ 99.833, 18.479 ], [ 99.866, 18.488 ], [ 99.876, 18.505 ], [ 99.892, 18.5 ], [ 99.897, 18.476 ], [ 99.904, 18.474 ], [ 99.909, 18.455 ], [ 99.905, 18.444 ], [ 99.92, 18.428 ], [ 99.921, 18.405 ], [ 99.929, 18.403 ], [ 99.929, 18.392 ], [ 99.954, 18.375 ], [ 99.95, 18.354 ], [ 99.944, 18.358 ], [ 99.938, 18.352 ], [ 99.937, 18.335 ], [ 99.917, 18.307 ], [ 99.913, 18.283 ], [ 99.9, 18.275 ], [ 99.894, 18.283 ], [ 99.855, 18.283 ], [ 99.849, 18.26 ], [ 99.832, 18.237 ], [ 99.821, 18.241 ], [ 99.801, 18.219 ], [ 99.799, 18.201 ], [ 99.788, 18.196 ], [ 99.77, 18.16 ], [ 99.754, 18.146 ], [ 99.753, 18.121 ], [ 99.738, 18.112 ], [ 99.728, 18.084 ], [ 99.711, 18.071 ], [ 99.692, 18.071 ], [ 99.677, 18.042 ], [ 99.66, 18.038 ], [ 99.647, 18.063 ], [ 99.631, 18.062 ], [ 99.609, 18.049 ], [ 99.602, 18.038 ], [ 99.592, 18.038 ], [ 99.596, 18.018 ], [ 99.592, 18.008 ], [ 99.563, 17.988 ], [ 99.552, 17.971 ], [ 99.522, 17.958 ], [ 99.494, 17.925 ], [ 99.483, 17.925 ], [ 99.483, 17.91 ], [ 99.467, 17.883 ], [ 99.451, 17.878 ], [ 99.417, 17.844 ], [ 99.412, 17.83 ], [ 99.396, 17.819 ], [ 99.382, 17.788 ], [ 99.368, 17.778 ], [ 99.38, 17.76 ], [ 99.375, 17.71 ], [ 99.391, 17.692 ], [ 99.341, 17.643 ], [ 99.322, 17.641 ], [ 99.32, 17.631 ], [ 99.292, 17.6 ], [ 99.279, 17.568 ], [ 99.246, 17.542 ], [ 99.237, 17.497 ], [ 99.238, 17.488 ], [ 99.255, 17.482 ], [ 99.241, 17.451 ], [ 99.251, 17.43 ], [ 99.262, 17.424 ], [ 99.271, 17.397 ], [ 99.267, 17.344 ], [ 99.3, 17.296 ], [ 99.296, 17.291 ], [ 99.304, 17.277 ], [ 99.308, 17.238 ], [ 99.263, 17.224 ], [ 99.228, 17.171 ], [ 99.2, 17.145 ], [ 99.204, 17.14 ], [ 99.199, 17.13 ], [ 99.184, 17.119 ], [ 99.173, 17.092 ], [ 99.145, 17.129 ], [ 99.129, 17.129 ], [ 99.128, 17.122 ], [ 99.1, 17.112 ], [ 99.085, 17.113 ], [ 99.075, 17.118 ], [ 99.079, 17.133 ], [ 99.1, 17.148 ], [ 99.095, 17.18 ], [ 99.1, 17.194 ], [ 99.095, 17.203 ], [ 99.08, 17.209 ], [ 99.032, 17.275 ], [ 99.021, 17.279 ], [ 99.006, 17.275 ], [ 98.99, 17.3 ], [ 98.975, 17.304 ], [ 98.967, 17.335 ], [ 98.971, 17.364 ], [ 98.954, 17.387 ], [ 98.942, 17.388 ], [ 98.941, 17.404 ], [ 98.954, 17.435 ], [ 98.955, 17.457 ], [ 98.938, 17.459 ], [ 98.92, 17.532 ], [ 98.908, 17.538 ], [ 98.904, 17.554 ], [ 98.913, 17.587 ], [ 98.885, 17.592 ], [ 98.87, 17.604 ], [ 98.879, 17.608 ], [ 98.896, 17.65 ], [ 98.937, 17.641 ], [ 98.945, 17.646 ], [ 98.958, 17.641 ], [ 98.973, 17.645 ], [ 99.003, 17.637 ], [ 99.023, 17.617 ], [ 99.045, 17.613 ], [ 99.058, 17.626 ], [ 99.063, 17.642 ], [ 99.058, 17.648 ], [ 99.063, 17.658 ], [ 99.058, 17.659 ], [ 99.067, 17.698 ], [ 99.083, 17.714 ], [ 99.088, 17.745 ], [ 99.103, 17.746 ], [ 99.109, 17.77 ], [ 99.117, 17.775 ], [ 99.112, 17.794 ], [ 99.096, 17.808 ], [ 99.119, 17.82 ], [ 99.166, 17.816 ], [ 99.167, 17.826 ], [ 99.158, 17.842 ], [ 99.184, 17.855 ], [ 99.179, 17.867 ], [ 99.158, 17.879 ], [ 99.141, 17.907 ], [ 99.113, 17.917 ], [ 99.112, 17.945 ], [ 99.096, 17.951 ], [ 99.1, 18.007 ], [ 99.092, 18.009 ], [ 99.091, 18.023 ], [ 99.071, 18.056 ], [ 99.075, 18.09 ], [ 99.067, 18.098 ], [ 99.062, 18.14 ], [ 99.05, 18.156 ], [ 99.053, 18.183 ], [ 99.046, 18.183 ], [ 99.046, 18.192 ], [ 99.034, 18.202 ], [ 99.017, 18.252 ], [ 99.035, 18.266 ], [ 99.087, 18.28 ], [ 99.107, 18.267 ], [ 99.125, 18.292 ], [ 99.122, 18.312 ], [ 99.138, 18.308 ], [ 99.153, 18.313 ], [ 99.17, 18.352 ], [ 99.167, 18.378 ], [ 99.188, 18.383 ], [ 99.196, 18.417 ], [ 99.233, 18.443 ], [ 99.25, 18.486 ], [ 99.269, 18.496 ], [ 99.307, 18.492 ], [ 99.32, 18.502 ], [ 99.317, 18.533 ], [ 99.329, 18.546 ], [ 99.33, 18.573 ], [ 99.354, 18.583 ], [ 99.362, 18.61 ], [ 99.349, 18.633 ], [ 99.329, 18.633 ], [ 99.334, 18.653 ], [ 99.346, 18.658 ], [ 99.334, 18.673 ], [ 99.338, 18.707 ], [ 99.371, 18.754 ], [ 99.366, 18.777 ], [ 99.37, 18.794 ], [ 99.358, 18.804 ], [ 99.359, 18.844 ], [ 99.363, 18.854 ], [ 99.388, 18.867 ], [ 99.388, 18.875 ], [ 99.395, 18.881 ], [ 99.383, 18.906 ], [ 99.388, 18.914 ], [ 99.379, 18.923 ], [ 99.388, 18.935 ], [ 99.387, 18.948 ], [ 99.374, 18.978 ], [ 99.385, 18.991 ], [ 99.433, 19.008 ], [ 99.442, 19.017 ], [ 99.442, 19.028 ], [ 99.467, 19.039 ], [ 99.48, 19.07 ], [ 99.494, 19.079 ], [ 99.527, 19.08 ], [ 99.537, 19.089 ], [ 99.542, 19.117 ], [ 99.537, 19.131 ], [ 99.546, 19.148 ], [ 99.533, 19.184 ], [ 99.541, 19.194 ], [ 99.537, 19.209 ], [ 99.546, 19.252 ], [ 99.557, 19.259 ], [ 99.579, 19.294 ], [ 99.574, 19.309 ], [ 99.58, 19.317 ], [ 99.574, 19.326 ], [ 99.584, 19.34 ], [ 99.576, 19.343 ], [ 99.579, 19.369 ], [ 99.562, 19.414 ], [ 99.567, 19.436 ], [ 99.583, 19.46 ], [ 99.584, 19.477 ], [ 99.601, 19.499 ], [ 99.645, 19.487 ], [ 99.651, 19.463 ], [ 99.679, 19.458 ], [ 99.692, 19.356 ], [ 99.704, 19.34 ], [ 99.696, 19.308 ], [ 99.704, 19.282 ], [ 99.705, 19.243 ], [ 99.729, 19.186 ], [ 99.729, 19.167 ], [ 99.741, 19.156 ], [ 99.742, 19.143 ], [ 99.758, 19.138 ] ] ] } },
{ "type": "Feature", "properties": { "hybas_id": 4071087050, "next_down": 4071104190, "main_bas": 4070018280, "sub_area": 1006.6, "up_area": 26372.3, "th_share": 1.0 }, "geometry": { "type": "Polygon", "coordinates": [ [ [ 98.729, 17.358 ], [ 98.716, 17.403 ], [ 98.692, 17.418 ], [ 98.692, 17.429 ], [ 98.704, 17.44 ], [ 98.699, 17.447 ], [ 98.716, 17.455 ], [ 98.722, 17.466 ], [ 98.753, 17.475 ], [ 98.763, 17.496 ], [ 98.811, 17.505 ], [ 98.827, 17.517 ], [ 98.832, 17.512 ], [ 98.856, 17.516 ], [ 98.876, 17.508 ], [ 98.897, 17.533 ], [ 98.908, 17.538 ], [ 98.92, 17.532 ], [ 98.938, 17.459 ], [ 98.955, 17.457 ], [ 98.954, 17.435 ], [ 98.941, 17.404 ], [ 98.942, 17.388 ], [ 98.954, 17.387 ], [ 98.971, 17.364 ], [ 98.967, 17.335 ], [ 98.975, 17.304 ], [ 98.99, 17.3 ], [ 99.006, 17.275 ], [ 99.021, 17.279 ], [ 99.032, 17.275 ], [ 99.08, 17.209 ], [ 99.095, 17.203 ], [ 99.1, 17.148 ], [ 99.079, 17.133 ], [ 99.056, 17.138 ], [ 99.027, 17.162 ], [ 99.007, 17.154 ], [ 98.981, 17.166 ], [ 98.971, 17.163 ], [ 98.965, 17.15 ], [ 98.941, 17.155 ], [ 98.924, 17.149 ], [ 98.912, 17.166 ], [ 98.903, 17.167 ], [ 98.884, 17.158 ], [ 98.882, 17.166 ], [ 98.874, 17.167 ], [ 98.846, 17.15 ], [ 98.834, 17.155 ], [ 98.804, 17.192 ], [ 98.795, 17.232 ], [ 98.784, 17.238 ], [ 98.779, 17.286 ], [ 98.759, 17.306 ], [ 98.763, 17.335 ], [ 98.758, 17.352 ], [ 98.744, 17.362 ], [ 98.729, 17.358 ] ] ] } },
{ "type": "Feature", "properties": { "hybas_id": 4071087010, "next_down": 4071090400, "main_bas": 4070018280, "sub_area": 1761.5, "up_area": 1761.6, "th_share": 1.0 }, "geometry": { "type": "Polygon", "coordinates": [ [ [ 99.425, 17.613 ], [ 99.416, 17.584 ], [ 99.433, 17.565 ], [ 99.438, 17.529 ], [ 99.421, 17.517 ], [ 99.416, 17.48 ], [ 99.421, 17.442 ], [ 99.442, 17.429 ], [ 99.451, 17.442 ], [ 99.469, 17.438 ], [ 99.482, 17.442 ], [ 99.488, 17.458 ], [ 99.517, 17.458 ], [ 99.542, 17.438 ], [ 99.557, 17.459 ], [ 99.578, 17.454 ], [ 99.585, 17.441 ], [ 99.594, 17.445 ], [ 99.612, 17.437 ], [ 99.613, 17.43 ], [ 99.641, 17.424 ], [ 99.653, 17.399 ], [ 99.706, 17.412 ], [ 99.712, 17.408 ], [ 99.727, 17.412 ], [ 99.741, 17.403 ], [ 99.75, 17.385 ], [ 99.746, 17.358 ], [ 99.775, 17.336 ], [ 99.775, 17.319 ], [ 99.788, 17.307 ], [ 99.771, 17.231 ], [ 99.786, 17.216 ], [ 99.794, 17.221 ], [ 99.816, 17.212 ], [ 99.825, 17.197 ], [ 99.813, 17.191 ], [ 99.809, 17.173 ], [ 99.808, 17.163 ], [ 99.825, 17.142 ], [ 99.82, 17.13 ], [ 99.804, 17.125 ], [ 99.785, 17.13 ], [ 99.763, 17.138 ], [ 99.754, 17.15 ], [ 99.744, 17.154 ], [ 99.687, 17.149 ], [ 99.678, 17.155 ], [ 99.652, 17.146 ], [ 99.62, 17.145 ], [ 99.588, 17.163 ], [ 99.587, 17.17 ], [ 99.566, 17.18 ], [ 99.559, 17.175 ], [ 99.533, 17.222 ], [ 99.538, 17.23 ], [ 99.533, 17.244 ], [ 99.511, 17.262 ], [ 99.494, 17.258 ], [ 99.482, 17.263 ], [ 99.442, 17.253 ], [ 99.437, 17.234 ], [ 99.421, 17.225 ], [ 99.404, 17.253 ], [ 99.392, 17.255 ], [ 99.391, 17.265 ], [ 99.371, 17.285 ], [ 99.37, 17.303 ], [ 99.353, 17.32 ], [ 99.343, 17.32 ], [ 99.323, 17.3 ], [ 99.297, 17.297 ], [ 99.291, 17.315 ], [ 99.267, 17.344 ], [ 99.271, 17.397 ], [ 99.262, 17.424 ], [ 99.251, 17.43 ], [ 99.241, 17.451 ], [ 99.255, 17.482 ], [ 99.238, 17.488 ], [ 99.237, 17.497 ], [ 99.246, 17.542 ], [ 99.279, 17.568 ], [ 99.292, 17.6 ], [ 99.32, 17.631 ], [ 99.322, 17.641 ], [ 99.341, 17.643 ], [ 99.392, 17.696 ], [ 99.412, 17.696 ], [ 99.42, 17.709 ], [ 99.437, 17.704 ], [ 99.454, 17.709 ], [ 99.459, 17.724 ], [ 99.471, 17.733 ], [ 99.479, 17.728 ], [ 99.47, 17.709 ], [ 99.476, 17.697 ], [ 99.471, 17.667 ], [ 99.451, 17.662 ], [ 99.445, 17.641 ], [ 99.451, 17.633 ], [ 99.442, 17.608 ], [ 99.425, 17.613 ] ] ] } },
{ "type": "Feature", "properties": { "hybas_id": 4071086920, "next_down": 4071090400, "main_bas": 4070018280, "sub_area": 8111.9, "up_area": 13502.0, "th_share": 1.0 }, "geometry": { "type": "Polygon", "coordinates": [ [ [ 99.808, 17.463 ], [ 99.832, 17.462 ], [ 99.844, 17.45 ], [ 99.863, 17.454 ], [ 99.863, 17.4 ], [ 99.849, 17.387 ], [ 99.866, 17.37 ], [ 99.868, 17.359 ], [ 99.882, 17.349 ], [ 99.892, 17.321 ], [ 99.875, 17.302 ], [ 99.884, 17.268 ], [ 99.895, 17.252 ], [ 99.9, 17.227 ], [ 99.896, 17.223 ], [ 99.909, 17.21 ], [ 99.904, 17.181 ], [ 99.908, 17.158 ], [ 99.897, 17.149 ], [ 99.891, 17.134 ], [ 99.873, 17.125 ], [ 99.834, 17.13 ], [ 99.833, 17.141 ], [ 99.822, 17.143 ], [ 99.82, 17.152 ], [ 99.808, 17.163 ], [ 99.809, 17.173 ], [ 99.813, 17.191 ], [ 99.825, 17.197 ], [ 99.816, 17.212 ], [ 99.794, 17.221 ], [ 99.786, 17.216 ], [ 99.771, 17.231 ], [ 99.788, 17.307 ], [ 99.775, 17.319 ], [ 99.775, 17.336 ], [ 99.746, 17.358 ], [ 99.75, 17.385 ], [ 99.741, 17.403 ], [ 99.727, 17.412 ], [ 99.712, 17.408 ], [ 99.706, 17.412 ], [ 99.653, 17.399 ], [ 99.641, 17.424 ], [ 99.613, 17.43 ], [ 99.612, 17.437 ], [ 99.594, 17.445 ], [ 99.585, 17.441 ], [ 99.578, 17.454 ], [ 99.557, 17.459 ], [ 99.542, 17.438 ], [ 99.517, 17.458 ], [ 99.488, 17.458 ], [ 99.482, 17.442 ], [ 99.469, 17.438 ], [ 99.451, 17.442 ], [ 99.442, 17.429 ], [ 99.421, 17.442 ], [ 99.416, 17.48 ], [ 99.421, 17.517 ], [ 99.438, 17.529 ], [ 99.433, 17.565 ], [ 99.416, 17.584 ], [ 99.425, 17.613 ], [ 99.442, 17.608 ], [ 99.445, 17.615 ], [ 99.451, 17.662 ], [ 99.471, 17.667 ], [ 99.476, 17.697 ], [ 99.47, 17.709 ], [ 99.479, 17.728 ], [ 99.469, 17.733 ], [ 99.454, 17.709 ], [ 99.444, 17.705 ], [ 99.42, 17.709 ], [ 99.412, 17.696 ], [ 99.389, 17.696 ], [ 99.375, 17.71 ], [ 99.38, 17.76 ], [ 99.368, 17.778 ], [ 99.382, 17.788 ], [ 99.396, 17.819 ], [ 99.412, 17.83 ], [ 99.417, 17.844 ], [ 99.451, 17.878 ], [ 99.467, 17.883 ], [ 99.483, 17.91 ], [ 99.483, 17.925 ], [ 99.494, 17.925 ], [ 99.522, 17.958 ], [ 99.552, 17.971 ], [ 99.563, 17.988 ], [ 99.592, 18.008 ], [ 99.596, 18.018 ], [ 99.592, 18.038 ], [ 99.602, 18.038 ], [ 99.609, 18.049 ], [ 99.631, 18.062 ], [ 99.647, 18.063 ], [ 99.66, 18.038 ], [ 99.677, 18.042 ], [ 99.692, 18.071 ], [ 99.711, 18.071 ], [ 99.728, 18.084 ], [ 99.738, 18.112 ], [ 99.753, 18.121 ], [ 99.754, 18.146 ], [ 99.77, 18.16 ], [ 99.788, 18.196 ], [ 99.799, 18.201 ], [ 99.801, 18.219 ], [ 99.821, 18.241 ], [ 99.832, 18.237 ], [ 99.849, 18.26 ], [ 99.855, 18.283 ], [ 99.894, 18.283 ], [ 99.9, 18.275 ], [ 99.913, 18.283 ], [ 99.917, 18.307 ], [ 99.937, 18.335 ], [ 99.938, 18.352 ], [ 99.944, 18.358 ], [ 99.95, 18.354 ], [ 99.955, 18.382 ], [ 99.972, 18.395 ], [ 99.987, 18.396 ], [ 99.988, 18.404 ], [ 100.0, 18.404 ], [ 100.013, 18.445 ], [ 100.025, 18.45 ], [ 100.025, 18.471 ], [ 100.032, 18.471 ], [ 100.045, 18.489 ], [ 100.055, 18.52 ], [ 100.049, 18.533 ], [ 100.055, 18.557 ], [ 100.107, 18.567 ], [ 100.113, 18.587 ], [ 100.139, 18.599 ], [ 100.177, 18.596 ], [ 100.191, 18.605 ], [ 100.199, 18.599 ], [ 100.227, 18.617 ], [ 100.242, 18.596 ], [ 100.282, 18.597 ], [ 100.275, 18.621 ], [ 100.308, 18.63 ], [ 100.309, 18.641 ], [ 100.386, 18.637 ], [ 100.396, 18.625 ], [ 100.388, 18.625 ], [ 100.38, 18.615 ], [ 100.374, 18.572 ], [ 100.396, 18.534 ], [ 100.388, 18.515 ], [ 100.404, 18.483 ], [ 100.432, 18.5 ], [ 100.475, 18.496 ], [ 100.48, 18.484 ], [ 100.495, 18.474 ], [ 100.541, 18.478 ], [ 100.549, 18.448 ], [ 100.538, 18.392 ], [ 100.53, 18.387 ], [ 100.518, 18.391 ], [ 100.499, 18.351 ], [ 100.484, 18.349 ], [ 100.495, 18.34 ], [ 100.483, 18.322 ], [ 100.488, 18.285 ], [ 100.496, 18.275 ], [ 100.475, 18.267 ], [ 100.459, 18.232 ], [ 100.454, 18.218 ], [ 100.458, 18.198 ], [ 100.45, 18.19 ], [ 100.445, 18.16 ], [ 100.442, 18.154 ], [ 100.415, 18.159 ], [ 100.391, 18.127 ], [ 100.396, 18.085 ], [ 100.408, 18.079 ], [ 100.404, 18.073 ], [ 100.408, 18.025 ], [ 100.38, 18.016 ], [ 100.366, 17.993 ], [ 100.35, 17.983 ], [ 100.327, 17.984 ], [ 100.317, 17.992 ], [ 100.316, 17.98 ], [ 100.28, 17.966 ], [ 100.279, 17.958 ], [ 100.266, 17.954 ], [ 100.244, 17.962 ], [ 100.226, 17.949 ], [ 100.206, 17.917 ], [ 100.171, 17.892 ], [ 100.163, 17.892 ], [ 100.14, 17.859 ], [ 100.119, 17.858 ], [ 100.07, 17.841 ], [ 100.053, 17.851 ], [ 100.023, 17.841 ], [ 99.992, 17.825 ], [ 99.992, 17.808 ], [ 99.982, 17.8 ], [ 99.964, 17.8 ], [ 99.954, 17.781 ], [ 99.958, 17.775 ], [ 99.953, 17.763 ], [ 99.93, 17.758 ], [ 99.925, 17.742 ], [ 99.937, 17.732 ], [ 99.938, 17.721 ], [ 99.952, 17.72 ], [ 99.966, 17.702 ], [ 99.975, 17.66 ], [ 99.958, 17.61 ], [ 99.932, 17.592 ], [ 99.919, 17.591 ], [ 99.885, 17.608 ], [ 99.83, 17.562 ], [ 99.796, 17.513 ], [ 99.804, 17.494 ], [ 99.8, 17.477 ], [ 99.808, 17.463 ] ] ] } },
{ "type": "Feature", "properties": { "hybas_id": 4071083190, "next_down": 4071089840, "main_bas": 4070018280, "sub_area": 2114.3, "up_area": 17825.5, "th_share": 1.0 }, "geometry": { "type": "Polygon", "coordinates": [ [ [ 100.342, 17.633 ], [ 100.302, 17.624 ], [ 100.287, 17.601 ], [ 100.273, 17.604 ], [ 100.262, 17.593 ], [ 100.242, 17.588 ], [ 100.232, 17.559 ], [ 100.221, 17.552 ], [ 100.213, 17.529 ], [ 100.202, 17.529 ], [ 100.18, 17.507 ], [ 100.174, 17.48 ], [ 100.142, 17.47 ], [ 100.133, 17.442 ], [ 100.123, 17.437 ], [ 100.102, 17.445 ], [ 100.075, 17.442 ], [ 100.032, 17.4 ], [ 100.019, 17.396 ], [ 100.001, 17.397 ], [ 99.995, 17.413 ], [ 100.001, 17.426 ], [ 99.995, 17.477 ], [ 99.978, 17.495 ], [ 99.952, 17.508 ], [ 99.937, 17.509 ], [ 99.921, 17.495 ], [ 99.913, 17.463 ], [ 99.894, 17.455 ], [ 99.844, 17.45 ], [ 99.832, 17.462 ], [ 99.808, 17.463 ], [ 99.8, 17.477 ], [ 99.804, 17.494 ], [ 99.797, 17.516 ], [ 99.808, 17.523 ], [ 99.83, 17.562 ], [ 99.867, 17.588 ], [ 99.875, 17.604 ], [ 99.885, 17.608 ], [ 99.919, 17.591 ], [ 99.954, 17.604 ], [ 99.975, 17.66 ], [ 99.962, 17.711 ], [ 99.952, 17.72 ], [ 99.938, 17.721 ], [ 99.937, 17.732 ], [ 99.925, 17.738 ], [ 99.93, 17.758 ], [ 99.953, 17.763 ], [ 99.959, 17.794 ], [ 99.992, 17.808 ], [ 99.992, 17.825 ], [ 100.053, 17.851 ], [ 100.07, 17.841 ], [ 100.119, 17.858 ], [ 100.138, 17.858 ], [ 100.151, 17.838 ], [ 100.169, 17.837 ], [ 100.192, 17.817 ], [ 100.197, 17.824 ], [ 100.211, 17.825 ], [ 100.242, 17.804 ], [ 100.255, 17.833 ], [ 100.27, 17.834 ], [ 100.284, 17.862 ], [ 100.322, 17.849 ], [ 100.35, 17.875 ], [ 100.367, 17.879 ], [ 100.367, 17.858 ], [ 100.387, 17.849 ], [ 100.388, 17.838 ], [ 100.396, 17.836 ], [ 100.392, 17.81 ], [ 100.413, 17.784 ], [ 100.438, 17.796 ], [ 100.449, 17.791 ], [ 100.464, 17.771 ], [ 100.474, 17.77 ], [ 100.48, 17.759 ], [ 100.495, 17.754 ], [ 100.516, 17.759 ], [ 100.549, 17.753 ], [ 100.558, 17.692 ], [ 100.526, 17.683 ], [ 100.521, 17.663 ], [ 100.489, 17.654 ], [ 100.482, 17.642 ], [ 100.464, 17.637 ], [ 100.444, 17.609 ], [ 100.411, 17.608 ], [ 100.406, 17.612 ], [ 100.388, 17.6 ], [ 100.382, 17.616 ], [ 100.36, 17.617 ], [ 100.342, 17.633 ] ] ] } },
{ "type": "Feature", "properties": { "hybas_id": 4071083200, "next_down": 4071089840, "main_bas": 4070018280, "sub_area": 1529.1, "up_area": 1529.1, "th_share": 1.0 }, "geometry": { "type": "Polygon", "coordinates": [ [ [ 100.665, 17.638 ], [ 100.717, 17.671 ], [ 100.717, 17.66 ], [ 100.739, 17.634 ], [ 100.769, 17.625 ], [ 100.792, 17.608 ], [ 100.776, 17.598 ], [ 100.774, 17.58 ], [ 100.746, 17.552 ], [ 100.745, 17.538 ], [ 100.698, 17.524 ], [ 100.687, 17.509 ], [ 100.658, 17.492 ], [ 100.662, 17.459 ], [ 100.635, 17.471 ], [ 100.613, 17.461 ], [ 100.6, 17.427 ], [ 100.605, 17.394 ], [ 100.592, 17.375 ], [ 100.577, 17.367 ], [ 100.548, 17.387 ], [ 100.531, 17.387 ], [ 100.511, 17.359 ], [ 100.488, 17.358 ], [ 100.487, 17.351 ], [ 100.472, 17.345 ], [ 100.466, 17.358 ], [ 100.447, 17.359 ], [ 100.429, 17.333 ], [ 100.416, 17.342 ], [ 100.405, 17.333 ], [ 100.403, 17.374 ], [ 100.383, 17.375 ], [ 100.338, 17.362 ], [ 100.326, 17.371 ], [ 100.317, 17.361 ], [ 100.317, 17.338 ], [ 100.302, 17.338 ], [ 100.296, 17.343 ], [ 100.295, 17.365 ], [ 100.278, 17.395 ], [ 100.254, 17.404 ], [ 100.236, 17.384 ], [ 100.226, 17.384 ], [ 100.195, 17.42 ], [ 100.177, 17.417 ], [ 100.165, 17.429 ], [ 100.149, 17.424 ], [ 100.134, 17.452 ], [ 100.142, 17.47 ], [ 100.174, 17.48 ], [ 100.18, 17.507 ], [ 100.202, 17.529 ], [ 100.213, 17.529 ], [ 100.221, 17.552 ], [ 100.232, 17.559 ], [ 100.242, 17.588 ], [ 100.262, 17.593 ], [ 100.273, 17.604 ], [ 100.287, 17.601 ], [ 100.297, 17.62 ], [ 100.323, 17.633 ], [ 100.342, 17.633 ], [ 100.36, 17.617 ], [ 100.382, 17.616 ], [ 100.388, 17.6 ], [ 100.406, 17.612 ], [ 100.411, 17.608 ], [ 100.444, 17.609 ], [ 100.454, 17.617 ], [ 100.455, 17.628 ], [ 100.482, 17.642 ], [ 100.489, 17.654 ], [ 100.521, 17.663 ], [ 100.525, 17.671 ], [ 100.548, 17.671 ], [ 100.56, 17.684 ], [ 100.57, 17.683 ], [ 100.598, 17.646 ], [ 100.628, 17.645 ], [ 100.63, 17.637 ], [ 100.641, 17.642 ], [ 100.665, 17.638 ] ] ] } },
{ "type": "Feature", "properties": { "hybas_id": 4071083320, "next_down": 4071087050, "main_bas": 4070018280, "sub_area": 3269.2, "up_area": 22225.2, "th_share": 1.0 }, "geometry": { "type": "Polygon", "coordinates": [ [ [ 98.463, 18.154 ], [ 98.552, 18.167 ], [ 98.577, 18.179 ], [ 98.602, 18.175 ], [ 98.62, 18.189 ], [ 98.625, 18.213 ], [ 98.644, 18.217 ], [ 98.656, 18.209 ], [ 98.677, 18.208 ], [ 98.698, 18.192 ], [ 98.727, 18.208 ], [ 98.753, 18.208 ], [ 98.773, 18.184 ], [ 98.788, 18.183 ], [ 98.808, 18.152 ], [ 98.804, 18.147 ], [ 98.813, 18.114 ], [ 98.799, 18.089 ], [ 98.813, 18.078 ], [ 98.808, 18.063 ], [ 98.801, 18.062 ], [ 98.783, 18.004 ], [ 98.803, 18.009 ], [ 98.828, 17.999 ], [ 98.841, 17.965 ], [ 98.842, 17.939 ], [ 98.871, 17.863 ], [ 98.855, 17.835 ], [ 98.892, 17.797 ], [ 98.879, 17.75 ], [ 98.88, 17.739 ], [ 98.888, 17.731 ], [ 98.884, 17.673 ], [ 98.895, 17.643 ], [ 98.879, 17.608 ], [ 98.87, 17.604 ], [ 98.885, 17.592 ], [ 98.913, 17.587 ], [ 98.904, 17.554 ], [ 98.907, 17.534 ], [ 98.897, 17.533 ], [ 98.876, 17.508 ], [ 98.856, 17.516 ], [ 98.832, 17.512 ], [ 98.827, 17.517 ], [ 98.811, 17.505 ], [ 98.763, 17.496 ], [ 98.748, 17.471 ], [ 98.722, 17.466 ], [ 98.716, 17.455 ], [ 98.705, 17.453 ], [ 98.699, 17.447 ], [ 98.704, 17.44 ], [ 98.692, 17.425 ], [ 98.649, 17.43 ], [ 98.641, 17.424 ], [ 98.609, 17.438 ], [ 98.57, 17.516 ], [ 98.559, 17.521 ], [ 98.546, 17.542 ], [ 98.538, 17.542 ], [ 98.537, 17.552 ], [ 98.525, 17.564 ], [ 98.534, 17.623 ], [ 98.529, 17.657 ], [ 98.521, 17.664 ], [ 98.525, 17.69 ], [ 98.508, 17.791 ], [ 98.492, 17.801 ], [ 98.492, 17.813 ], [ 98.475, 17.817 ], [ 98.462, 17.845 ], [ 98.438, 17.851 ], [ 98.429, 17.876 ], [ 98.434, 17.884 ], [ 98.421, 17.906 ], [ 98.42, 17.945 ], [ 98.409, 17.951 ], [ 98.403, 17.97 ], [ 98.384, 17.98 ], [ 98.379, 18.015 ], [ 98.371, 18.025 ], [ 98.375, 18.035 ], [ 98.363, 18.06 ], [ 98.367, 18.071 ], [ 98.362, 18.107 ], [ 98.374, 18.113 ], [ 98.372, 18.141 ], [ 98.388, 18.157 ], [ 98.402, 18.142 ], [ 98.437, 18.132 ], [ 98.438, 18.118 ], [ 98.445, 18.112 ], [ 98.451, 18.128 ], [ 98.458, 18.13 ], [ 98.463, 18.154 ] ] ] } },
{ "type": "Feature", "properties": { "hybas_id": 4071083400, "next_down": 4071087050, "main_bas": 4070018280, "sub_area": 3140.7, "up_area": 3140.7, "th_share": 1.0 }, "geometry": { "type": "Polygon", "coordinates": [ [ [ 98.313, 17.917 ], [ 98.307, 17.941 ], [ 98.296, 17.947 ], [ 98.305, 17.974 ], [ 98.312, 17.976 ], [ 98.318, 18.007 ], [ 98.325, 18.009 ], [ 98.325, 18.019 ], [ 98.332, 18.026 ], [ 98.342, 18.021 ], [ 98.36, 18.029 ], [ 98.374, 18.024 ], [ 98.384, 17.98 ], [ 98.403, 17.97 ], [ 98.409, 17.951 ], [ 98.42, 17.945 ], [ 98.421, 17.906 ], [ 98.434, 17.884 ], [ 98.429, 17.876 ], [ 98.438, 17.851 ], [ 98.462, 17.845 ], [ 98.475, 17.817 ], [ 98.492, 17.813 ], [ 98.492, 17.801 ], [ 98.508, 17.791 ], [ 98.525, 17.69 ], [ 98.521, 17.664 ], [ 98.529, 17.657 ], [ 98.534, 17.623 ], [ 98.525, 17.564 ], [ 98.537, 17.552 ], [ 98.538, 17.542 ], [ 98.546, 17.542 ], [ 98.559, 17.521 ], [ 98.57, 17.516 ], [ 98.609, 17.438 ], [ 98.641, 17.424 ], [ 98.649, 17.43 ], [ 98.692, 17.425 ], [ 98.702, 17.409 ], [ 98.716, 17.403 ], [ 98.729, 17.358 ], [ 98.744, 17.362 ], [ 98.758, 17.352 ], [ 98.763, 17.335 ], [ 98.759, 17.306 ], [ 98.779, 17.286 ], [ 98.784, 17.238 ], [ 98.795, 17.232 ], [ 98.804, 17.192 ], [ 98.818, 17.171 ], [ 98.846, 17.15 ], [ 98.851, 17.13 ], [ 98.845, 17.105 ], [ 98.825, 17.092 ], [ 98.825, 17.071 ], [ 98.797, 17.058 ], [ 98.791, 17.04 ], [ 98.775, 17.02 ], [ 98.752, 17.024 ], [ 98.739, 17.017 ], [ 98.707, 17.054 ], [ 98.689, 17.055 ], [ 98.669, 17.066 ], [ 98.646, 17.067 ], [ 98.606, 17.088 ], [ 98.581, 17.112 ], [ 98.543, 17.117 ], [ 98.532, 17.141 ], [ 98.481, 17.163 ], [ 98.462, 17.191 ], [ 98.413, 17.218 ], [ 98.412, 17.228 ], [ 98.37, 17.27 ], [ 98.358, 17.271 ], [ 98.358, 17.292 ], [ 98.335, 17.301 ], [ 98.321, 17.317 ], [ 98.334, 17.326 ], [ 98.329, 17.342 ], [ 98.333, 17.358 ], [ 98.305, 17.393 ], [ 98.3, 17.413 ], [ 98.315, 17.413 ], [ 98.325, 17.423 ], [ 98.32, 17.443 ], [ 98.329, 17.46 ], [ 98.328, 17.503 ], [ 98.322, 17.505 ], [ 98.3, 17.556 ], [ 98.304, 17.569 ], [ 98.29, 17.579 ], [ 98.251, 17.576 ], [ 98.255, 17.598 ], [ 98.245, 17.61 ], [ 98.255, 17.622 ], [ 98.246, 17.629 ], [ 98.255, 17.666 ], [ 98.283, 17.68 ], [ 98.291, 17.702 ], [ 98.229, 17.725 ], [ 98.225, 17.752 ], [ 98.204, 17.779 ], [ 98.225, 17.793 ], [ 98.22, 17.809 ], [ 98.237, 17.822 ], [ 98.233, 17.84 ], [ 98.245, 17.86 ], [ 98.246, 17.879 ], [ 98.258, 17.879 ], [ 98.26, 17.874 ], [ 98.299, 17.892 ], [ 98.305, 17.912 ], [ 98.313, 17.917 ] ] ] } },
{ "type": "Feature", "properties": { "hybas_id": 4071078890, "next_down": 4071083190, "main_bas": 4070018280, "sub_area": 2499.5, "up_area": 2499.6, "th_share": 0.99 }, "geometry": { "type": "Polygon", "coordinates": [ [ [ 100.877, 17.712 ], [ 100.841, 17.647 ], [ 100.805, 17.637 ], [ 100.792, 17.613 ], [ 100.739, 17.634 ], [ 100.717, 17.66 ], [ 100.717, 17.671 ], [ 100.665, 17.638 ], [ 100.641, 17.642 ], [ 100.63, 17.637 ], [ 100.628, 17.645 ], [ 100.598, 17.646 ], [ 100.57, 17.683 ], [ 100.56, 17.684 ], [ 100.548, 17.671 ], [ 100.525, 17.671 ], [ 100.526, 17.683 ], [ 100.558, 17.692 ], [ 100.554, 17.742 ], [ 100.587, 17.746 ], [ 100.592, 17.765 ], [ 100.62, 17.784 ], [ 100.621, 17.796 ], [ 100.628, 17.797 ], [ 100.63, 17.808 ], [ 100.653, 17.83 ], [ 100.674, 17.822 ], [ 100.676, 17.84 ], [ 100.687, 17.847 ], [ 100.688, 17.861 ], [ 100.704, 17.877 ], [ 100.704, 17.896 ], [ 100.716, 17.906 ], [ 100.726, 17.944 ], [ 100.745, 17.963 ], [ 100.746, 17.982 ], [ 100.763, 17.992 ], [ 100.779, 18.017 ], [ 100.775, 18.032 ], [ 100.803, 18.055 ], [ 100.809, 18.074 ], [ 100.819, 18.083 ], [ 100.849, 18.079 ], [ 100.859, 18.106 ], [ 100.874, 18.118 ], [ 100.875, 18.14 ], [ 100.883, 18.15 ], [ 100.898, 18.151 ], [ 100.912, 18.159 ], [ 100.909, 18.195 ], [ 100.917, 18.2 ], [ 100.923, 18.192 ], [ 100.941, 18.195 ], [ 100.951, 18.179 ], [ 100.964, 18.187 ], [ 100.986, 18.188 ], [ 101.037, 18.227 ], [ 101.042, 18.257 ], [ 101.054, 18.273 ], [ 101.066, 18.314 ], [ 101.071, 18.365 ], [ 101.079, 18.383 ], [ 101.149, 18.362 ], [ 101.151, 18.351 ], [ 101.183, 18.341 ], [ 101.183, 18.333 ], [ 101.154, 18.298 ], [ 101.162, 18.281 ], [ 101.146, 18.265 ], [ 101.146, 18.254 ], [ 101.166, 18.235 ], [ 101.167, 18.226 ], [ 101.196, 18.217 ], [ 101.18, 18.186 ], [ 101.163, 18.132 ], [ 101.163, 18.089 ], [ 101.174, 18.082 ], [ 101.179, 18.06 ], [ 101.161, 18.038 ], [ 101.15, 18.038 ], [ 101.121, 18.002 ], [ 101.116, 17.938 ], [ 101.026, 17.903 ], [ 101.021, 17.883 ], [ 101.033, 17.865 ], [ 101.033, 17.829 ], [ 101.001, 17.816 ], [ 100.996, 17.804 ], [ 101.009, 17.788 ], [ 101.008, 17.781 ], [ 101.003, 17.772 ], [ 100.979, 17.759 ], [ 100.993, 17.738 ], [ 101.007, 17.732 ], [ 101.008, 17.7 ], [ 100.967, 17.675 ], [ 100.961, 17.683 ], [ 100.923, 17.7 ], [ 100.91, 17.696 ], [ 100.877, 17.712 ] ] ] } },
{ "type": "Feature", "properties": { "hybas_id": 4071078830, "next_down": 4071083190, "main_bas": 4070018280, "sub_area": 3173.5, "up_area": 13211.5, "th_share": 1.0 }, "geometry": { "type": "Polygon", "coordinates": [ [ [ 100.775, 18.521 ], [ 100.802, 18.529 ], [ 100.819, 18.517 ], [ 100.827, 18.525 ], [ 100.844, 18.521 ], [ 100.873, 18.546 ], [ 100.886, 18.533 ], [ 100.908, 18.538 ], [ 100.924, 18.52 ], [ 100.953, 18.534 ], [ 100.966, 18.529 ], [ 101.016, 18.53 ], [ 101.018, 18.538 ], [ 101.041, 18.532 ], [ 101.049, 18.52 ], [ 101.07, 18.526 ], [ 101.1, 18.517 ], [ 101.092, 18.5 ], [ 101.091, 18.48 ], [ 101.08, 18.475 ], [ 101.078, 18.463 ], [ 101.067, 18.462 ], [ 101.066, 18.447 ], [ 101.054, 18.442 ], [ 101.055, 18.427 ], [ 101.067, 18.408 ], [ 101.079, 18.408 ], [ 101.079, 18.373 ], [ 101.071, 18.365 ], [ 101.066, 18.314 ], [ 101.054, 18.273 ], [ 101.042, 18.257 ], [ 101.037, 18.227 ], [ 100.986, 18.188 ], [ 100.964, 18.187 ], [ 100.951, 18.179 ], [ 100.941, 18.195 ], [ 100.923, 18.192 ], [ 100.917, 18.2 ], [ 100.909, 18.195 ], [ 100.912, 18.159 ], [ 100.898, 18.151 ], [ 100.883, 18.15 ], [ 100.875, 18.14 ], [ 100.874, 18.118 ], [ 100.859, 18.106 ], [ 100.849, 18.079 ], [ 100.819, 18.083 ], [ 100.809, 18.074 ], [ 100.803, 18.055 ], [ 100.775, 18.032 ], [ 100.779, 18.017 ], [ 100.763, 17.992 ], [ 100.746, 17.982 ], [ 100.745, 17.963 ], [ 100.726, 17.944 ], [ 100.716, 17.906 ], [ 100.704, 17.896 ], [ 100.704, 17.877 ], [ 100.688, 17.861 ], [ 100.687, 17.847 ], [ 100.676, 17.84 ], [ 100.674, 17.822 ], [ 100.653, 17.83 ], [ 100.63, 17.808 ], [ 100.628, 17.797 ], [ 100.621, 17.796 ], [ 100.62, 17.784 ], [ 100.592, 17.765 ], [ 100.587, 17.746 ], [ 100.554, 17.742 ], [ 100.549, 17.753 ], [ 100.54, 17.758 ], [ 100.51, 17.755 ], [ 100.503, 17.759 ], [ 100.495, 17.754 ], [ 100.48, 17.759 ], [ 100.474, 17.77 ], [ 100.464, 17.771 ], [ 100.44, 17.795 ], [ 100.413, 17.784 ], [ 100.392, 17.81 ], [ 100.396, 17.836 ], [ 100.388, 17.838 ], [ 100.387, 17.849 ], [ 100.367, 17.858 ], [ 100.367, 17.879 ], [ 100.35, 17.875 ], [ 100.322, 17.849 ], [ 100.284, 17.862 ], [ 100.27, 17.834 ], [ 100.255, 17.833 ], [ 100.242, 17.804 ], [ 100.211, 17.825 ], [ 100.197, 17.824 ], [ 100.192, 17.817 ], [ 100.169, 17.837 ], [ 100.151, 17.838 ], [ 100.138, 17.858 ], [ 100.154, 17.873 ], [ 100.163, 17.892 ], [ 100.171, 17.892 ], [ 100.216, 17.926 ], [ 100.226, 17.949 ], [ 100.244, 17.962 ], [ 100.266, 17.954 ], [ 100.279, 17.958 ], [ 100.28, 17.966 ], [ 100.316, 17.98 ], [ 100.317, 17.992 ], [ 100.327, 17.984 ], [ 100.35, 17.983 ], [ 100.366, 17.993 ], [ 100.38, 18.016 ], [ 100.408, 18.025 ], [ 100.404, 18.073 ], [ 100.408, 18.079 ], [ 100.396, 18.085 ], [ 100.391, 18.127 ], [ 100.415, 18.159 ], [ 100.442, 18.154 ], [ 100.445, 18.16 ], [ 100.45, 18.19 ], [ 100.458, 18.198 ], [ 100.454, 18.218 ], [ 100.481, 18.27 ], [ 100.52, 18.275 ], [ 100.526, 18.251 ], [ 100.538, 18.25 ], [ 100.565, 18.221 ], [ 100.577, 18.225 ], [ 100.584, 18.218 ], [ 100.575, 18.175 ], [ 100.591, 18.18 ], [ 100.616, 18.174 ], [ 100.626, 18.151 ], [ 100.64, 18.149 ], [ 100.656, 18.138 ], [ 100.681, 18.154 ], [ 100.708, 18.159 ], [ 100.738, 18.146 ], [ 100.746, 18.154 ], [ 100.754, 18.179 ], [ 100.767, 18.183 ], [ 100.762, 18.198 ], [ 100.775, 18.227 ], [ 100.775, 18.257 ], [ 100.779, 18.263 ], [ 100.803, 18.263 ], [ 100.813, 18.29 ], [ 100.824, 18.302 ], [ 100.82, 18.322 ], [ 100.829, 18.338 ], [ 100.824, 18.387 ], [ 100.813, 18.388 ], [ 100.796, 18.419 ], [ 100.808, 18.443 ], [ 100.809, 18.468 ], [ 100.804, 18.475 ], [ 100.797, 18.471 ], [ 100.788, 18.485 ], [ 100.792, 18.493 ], [ 100.775, 18.521 ] ] ] } },
{ "type": "Feature", "properties": { "hybas_id": 4071072690, "next_down": 4071083320, "main_bas": 4070018280, "sub_area": 9896.8, "up_area": 15091.9, "th_share": 1.0 }, "geometry": { "type": "Polygon", "coordinates": [ [ [ 99.154, 19.013 ], [ 99.181, 19.012 ], [ 99.212, 18.999 ], [ 99.221, 19.005 ], [ 99.255, 19.001 ], [ 99.25, 19.028 ], [ 99.282, 19.034 ], [ 99.305, 19.067 ], [ 99.32, 19.072 ], [ 99.34, 19.091 ], [ 99.366, 19.082 ], [ 99.383, 19.061 ], [ 99.384, 19.044 ], [ 99.392, 19.022 ], [ 99.399, 19.02 ], [ 99.404, 19.0 ], [ 99.385, 18.991 ], [ 99.374, 18.978 ], [ 99.387, 18.948 ], [ 99.388, 18.935 ], [ 99.379, 18.923 ], [ 99.388, 18.914 ], [ 99.383, 18.906 ], [ 99.395, 18.881 ], [ 99.388, 18.875 ], [ 99.388, 18.867 ], [ 99.363, 18.854 ], [ 99.359, 18.844 ], [ 99.358, 18.804 ], [ 99.37, 18.794 ], [ 99.366, 18.777 ], [ 99.371, 18.754 ], [ 99.338, 18.707 ], [ 99.334, 18.673 ], [ 99.346, 18.658 ], [ 99.334, 18.653 ], [ 99.329, 18.633 ], [ 99.349, 18.633 ], [ 99.362, 18.61 ], [ 99.354, 18.583 ], [ 99.33, 18.573 ], [ 99.329, 18.546 ], [ 99.317, 18.533 ], [ 99.32, 18.502 ], [ 99.307, 18.492 ], [ 99.269, 18.496 ], [ 99.25, 18.486 ], [ 99.233, 18.443 ], [ 99.196, 18.417 ], [ 99.188, 18.383 ], [ 99.167, 18.378 ], [ 99.17, 18.352 ], [ 99.153, 18.313 ], [ 99.138, 18.308 ], [ 99.122, 18.312 ], [ 99.125, 18.292 ], [ 99.107, 18.267 ], [ 99.087, 18.28 ], [ 99.035, 18.266 ], [ 99.017, 18.252 ], [ 99.034, 18.202 ], [ 99.046, 18.192 ], [ 99.046, 18.183 ], [ 99.053, 18.183 ], [ 99.05, 18.156 ], [ 99.062, 18.14 ], [ 99.067, 18.098 ], [ 99.075, 18.09 ], [ 99.071, 18.056 ], [ 99.091, 18.023 ], [ 99.092, 18.009 ], [ 99.1, 18.007 ], [ 99.096, 17.951 ], [ 99.112, 17.945 ], [ 99.113, 17.917 ], [ 99.141, 17.907 ], [ 99.158, 17.879 ], [ 99.179, 17.867 ], [ 99.184, 17.855 ], [ 99.158, 17.842 ], [ 99.167, 17.826 ], [ 99.166, 17.816 ], [ 99.119, 17.82 ], [ 99.096, 17.808 ], [ 99.112, 17.794 ], [ 99.117, 17.775 ], [ 99.109, 17.77 ], [ 99.103, 17.746 ], [ 99.088, 17.745 ], [ 99.084, 17.736 ], [ 99.083, 17.714 ], [ 99.067, 17.698 ], [ 99.063, 17.681 ], [ 99.058, 17.626 ], [ 99.042, 17.613 ], [ 99.027, 17.62 ], [ 99.023, 17.617 ], [ 99.003, 17.637 ], [ 98.973, 17.645 ], [ 98.958, 17.641 ], [ 98.945, 17.646 ], [ 98.937, 17.641 ], [ 98.902, 17.646 ], [ 98.888, 17.656 ], [ 98.883, 17.685 ], [ 98.888, 17.731 ], [ 98.88, 17.739 ], [ 98.879, 17.75 ], [ 98.892, 17.797 ], [ 98.855, 17.835 ], [ 98.871, 17.863 ], [ 98.842, 17.939 ], [ 98.841, 17.965 ], [ 98.828, 17.999 ], [ 98.803, 18.009 ], [ 98.783, 18.004 ], [ 98.801, 18.062 ], [ 98.808, 18.063 ], [ 98.813, 18.078 ], [ 98.799, 18.089 ], [ 98.813, 18.114 ], [ 98.804, 18.147 ], [ 98.808, 18.152 ], [ 98.788, 18.183 ], [ 98.773, 18.184 ], [ 98.753, 18.208 ], [ 98.727, 18.208 ], [ 98.698, 18.192 ], [ 98.677, 18.208 ], [ 98.656, 18.209 ], [ 98.644, 18.217 ], [ 98.621, 18.208 ], [ 98.597, 18.217 ], [ 98.588, 18.238 ], [ 98.569, 18.242 ], [ 98.545, 18.27 ], [ 98.491, 18.296 ], [ 98.473, 18.284 ], [ 98.463, 18.294 ], [ 98.455, 18.332 ], [ 98.47, 18.356 ], [ 98.471, 18.39 ], [ 98.483, 18.397 ], [ 98.488, 18.413 ], [ 98.475, 18.46 ], [ 98.479, 18.471 ], [ 98.494, 18.475 ], [ 98.501, 18.487 ], [ 98.513, 18.492 ], [ 98.503, 18.524 ], [ 98.497, 18.526 ], [ 98.479, 18.558 ], [ 98.479, 18.583 ], [ 98.488, 18.588 ], [ 98.492, 18.657 ], [ 98.504, 18.681 ], [ 98.496, 18.693 ], [ 98.495, 18.719 ], [ 98.488, 18.735 ], [ 98.495, 18.748 ], [ 98.491, 18.768 ], [ 98.504, 18.783 ], [ 98.549, 18.797 ], [ 98.55, 18.804 ], [ 98.537, 18.837 ], [ 98.53, 18.838 ], [ 98.492, 18.894 ], [ 98.5, 18.908 ], [ 98.481, 18.913 ], [ 98.474, 18.928 ], [ 98.455, 18.939 ], [ 98.454, 18.954 ], [ 98.426, 18.949 ], [ 98.424, 18.962 ], [ 98.409, 18.967 ], [ 98.404, 19.003 ], [ 98.421, 19.015 ], [ 98.417, 19.017 ], [ 98.417, 19.029 ], [ 98.437, 19.046 ], [ 98.494, 19.041 ], [ 98.528, 19.024 ], [ 98.553, 19.03 ], [ 98.555, 19.041 ], [ 98.566, 19.046 ], [ 98.615, 19.042 ], [ 98.629, 19.052 ], [ 98.63, 19.066 ], [ 98.642, 19.071 ], [ 98.655, 19.097 ], [ 98.642, 19.114 ], [ 98.642, 19.129 ], [ 98.673, 19.146 ], [ 98.698, 19.133 ], [ 98.715, 19.142 ], [ 98.727, 19.138 ], [ 98.768, 19.17 ], [ 98.778, 19.17 ], [ 98.787, 19.158 ], [ 98.795, 19.159 ], [ 98.801, 19.174 ], [ 98.821, 19.183 ], [ 98.852, 19.159 ], [ 98.869, 19.158 ], [ 98.891, 19.141 ], [ 98.901, 19.124 ], [ 98.932, 19.129 ], [ 98.938, 19.113 ], [ 98.954, 19.104 ], [ 98.955, 19.092 ], [ 98.974, 19.087 ], [ 98.984, 19.067 ], [ 99.03, 19.054 ], [ 99.037, 19.059 ], [ 99.038, 19.071 ], [ 99.057, 19.075 ], [ 99.077, 19.042 ], [ 99.132, 19.05 ], [ 99.154, 19.027 ], [ 99.154, 19.013 ] ] ] } },
{ "type": "Feature", "properties": { "hybas_id": 4071072850, "next_down": 4071083320, "main_bas": 4070018280, "sub_area": 3864.5, "up_area": 3864.5, "th_share": 1.0 }, "geometry": { "type": "Polygon", "coordinates": [ [ [ 98.421, 19.015 ], [ 98.404, 19.003 ], [ 98.409, 18.967 ], [ 98.424, 18.962 ], [ 98.426, 18.949 ], [ 98.454, 18.954 ], [ 98.455, 18.939 ], [ 98.474, 18.928 ], [ 98.481, 18.913 ], [ 98.5, 18.908 ], [ 98.492, 18.894 ], [ 98.53, 18.838 ], [ 98.537, 18.837 ], [ 98.55, 18.804 ], [ 98.549, 18.797 ], [ 98.504, 18.783 ], [ 98.491, 18.768 ], [ 98.495, 18.748 ], [ 98.488, 18.735 ], [ 98.495, 18.719 ], [ 98.496, 18.693 ], [ 98.504, 18.681 ], [ 98.492, 18.657 ], [ 98.488, 18.588 ], [ 98.479, 18.583 ], [ 98.479, 18.558 ], [ 98.497, 18.526 ], [ 98.503, 18.524 ], [ 98.513, 18.492 ], [ 98.501, 18.487 ], [ 98.494, 18.475 ], [ 98.479, 18.471 ], [ 98.475, 18.46 ], [ 98.488, 18.413 ], [ 98.483, 18.397 ], [ 98.471, 18.39 ], [ 98.47, 18.356 ], [ 98.455, 18.332 ], [ 98.455, 18.313 ], [ 98.462, 18.312 ], [ 98.467, 18.288 ], [ 98.473, 18.284 ], [ 98.491, 18.296 ], [ 98.545, 18.27 ], [ 98.569, 18.242 ], [ 98.588, 18.238 ], [ 98.597, 18.217 ], [ 98.625, 18.208 ], [ 98.62, 18.189 ], [ 98.602, 18.175 ], [ 98.577, 18.179 ], [ 98.552, 18.167 ], [ 98.51, 18.166 ], [ 98.502, 18.159 ], [ 98.492, 18.163 ], [ 98.481, 18.155 ], [ 98.463, 18.154 ], [ 98.458, 18.13 ], [ 98.451, 18.128 ], [ 98.445, 18.112 ], [ 98.438, 18.118 ], [ 98.437, 18.132 ], [ 98.402, 18.142 ], [ 98.392, 18.158 ], [ 98.371, 18.138 ], [ 98.358, 18.15 ], [ 98.328, 18.137 ], [ 98.316, 18.162 ], [ 98.244, 18.184 ], [ 98.23, 18.196 ], [ 98.217, 18.223 ], [ 98.212, 18.249 ], [ 98.193, 18.25 ], [ 98.16, 18.221 ], [ 98.154, 18.225 ], [ 98.142, 18.239 ], [ 98.146, 18.252 ], [ 98.137, 18.268 ], [ 98.146, 18.284 ], [ 98.126, 18.301 ], [ 98.12, 18.316 ], [ 98.101, 18.326 ], [ 98.095, 18.348 ], [ 98.075, 18.363 ], [ 98.076, 18.374 ], [ 98.083, 18.376 ], [ 98.087, 18.389 ], [ 98.088, 18.409 ], [ 98.08, 18.423 ], [ 98.08, 18.436 ], [ 98.084, 18.445 ], [ 98.108, 18.459 ], [ 98.117, 18.496 ], [ 98.157, 18.513 ], [ 98.185, 18.55 ], [ 98.202, 18.537 ], [ 98.211, 18.538 ], [ 98.221, 18.546 ], [ 98.234, 18.574 ], [ 98.213, 18.593 ], [ 98.213, 18.608 ], [ 98.183, 18.613 ], [ 98.188, 18.621 ], [ 98.183, 18.628 ], [ 98.16, 18.63 ], [ 98.152, 18.637 ], [ 98.109, 18.647 ], [ 98.113, 18.674 ], [ 98.108, 18.675 ], [ 98.1, 18.735 ], [ 98.12, 18.755 ], [ 98.121, 18.775 ], [ 98.096, 18.779 ], [ 98.092, 18.785 ], [ 98.083, 18.821 ], [ 98.088, 18.865 ], [ 98.101, 18.887 ], [ 98.116, 18.894 ], [ 98.122, 18.908 ], [ 98.158, 18.921 ], [ 98.154, 18.938 ], [ 98.175, 18.954 ], [ 98.175, 18.971 ], [ 98.167, 18.979 ], [ 98.171, 18.998 ], [ 98.187, 19.014 ], [ 98.193, 19.041 ], [ 98.216, 19.059 ], [ 98.226, 19.082 ], [ 98.249, 19.105 ], [ 98.249, 19.12 ], [ 98.242, 19.122 ], [ 98.241, 19.13 ], [ 98.247, 19.154 ], [ 98.254, 19.15 ], [ 98.304, 19.154 ], [ 98.338, 19.15 ], [ 98.346, 19.133 ], [ 98.341, 19.126 ], [ 98.351, 19.088 ], [ 98.357, 19.087 ], [ 98.368, 19.068 ], [ 98.388, 19.063 ], [ 98.406, 19.034 ], [ 98.416, 19.033 ], [ 98.417, 19.017 ], [ 98.421, 19.015 ] ] ] } },
{ "type": "Feature", "properties": { "hybas_id": 4071068430, "next_down": 4071078830, "main_bas": 4070018280, "sub_area": 1025.8, "up_area": 1026.2, "th_share": 1.0 }, "geometry": { "type": "Polygon", "coordinates": [ [ [ 100.734, 18.517 ], [ 100.778, 18.52 ], [ 100.792, 18.493 ], [ 100.788, 18.485 ], [ 100.797, 18.471 ], [ 100.804, 18.475 ], [ 100.809, 18.468 ], [ 100.804, 18.429 ], [ 100.796, 18.425 ], [ 100.813, 18.388 ], [ 100.824, 18.387 ], [ 100.829, 18.369 ], [ 100.829, 18.338 ], [ 100.82, 18.322 ], [ 100.824, 18.302 ], [ 100.813, 18.29 ], [ 100.803, 18.263 ], [ 100.779, 18.263 ], [ 100.775, 18.257 ], [ 100.775, 18.227 ], [ 100.762, 18.198 ], [ 100.767, 18.183 ], [ 100.754, 18.179 ], [ 100.754, 18.168 ], [ 100.738, 18.146 ], [ 100.708, 18.159 ], [ 100.681, 18.154 ], [ 100.656, 18.138 ], [ 100.64, 18.149 ], [ 100.626, 18.151 ], [ 100.616, 18.174 ], [ 100.606, 18.179 ], [ 100.575, 18.175 ], [ 100.584, 18.218 ], [ 100.577, 18.225 ], [ 100.565, 18.221 ], [ 100.538, 18.25 ], [ 100.526, 18.251 ], [ 100.52, 18.275 ], [ 100.5, 18.271 ], [ 100.488, 18.285 ], [ 100.483, 18.322 ], [ 100.495, 18.34 ], [ 100.484, 18.349 ], [ 100.499, 18.351 ], [ 100.513, 18.386 ], [ 100.518, 18.391 ], [ 100.53, 18.387 ], [ 100.538, 18.392 ], [ 100.542, 18.413 ], [ 100.566, 18.421 ], [ 100.571, 18.441 ], [ 100.629, 18.467 ], [ 100.641, 18.462 ], [ 100.642, 18.479 ], [ 100.687, 18.509 ], [ 100.689, 18.521 ], [ 100.706, 18.517 ], [ 100.733, 18.525 ], [ 100.734, 18.517 ] ] ] } },
{ "type": "Feature", "properties": { "hybas_id": 4071068320, "next_down": 4071078830, "main_bas": 4070018280, "sub_area": 1007.3, "up_area": 9011.9, "th_share": 1.0 }, "geometry": { "type": "Polygon", "coordinates": [ [ [ 100.75, 18.517 ], [ 100.734, 18.517 ], [ 100.733, 18.525 ], [ 100.706, 18.517 ], [ 100.689, 18.521 ], [ 100.687, 18.509 ], [ 100.642, 18.479 ], [ 100.641, 18.462 ], [ 100.629, 18.467 ], [ 100.619, 18.459 ], [ 100.584, 18.449 ], [ 100.571, 18.441 ], [ 100.566, 18.421 ], [ 100.542, 18.413 ], [ 100.549, 18.448 ], [ 100.541, 18.478 ], [ 100.495, 18.474 ], [ 100.48, 18.484 ], [ 100.475, 18.496 ], [ 100.432, 18.5 ], [ 100.407, 18.484 ], [ 100.401, 18.488 ], [ 100.388, 18.515 ], [ 100.396, 18.534 ], [ 100.374, 18.572 ], [ 100.38, 18.615 ], [ 100.395, 18.627 ], [ 100.386, 18.637 ], [ 100.358, 18.642 ], [ 100.358, 18.665 ], [ 100.35, 18.681 ], [ 100.358, 18.689 ], [ 100.359, 18.702 ], [ 100.371, 18.725 ], [ 100.387, 18.73 ], [ 100.388, 18.741 ], [ 100.426, 18.737 ], [ 100.453, 18.742 ], [ 100.463, 18.726 ], [ 100.472, 18.724 ], [ 100.491, 18.734 ], [ 100.5, 18.748 ], [ 100.509, 18.819 ], [ 100.527, 18.833 ], [ 100.565, 18.829 ], [ 100.571, 18.817 ], [ 100.583, 18.811 ], [ 100.588, 18.789 ], [ 100.605, 18.777 ], [ 100.6, 18.75 ], [ 100.592, 18.744 ], [ 100.596, 18.715 ], [ 100.587, 18.689 ], [ 100.595, 18.677 ], [ 100.591, 18.671 ], [ 100.597, 18.63 ], [ 100.624, 18.638 ], [ 100.661, 18.629 ], [ 100.689, 18.612 ], [ 100.71, 18.616 ], [ 100.749, 18.595 ], [ 100.758, 18.586 ], [ 100.759, 18.568 ], [ 100.775, 18.563 ], [ 100.775, 18.55 ], [ 100.788, 18.529 ], [ 100.75, 18.517 ] ] ] } },
{ "type": "Feature", "properties": { "hybas_id": 4071067560, "next_down": 4071068320, "main_bas": 4070018280, "sub_area": 5809.7, "up_area": 5810.1, "th_share": 0.99 }, "geometry": { "type": "Polygon", "coordinates": [ [ [ 101.229, 19.338 ], [ 101.213, 19.332 ], [ 101.203, 19.313 ], [ 101.19, 19.312 ], [ 101.18, 19.304 ], [ 101.155, 19.309 ], [ 101.127, 19.337 ], [ 101.117, 19.338 ], [ 101.112, 19.331 ], [ 101.117, 19.319 ], [ 101.113, 19.315 ], [ 101.13, 19.289 ], [ 101.125, 19.265 ], [ 101.129, 19.208 ], [ 101.117, 19.196 ], [ 101.104, 19.196 ], [ 101.109, 19.186 ], [ 101.104, 19.169 ], [ 101.088, 19.152 ], [ 101.087, 19.143 ], [ 101.071, 19.131 ], [ 101.071, 19.113 ], [ 101.092, 19.038 ], [ 101.104, 19.032 ], [ 101.113, 19.013 ], [ 101.096, 18.981 ], [ 101.095, 18.963 ], [ 101.051, 18.957 ], [ 101.042, 18.949 ], [ 101.041, 18.937 ], [ 101.046, 18.921 ], [ 101.067, 18.892 ], [ 101.064, 18.88 ], [ 101.07, 18.878 ], [ 101.076, 18.859 ], [ 101.087, 18.858 ], [ 101.091, 18.838 ], [ 101.083, 18.829 ], [ 101.067, 18.838 ], [ 101.035, 18.83 ], [ 101.014, 18.834 ], [ 101.002, 18.845 ], [ 100.98, 18.841 ], [ 100.979, 18.81 ], [ 100.971, 18.802 ], [ 100.945, 18.73 ], [ 100.949, 18.719 ], [ 100.937, 18.701 ], [ 100.922, 18.699 ], [ 100.913, 18.681 ], [ 100.926, 18.642 ], [ 100.921, 18.625 ], [ 100.891, 18.63 ], [ 100.84, 18.613 ], [ 100.816, 18.617 ], [ 100.801, 18.603 ], [ 100.795, 18.571 ], [ 100.783, 18.576 ], [ 100.767, 18.563 ], [ 100.759, 18.568 ], [ 100.758, 18.586 ], [ 100.749, 18.595 ], [ 100.71, 18.616 ], [ 100.689, 18.612 ], [ 100.661, 18.629 ], [ 100.624, 18.638 ], [ 100.597, 18.63 ], [ 100.591, 18.671 ], [ 100.595, 18.677 ], [ 100.587, 18.689 ], [ 100.596, 18.715 ], [ 100.592, 18.744 ], [ 100.6, 18.75 ], [ 100.605, 18.777 ], [ 100.588, 18.789 ], [ 100.583, 18.811 ], [ 100.571, 18.817 ], [ 100.565, 18.829 ], [ 100.529, 18.833 ], [ 100.525, 18.877 ], [ 100.53, 18.885 ], [ 100.525, 18.898 ], [ 100.509, 18.905 ], [ 100.504, 18.916 ], [ 100.517, 18.917 ], [ 100.538, 18.944 ], [ 100.533, 18.952 ], [ 100.542, 18.963 ], [ 100.541, 18.973 ], [ 100.525, 18.998 ], [ 100.521, 19.023 ], [ 100.534, 19.049 ], [ 100.557, 19.045 ], [ 100.569, 19.03 ], [ 100.586, 19.03 ], [ 100.617, 19.042 ], [ 100.636, 19.063 ], [ 100.656, 19.058 ], [ 100.663, 19.063 ], [ 100.663, 19.077 ], [ 100.679, 19.092 ], [ 100.642, 19.127 ], [ 100.638, 19.146 ], [ 100.63, 19.152 ], [ 100.617, 19.185 ], [ 100.62, 19.207 ], [ 100.6, 19.252 ], [ 100.608, 19.292 ], [ 100.573, 19.305 ], [ 100.559, 19.318 ], [ 100.571, 19.352 ], [ 100.538, 19.408 ], [ 100.547, 19.428 ], [ 100.563, 19.438 ], [ 100.563, 19.456 ], [ 100.584, 19.478 ], [ 100.599, 19.48 ], [ 100.596, 19.508 ], [ 100.609, 19.553 ], [ 100.648, 19.559 ], [ 100.66, 19.55 ], [ 100.712, 19.541 ], [ 100.718, 19.53 ], [ 100.736, 19.529 ], [ 100.757, 19.516 ], [ 100.767, 19.488 ], [ 100.782, 19.497 ], [ 100.801, 19.52 ], [ 100.82, 19.53 ], [ 100.843, 19.562 ], [ 100.858, 19.572 ], [ 100.858, 19.583 ], [ 100.875, 19.607 ], [ 100.883, 19.609 ], [ 100.883, 19.625 ], [ 100.895, 19.634 ], [ 100.94, 19.626 ], [ 100.949, 19.63 ], [ 100.951, 19.641 ], [ 100.975, 19.646 ], [ 100.984, 19.63 ], [ 101.044, 19.624 ], [ 101.056, 19.617 ], [ 101.061, 19.621 ], [ 101.077, 19.601 ], [ 101.102, 19.584 ], [ 101.116, 19.583 ], [ 101.125, 19.571 ], [ 101.131, 19.579 ], [ 101.153, 19.584 ], [ 101.199, 19.58 ], [ 101.21, 19.605 ], [ 101.224, 19.599 ], [ 101.249, 19.604 ], [ 101.251, 19.597 ], [ 101.279, 19.583 ], [ 101.287, 19.569 ], [ 101.274, 19.551 ], [ 101.283, 19.531 ], [ 101.267, 19.506 ], [ 101.266, 19.472 ], [ 101.256, 19.467 ], [ 101.233, 19.479 ], [ 101.225, 19.471 ], [ 101.213, 19.471 ], [ 101.208, 19.455 ], [ 101.221, 19.425 ], [ 101.191, 19.399 ], [ 101.205, 19.351 ], [ 101.228, 19.345 ], [ 101.229, 19.338 ] ] ] } },
{ "type": "Feature", "properties": { "hybas_id": 4071067570, "next_down": 4071068320, "main_bas": 4070018280, "sub_area": 2195.0, "up_area": 2195.0, "th_share": 1.0 }, "geometry": { "type": "Polygon", "coordinates": [ [ [ 100.921, 18.625 ], [ 100.926, 18.642 ], [ 100.913, 18.681 ], [ 100.922, 18.699 ], [ 100.937, 18.701 ], [ 100.949, 18.719 ], [ 100.945, 18.73 ], [ 100.971, 18.802 ], [ 100.979, 18.81 ], [ 100.98, 18.841 ], [ 101.002, 18.845 ], [ 101.014, 18.834 ], [ 101.035, 18.83 ], [ 101.067, 18.838 ], [ 101.083, 18.829 ], [ 101.091, 18.838 ], [ 101.087, 18.858 ], [ 101.076, 18.859 ], [ 101.07, 18.878 ], [ 101.064, 18.88 ], [ 101.067, 18.892 ], [ 101.046, 18.921 ], [ 101.041, 18.937 ], [ 101.042, 18.949 ], [ 101.051, 18.957 ], [ 101.095, 18.963 ], [ 101.096, 18.981 ], [ 101.113, 19.013 ], [ 101.104, 19.032 ], [ 101.092, 19.038 ], [ 101.071, 19.113 ], [ 101.071, 19.131 ], [ 101.087, 19.143 ], [ 101.088, 19.152 ], [ 101.104, 19.169 ], [ 101.109, 19.186 ], [ 101.104, 19.196 ], [ 101.117, 19.196 ], [ 101.129, 19.208 ], [ 101.125, 19.265 ], [ 101.13, 19.289 ], [ 101.113, 19.315 ], [ 101.117, 19.319 ], [ 101.112, 19.331 ], [ 101.117, 19.338 ], [ 101.127, 19.337 ], [ 101.155, 19.309 ], [ 101.18, 19.304 ], [ 101.19, 19.312 ], [ 101.203, 19.313 ], [ 101.205, 19.323 ], [ 101.221, 19.338 ], [ 101.232, 19.337 ], [ 101.242, 19.329 ], [ 101.23, 19.315 ], [ 101.229, 19.299 ], [ 101.241, 19.286 ], [ 101.258, 19.229 ], [ 101.25, 19.206 ], [ 101.254, 19.194 ], [ 101.245, 19.185 ], [ 101.259, 19.152 ], [ 101.254, 19.125 ], [ 101.291, 19.12 ], [ 101.299, 19.112 ], [ 101.301, 19.097 ], [ 101.321, 19.082 ], [ 101.326, 19.067 ], [ 101.346, 19.067 ], [ 101.354, 19.052 ], [ 101.349, 19.035 ], [ 101.338, 19.023 ], [ 101.337, 19.001 ], [ 101.31, 19.005 ], [ 101.304, 18.989 ], [ 101.293, 18.982 ], [ 101.295, 18.938 ], [ 101.28, 18.937 ], [ 101.271, 18.927 ], [ 101.274, 18.917 ], [ 101.246, 18.896 ], [ 101.25, 18.863 ], [ 101.242, 18.857 ], [ 101.242, 18.825 ], [ 101.251, 18.805 ], [ 101.249, 18.776 ], [ 101.234, 18.765 ], [ 101.233, 18.743 ], [ 101.221, 18.736 ], [ 101.221, 18.726 ], [ 101.271, 18.696 ], [ 101.27, 18.689 ], [ 101.251, 18.67 ], [ 101.229, 18.625 ], [ 101.179, 18.613 ], [ 101.184, 18.581 ], [ 101.179, 18.563 ], [ 101.144, 18.554 ], [ 101.138, 18.549 ], [ 101.137, 18.53 ], [ 101.127, 18.526 ], [ 101.049, 18.52 ], [ 101.041, 18.532 ], [ 101.018, 18.538 ], [ 101.016, 18.53 ], [ 100.966, 18.529 ], [ 100.953, 18.534 ], [ 100.924, 18.52 ], [ 100.908, 18.538 ], [ 100.886, 18.533 ], [ 100.873, 18.546 ], [ 100.844, 18.521 ], [ 100.827, 18.525 ], [ 100.819, 18.517 ], [ 100.802, 18.529 ], [ 100.788, 18.529 ], [ 100.771, 18.567 ], [ 100.783, 18.576 ], [ 100.795, 18.571 ], [ 100.801, 18.603 ], [ 100.816, 18.617 ], [ 100.84, 18.613 ], [ 100.891, 18.63 ], [ 100.921, 18.625 ] ] ] } },
{ "type": "Feature", "properties": { "hybas_id": 4071067020, "next_down": 4071086920, "main_bas": 4070018280, "sub_area": 1754.3, "up_area": 1754.3, "th_share": 1.0 }, "geometry": { "type": "Polygon", "coordinates": [ [ [ 99.767, 19.058 ], [ 99.816, 19.054 ], [ 99.822, 19.038 ], [ 99.828, 19.037 ], [ 99.834, 19.001 ], [ 99.844, 19.004 ], [ 99.878, 18.995 ], [ 99.885, 18.984 ], [ 99.908, 18.992 ], [ 99.928, 18.987 ], [ 99.947, 18.947 ], [ 99.973, 18.921 ], [ 100.007, 18.903 ], [ 100.013, 18.892 ], [ 100.038, 18.896 ], [ 100.043, 18.884 ], [ 100.066, 18.873 ], [ 100.07, 18.848 ], [ 100.063, 18.835 ], [ 100.07, 18.827 ], [ 100.071, 18.805 ], [ 100.113, 18.772 ], [ 100.101, 18.752 ], [ 100.096, 18.729 ], [ 100.109, 18.701 ], [ 100.104, 18.689 ], [ 100.113, 18.683 ], [ 100.101, 18.638 ], [ 100.123, 18.637 ], [ 100.155, 18.622 ], [ 100.15, 18.6 ], [ 100.119, 18.591 ], [ 100.107, 18.567 ], [ 100.055, 18.557 ], [ 100.049, 18.498 ], [ 100.037, 18.477 ], [ 100.025, 18.471 ], [ 100.025, 18.45 ], [ 100.013, 18.445 ], [ 100.004, 18.41 ], [ 100.0, 18.404 ], [ 99.988, 18.404 ], [ 99.987, 18.396 ], [ 99.972, 18.395 ], [ 99.955, 18.382 ], [ 99.954, 18.375 ], [ 99.929, 18.392 ], [ 99.929, 18.403 ], [ 99.921, 18.405 ], [ 99.92, 18.428 ], [ 99.905, 18.444 ], [ 99.909, 18.455 ], [ 99.904, 18.474 ], [ 99.897, 18.476 ], [ 99.892, 18.5 ], [ 99.876, 18.505 ], [ 99.866, 18.488 ], [ 99.833, 18.479 ], [ 99.829, 18.494 ], [ 99.817, 18.501 ], [ 99.816, 18.522 ], [ 99.825, 18.535 ], [ 99.82, 18.548 ], [ 99.796, 18.563 ], [ 99.825, 18.658 ], [ 99.812, 18.682 ], [ 99.79, 18.704 ], [ 99.775, 18.704 ], [ 99.78, 18.74 ], [ 99.796, 18.758 ], [ 99.791, 18.798 ], [ 99.8, 18.81 ], [ 99.805, 18.852 ], [ 99.795, 18.873 ], [ 99.8, 18.883 ], [ 99.793, 18.884 ], [ 99.787, 18.902 ], [ 99.772, 18.913 ], [ 99.767, 18.925 ], [ 99.774, 18.935 ], [ 99.754, 18.962 ], [ 99.759, 18.979 ], [ 99.754, 19.008 ], [ 99.762, 19.019 ], [ 99.754, 19.028 ], [ 99.755, 19.041 ], [ 99.766, 19.047 ], [ 99.767, 19.058 ] ] ] } },
{ "type": "Feature", "properties": { "hybas_id": 4071067030, "next_down": 4071086920, "main_bas": 4070018280, "sub_area": 3636.3, "up_area": 3636.3, "th_share": 1.0 }, "geometry": { "type": "Polygon", "coordinates": [ [ [ 100.371, 18.721 ], [ 100.35, 18.681 ], [ 100.358, 18.665 ], [ 100.358, 18.642 ], [ 100.309, 18.641 ], [ 100.308, 18.63 ], [ 100.275, 18.621 ], [ 100.282, 18.597 ], [ 100.242, 18.596 ], [ 100.227, 18.617 ], [ 100.199, 18.599 ], [ 100.191, 18.605 ], [ 100.177, 18.596 ], [ 100.166, 18.601 ], [ 100.155, 18.597 ], [ 100.15, 18.6 ], [ 100.155, 18.622 ], [ 100.149, 18.628 ], [ 100.101, 18.638 ], [ 100.113, 18.683 ], [ 100.104, 18.689 ], [ 100.109, 18.701 ], [ 100.096, 18.729 ], [ 100.101, 18.752 ], [ 100.113, 18.772 ], [ 100.071, 18.805 ], [ 100.07, 18.827 ], [ 100.063, 18.835 ], [ 100.071, 18.863 ], [ 100.062, 18.879 ], [ 100.043, 18.884 ], [ 100.038, 18.9 ], [ 100.045, 18.901 ], [ 100.065, 18.929 ], [ 100.07, 18.924 ], [ 100.085, 18.937 ], [ 100.111, 18.942 ], [ 100.125, 18.96 ], [ 100.125, 18.969 ], [ 100.117, 18.975 ], [ 100.12, 18.995 ], [ 100.108, 19.003 ], [ 100.109, 19.023 ], [ 100.124, 19.038 ], [ 100.126, 19.061 ], [ 100.105, 19.072 ], [ 100.104, 19.084 ], [ 100.109, 19.12 ], [ 100.116, 19.122 ], [ 100.121, 19.196 ], [ 100.141, 19.196 ], [ 100.168, 19.224 ], [ 100.195, 19.23 ], [ 100.208, 19.226 ], [ 100.222, 19.267 ], [ 100.267, 19.263 ], [ 100.262, 19.286 ], [ 100.242, 19.323 ], [ 100.238, 19.354 ], [ 100.248, 19.354 ], [ 100.279, 19.333 ], [ 100.303, 19.342 ], [ 100.305, 19.358 ], [ 100.315, 19.366 ], [ 100.325, 19.371 ], [ 100.35, 19.363 ], [ 100.355, 19.382 ], [ 100.382, 19.38 ], [ 100.389, 19.396 ], [ 100.395, 19.391 ], [ 100.412, 19.401 ], [ 100.431, 19.399 ], [ 100.445, 19.391 ], [ 100.523, 19.405 ], [ 100.538, 19.417 ], [ 100.571, 19.352 ], [ 100.559, 19.318 ], [ 100.573, 19.305 ], [ 100.608, 19.292 ], [ 100.6, 19.252 ], [ 100.62, 19.207 ], [ 100.617, 19.185 ], [ 100.63, 19.152 ], [ 100.638, 19.146 ], [ 100.642, 19.127 ], [ 100.679, 19.092 ], [ 100.663, 19.077 ], [ 100.663, 19.063 ], [ 100.656, 19.058 ], [ 100.636, 19.063 ], [ 100.617, 19.042 ], [ 100.586, 19.03 ], [ 100.569, 19.03 ], [ 100.557, 19.045 ], [ 100.534, 19.049 ], [ 100.521, 19.023 ], [ 100.525, 18.998 ], [ 100.541, 18.973 ], [ 100.542, 18.963 ], [ 100.533, 18.952 ], [ 100.538, 18.944 ], [ 100.517, 18.917 ], [ 100.504, 18.916 ], [ 100.509, 18.905 ], [ 100.525, 18.898 ], [ 100.53, 18.885 ], [ 100.525, 18.877 ], [ 100.529, 18.833 ], [ 100.509, 18.819 ], [ 100.5, 18.748 ], [ 100.491, 18.734 ], [ 100.472, 18.724 ], [ 100.463, 18.726 ], [ 100.453, 18.742 ], [ 100.426, 18.737 ], [ 100.405, 18.742 ], [ 100.388, 18.741 ], [ 100.387, 18.73 ], [ 100.371, 18.721 ] ] ] } },
{ "type": "Feature", "properties": { "hybas_id": 4071059280, "next_down": 4071072690, "main_bas": 4070018280, "sub_area": 3267.1, "up_area": 3267.2, "th_share": 1.0 }, "geometry": { "type": "Polygon", "coordinates": [ [ [ 99.321, 19.123 ], [ 99.342, 19.1 ], [ 99.342, 19.092 ], [ 99.32, 19.072 ], [ 99.305, 19.067 ], [ 99.282, 19.034 ], [ 99.25, 19.028 ], [ 99.255, 19.001 ], [ 99.233, 18.999 ], [ 99.154, 19.013 ], [ 99.154, 19.027 ], [ 99.132, 19.05 ], [ 99.077, 19.042 ], [ 99.062, 19.069 ], [ 99.048, 19.075 ], [ 99.038, 19.071 ], [ 99.037, 19.059 ], [ 99.023, 19.055 ], [ 99.002, 19.066 ], [ 98.984, 19.067 ], [ 98.974, 19.087 ], [ 98.955, 19.092 ], [ 98.95, 19.108 ], [ 98.97, 19.118 ], [ 98.962, 19.169 ], [ 98.909, 19.213 ], [ 98.896, 19.248 ], [ 98.903, 19.266 ], [ 98.897, 19.268 ], [ 98.891, 19.282 ], [ 98.865, 19.295 ], [ 98.838, 19.296 ], [ 98.829, 19.315 ], [ 98.834, 19.327 ], [ 98.846, 19.333 ], [ 98.834, 19.352 ], [ 98.838, 19.368 ], [ 98.833, 19.375 ], [ 98.852, 19.387 ], [ 98.887, 19.393 ], [ 98.855, 19.397 ], [ 98.854, 19.413 ], [ 98.879, 19.44 ], [ 98.863, 19.447 ], [ 98.85, 19.488 ], [ 98.826, 19.497 ], [ 98.824, 19.504 ], [ 98.812, 19.51 ], [ 98.817, 19.529 ], [ 98.812, 19.553 ], [ 98.801, 19.555 ], [ 98.792, 19.585 ], [ 98.792, 19.6 ], [ 98.817, 19.629 ], [ 98.795, 19.701 ], [ 98.813, 19.73 ], [ 98.804, 19.757 ], [ 98.797, 19.759 ], [ 98.797, 19.774 ], [ 98.82, 19.783 ], [ 98.838, 19.817 ], [ 98.851, 19.801 ], [ 98.87, 19.791 ], [ 98.891, 19.796 ], [ 98.906, 19.791 ], [ 98.926, 19.776 ], [ 98.921, 19.767 ], [ 98.941, 19.77 ], [ 98.976, 19.729 ], [ 99.002, 19.734 ], [ 99.01, 19.741 ], [ 99.021, 19.738 ], [ 99.034, 19.693 ], [ 99.045, 19.687 ], [ 99.051, 19.671 ], [ 99.066, 19.67 ], [ 99.087, 19.649 ], [ 99.088, 19.63 ], [ 99.104, 19.619 ], [ 99.109, 19.592 ], [ 99.127, 19.576 ], [ 99.138, 19.571 ], [ 99.158, 19.584 ], [ 99.174, 19.578 ], [ 99.18, 19.551 ], [ 99.221, 19.525 ], [ 99.251, 19.557 ], [ 99.282, 19.566 ], [ 99.313, 19.526 ], [ 99.304, 19.513 ], [ 99.309, 19.484 ], [ 99.304, 19.483 ], [ 99.321, 19.46 ], [ 99.308, 19.429 ], [ 99.32, 19.415 ], [ 99.326, 19.388 ], [ 99.334, 19.386 ], [ 99.333, 19.364 ], [ 99.317, 19.35 ], [ 99.342, 19.285 ], [ 99.337, 19.247 ], [ 99.313, 19.229 ], [ 99.304, 19.185 ], [ 99.32, 19.165 ], [ 99.325, 19.148 ], [ 99.321, 19.123 ] ] ] } },
{ "type": "Feature", "properties": { "hybas_id": 4071059190, "next_down": 4071072690, "main_bas": 4070018280, "sub_area": 1927.8, "up_area": 1927.9, "th_share": 1.0 }, "geometry": { "type": "Polygon", "coordinates": [ [ [ 98.591, 19.328 ], [ 98.595, 19.353 ], [ 98.575, 19.385 ], [ 98.596, 19.408 ], [ 98.588, 19.414 ], [ 98.588, 19.442 ], [ 98.6, 19.471 ], [ 98.595, 19.495 ], [ 98.588, 19.497 ], [ 98.587, 19.508 ], [ 98.571, 19.513 ], [ 98.57, 19.536 ], [ 98.562, 19.549 ], [ 98.547, 19.555 ], [ 98.537, 19.611 ], [ 98.524, 19.628 ], [ 98.502, 19.634 ], [ 98.471, 19.669 ], [ 98.476, 19.676 ], [ 98.472, 19.695 ], [ 98.498, 19.705 ], [ 98.511, 19.717 ], [ 98.527, 19.708 ], [ 98.538, 19.693 ], [ 98.567, 19.679 ], [ 98.575, 19.704 ], [ 98.591, 19.701 ], [ 98.593, 19.708 ], [ 98.623, 19.713 ], [ 98.685, 19.754 ], [ 98.702, 19.755 ], [ 98.713, 19.767 ], [ 98.735, 19.75 ], [ 98.752, 19.758 ], [ 98.778, 19.749 ], [ 98.796, 19.763 ], [ 98.804, 19.757 ], [ 98.813, 19.73 ], [ 98.795, 19.701 ], [ 98.817, 19.629 ], [ 98.792, 19.6 ], [ 98.792, 19.585 ], [ 98.801, 19.555 ], [ 98.812, 19.553 ], [ 98.817, 19.529 ], [ 98.812, 19.51 ], [ 98.824, 19.504 ], [ 98.826, 19.497 ], [ 98.85, 19.488 ], [ 98.863, 19.447 ], [ 98.879, 19.44 ], [ 98.854, 19.413 ], [ 98.855, 19.397 ], [ 98.887, 19.393 ], [ 98.852, 19.387 ], [ 98.833, 19.375 ], [ 98.838, 19.368 ], [ 98.834, 19.352 ], [ 98.846, 19.333 ], [ 98.834, 19.327 ], [ 98.829, 19.315 ], [ 98.838, 19.296 ], [ 98.865, 19.295 ], [ 98.891, 19.282 ], [ 98.897, 19.268 ], [ 98.903, 19.266 ], [ 98.896, 19.248 ], [ 98.901, 19.227 ], [ 98.922, 19.201 ], [ 98.962, 19.169 ], [ 98.97, 19.118 ], [ 98.95, 19.108 ], [ 98.938, 19.113 ], [ 98.932, 19.129 ], [ 98.901, 19.124 ], [ 98.891, 19.141 ], [ 98.869, 19.158 ], [ 98.852, 19.159 ], [ 98.821, 19.183 ], [ 98.801, 19.174 ], [ 98.795, 19.159 ], [ 98.787, 19.158 ], [ 98.778, 19.17 ], [ 98.768, 19.17 ], [ 98.727, 19.138 ], [ 98.715, 19.142 ], [ 98.698, 19.133 ], [ 98.673, 19.146 ], [ 98.648, 19.13 ], [ 98.638, 19.13 ], [ 98.633, 19.157 ], [ 98.616, 19.174 ], [ 98.584, 19.188 ], [ 98.567, 19.208 ], [ 98.595, 19.226 ], [ 98.588, 19.267 ], [ 98.604, 19.277 ], [ 98.599, 19.291 ], [ 98.609, 19.303 ], [ 98.591, 19.328 ] ] ] } },
{ "type": "Feature", "properties": { "hybas_id": 4070018290, "next_down": 0, "main_bas": 4070018290, "sub_area": 466.3, "up_area": 466.3, "th_share": 0.97 }, "geometry": { "type": "Polygon", "coordinates": [ [ [ 100.383, 13.708 ], [ 100.433, 13.717 ], [ 100.45, 13.706 ], [ 100.445, 13.702 ], [ 100.454, 13.665 ], [ 100.449, 13.659 ], [ 100.458, 13.653 ], [ 100.466, 13.631 ], [ 100.467, 13.606 ], [ 100.48, 13.593 ], [ 100.472, 13.591 ], [ 100.467, 13.572 ], [ 100.499, 13.553 ], [ 100.5, 13.546 ], [ 100.545, 13.572 ], [ 100.551, 13.578 ], [ 100.545, 13.587 ], [ 100.551, 13.607 ], [ 100.556, 13.612 ], [ 100.591, 13.607 ], [ 100.592, 13.592 ], [ 100.578, 13.572 ], [ 100.571, 13.57 ], [ 100.592, 13.534 ], [ 100.587, 13.521 ], [ 100.531, 13.505 ], [ 100.46, 13.496 ], [ 100.455, 13.501 ], [ 100.359, 13.483 ], [ 100.31, 13.488 ], [ 100.275, 13.504 ], [ 100.275, 13.517 ], [ 100.267, 13.525 ], [ 100.275, 13.535 ], [ 100.271, 13.541 ], [ 100.281, 13.542 ], [ 100.3, 13.567 ], [ 100.317, 13.571 ], [ 100.355, 13.628 ], [ 100.37, 13.634 ], [ 100.375, 13.645 ], [ 100.374, 13.653 ], [ 100.364, 13.655 ], [ 100.347, 13.672 ], [ 100.341, 13.688 ], [ 100.346, 13.704 ], [ 100.379, 13.717 ], [ 100.383, 13.708 ] ] ] } },
{ "type": "Feature", "properties": { "hybas_id": 4070018330, "next_down": 0, "main_bas": 4070018330, "sub_area": 785.3, "up_area": 12931.7, "th_share": 1.0 }, "geometry": { "type": "Polygon", "coordinates": [ [ [ 100.204, 13.721 ], [ 100.214, 13.712 ], [ 100.249, 13.713 ], [ 100.255, 13.733 ], [ 100.269, 13.726 ], [ 100.302, 13.724 ], [ 100.328, 13.704 ], [ 100.346, 13.704 ], [ 100.341, 13.688 ], [ 100.347, 13.672 ], [ 100.364, 13.655 ], [ 100.374, 13.653 ], [ 100.37, 13.634 ], [ 100.355, 13.628 ], [ 100.317, 13.571 ], [ 100.3, 13.567 ], [ 100.281, 13.542 ], [ 100.271, 13.541 ], [ 100.275, 13.535 ], [ 100.267, 13.525 ], [ 100.258, 13.525 ], [ 100.262, 13.498 ], [ 100.253, 13.484 ], [ 100.154, 13.454 ], [ 100.139, 13.455 ], [ 100.119, 13.463 ], [ 100.107, 13.479 ], [ 100.093, 13.48 ], [ 100.082, 13.499 ], [ 100.068, 13.501 ], [ 100.066, 13.491 ], [ 100.053, 13.507 ], [ 100.037, 13.513 ], [ 100.013, 13.499 ], [ 100.017, 13.479 ], [ 99.988, 13.48 ], [ 99.97, 13.512 ], [ 99.963, 13.513 ], [ 99.963, 13.524 ], [ 99.982, 13.526 ], [ 100.007, 13.547 ], [ 100.013, 13.559 ], [ 100.005, 13.577 ], [ 100.025, 13.604 ], [ 100.022, 13.641 ], [ 100.056, 13.659 ], [ 100.066, 13.667 ], [ 100.071, 13.686 ], [ 100.084, 13.692 ], [ 100.095, 13.687 ], [ 100.106, 13.667 ], [ 100.11, 13.67 ], [ 100.123, 13.659 ], [ 100.13, 13.663 ], [ 100.148, 13.651 ], [ 100.162, 13.649 ], [ 100.163, 13.662 ], [ 100.171, 13.667 ], [ 100.166, 13.686 ], [ 100.203, 13.697 ], [ 100.201, 13.71 ], [ 100.204, 13.721 ] ] ] } },
{ "type": "Feature", "properties": { "hybas_id": 4071126490, "next_down": 4070018330, "main_bas": 4070018330, "sub_area": 646.8, "up_area": 647.0, "th_share": 1.0 }, "geometry": { "type": "Polygon", "coordinates": [ [ [ 100.083, 13.821 ], [ 100.094, 13.813 ], [ 100.098, 13.817 ], [ 100.117, 13.813 ], [ 100.117, 13.801 ], [ 100.137, 13.795 ], [ 100.142, 13.788 ], [ 100.134, 13.773 ], [ 100.138, 13.763 ], [ 100.149, 13.757 ], [ 100.157, 13.741 ], [ 100.182, 13.745 ], [ 100.204, 13.723 ], [ 100.203, 13.697 ], [ 100.166, 13.686 ], [ 100.171, 13.667 ], [ 100.163, 13.662 ], [ 100.162, 13.649 ], [ 100.148, 13.651 ], [ 100.13, 13.663 ], [ 100.123, 13.659 ], [ 100.11, 13.67 ], [ 100.106, 13.667 ], [ 100.095, 13.687 ], [ 100.084, 13.692 ], [ 100.071, 13.686 ], [ 100.066, 13.667 ], [ 100.034, 13.649 ], [ 100.032, 13.642 ], [ 100.022, 13.641 ], [ 100.025, 13.604 ], [ 100.004, 13.571 ], [ 99.963, 13.58 ], [ 99.962, 13.591 ], [ 99.938, 13.592 ], [ 99.937, 13.607 ], [ 99.945, 13.609 ], [ 99.949, 13.627 ], [ 99.946, 13.654 ], [ 99.925, 13.646 ], [ 99.912, 13.662 ], [ 99.898, 13.659 ], [ 99.883, 13.667 ], [ 99.896, 13.675 ], [ 99.909, 13.699 ], [ 99.901, 13.701 ], [ 99.9, 13.708 ], [ 99.913, 13.744 ], [ 99.909, 13.769 ], [ 99.929, 13.788 ], [ 99.921, 13.793 ], [ 99.925, 13.819 ], [ 99.917, 13.827 ], [ 99.904, 13.883 ], [ 99.92, 13.896 ], [ 99.935, 13.888 ], [ 99.947, 13.901 ], [ 99.961, 13.899 ], [ 99.982, 13.891 ], [ 100.052, 13.821 ], [ 100.083, 13.821 ] ] ] } },
{ "type": "Feature", "properties": { "hybas_id": 4071126430, "next_down": 4070018330, "main_bas": 4070018330, "sub_area": 1541.3, "up_area": 11499.3, "th_share": 1.0 }, "geometry": { "type": "Polygon", "coordinates": [ [ [ 100.446, 14.013 ], [ 100.474, 14.012 ], [ 100.475, 14.004 ], [ 100.491, 13.999 ], [ 100.501, 13.98 ], [ 100.508, 13.979 ], [ 100.509, 13.967 ], [ 100.521, 13.961 ], [ 100.52, 13.955 ], [ 100.496, 13.949 ], [ 100.491, 13.926 ], [ 100.463, 13.924 ], [ 100.457, 13.899 ], [ 100.438, 13.909 ], [ 100.426, 13.903 ], [ 100.434, 13.892 ], [ 100.428, 13.876 ], [ 100.418, 13.879 ], [ 100.413, 13.856 ], [ 100.417, 13.838 ], [ 100.436, 13.841 ], [ 100.446, 13.833 ], [ 100.445, 13.826 ], [ 100.426, 13.824 ], [ 100.416, 13.809 ], [ 100.417, 13.787 ], [ 100.432, 13.791 ], [ 100.441, 13.782 ], [ 100.451, 13.763 ], [ 100.449, 13.751 ], [ 100.438, 13.744 ], [ 100.433, 13.717 ], [ 100.39, 13.709 ], [ 100.383, 13.708 ], [ 100.379, 13.717 ], [ 100.352, 13.705 ], [ 100.328, 13.704 ], [ 100.302, 13.724 ], [ 100.269, 13.726 ], [ 100.255, 13.733 ], [ 100.249, 13.713 ], [ 100.214, 13.712 ], [ 100.182, 13.745 ], [ 100.157, 13.741 ], [ 100.151, 13.747 ], [ 100.149, 13.757 ], [ 100.134, 13.773 ], [ 100.142, 13.788 ], [ 100.117, 13.801 ], [ 100.117, 13.813 ], [ 100.052, 13.821 ], [ 99.982, 13.891 ], [ 99.961, 13.899 ], [ 99.947, 13.901 ], [ 99.935, 13.888 ], [ 99.92, 13.896 ], [ 99.904, 13.883 ], [ 99.899, 13.898 ], [ 99.874, 13.924 ], [ 99.862, 13.93 ], [ 99.855, 13.925 ], [ 99.846, 13.935 ], [ 99.846, 13.944 ], [ 99.857, 13.955 ], [ 99.867, 13.946 ], [ 99.914, 13.95 ], [ 99.935, 13.937 ], [ 99.943, 13.945 ], [ 99.964, 13.941 ], [ 99.983, 13.958 ], [ 99.999, 13.953 ], [ 100.015, 13.938 ], [ 100.044, 13.934 ], [ 100.066, 13.942 ], [ 100.067, 13.958 ], [ 100.09, 13.974 ], [ 100.102, 13.967 ], [ 100.113, 13.971 ], [ 100.126, 13.995 ], [ 100.161, 14.005 ], [ 100.171, 14.021 ], [ 100.211, 14.03 ], [ 100.217, 14.042 ], [ 100.226, 14.026 ], [ 100.222, 14.013 ], [ 100.245, 14.012 ], [ 100.247, 14.004 ], [ 100.252, 14.005 ], [ 100.263, 14.013 ], [ 100.263, 14.024 ], [ 100.279, 14.02 ], [ 100.299, 14.027 ], [ 100.305, 14.041 ], [ 100.3, 14.074 ], [ 100.307, 14.076 ], [ 100.317, 14.103 ], [ 100.353, 14.103 ], [ 100.355, 14.088 ], [ 100.374, 14.083 ], [ 100.383, 14.07 ], [ 100.399, 14.072 ], [ 100.41, 14.087 ], [ 100.428, 14.075 ], [ 100.434, 14.087 ], [ 100.449, 14.082 ], [ 100.454, 14.073 ], [ 100.449, 14.059 ], [ 100.438, 14.052 ], [ 100.45, 14.023 ], [ 100.446, 14.013 ] ] ] } },
{ "type": "Feature", "properties": { "hybas_id": 4071123190, "next_down": 4071126430, "main_bas": 4070018330, "sub_area": 445.7, "up_area": 445.9, "th_share": 1.0 }, "geometry": { "type": "Polygon", "coordinates": [ [ [ 99.992, 14.004 ], [ 99.997, 14.012 ], [ 100.038, 14.014 ], [ 100.042, 14.033 ], [ 100.056, 14.034 ], [ 100.097, 14.066 ], [ 100.125, 14.058 ], [ 100.122, 14.026 ], [ 100.137, 14.02 ], [ 100.158, 14.026 ], [ 100.171, 14.021 ], [ 100.161, 14.005 ], [ 100.126, 13.995 ], [ 100.113, 13.971 ], [ 100.102, 13.967 ], [ 100.09, 13.974 ], [ 100.067, 13.958 ], [ 100.066, 13.942 ], [ 100.029, 13.933 ], [ 99.983, 13.958 ], [ 99.964, 13.941 ], [ 99.943, 13.945 ], [ 99.935, 13.937 ], [ 99.914, 13.95 ], [ 99.867, 13.946 ], [ 99.857, 13.955 ], [ 99.844, 13.942 ], [ 99.813, 13.959 ], [ 99.813, 13.969 ], [ 99.821, 13.975 ], [ 99.816, 13.99 ], [ 99.788, 14.018 ], [ 99.782, 14.033 ], [ 99.76, 14.029 ], [ 99.757, 14.037 ], [ 99.749, 14.038 ], [ 99.74, 14.03 ], [ 99.714, 14.029 ], [ 99.702, 14.017 ], [ 99.679, 14.017 ], [ 99.692, 14.028 ], [ 99.687, 14.058 ], [ 99.695, 14.067 ], [ 99.712, 14.058 ], [ 99.732, 14.059 ], [ 99.747, 14.082 ], [ 99.783, 14.096 ], [ 99.823, 14.075 ], [ 99.875, 14.079 ], [ 99.879, 14.067 ], [ 99.891, 14.07 ], [ 99.902, 14.055 ], [ 99.924, 14.054 ], [ 99.926, 14.046 ], [ 99.945, 14.049 ], [ 99.959, 14.03 ], [ 99.955, 14.019 ], [ 99.959, 14.009 ], [ 99.97, 13.999 ], [ 99.992, 14.004 ] ] ] } },
{ "type": "Feature", "properties": { "hybas_id": 4071123140, "next_down": 4071126430, "main_bas": 4070018330, "sub_area": 679.7, "up_area": 9511.6, "th_share": 1.0 }, "geometry": { "type": "Polygon", "coordinates": [ [ [ 100.221, 14.017 ], [ 100.226, 14.026 ], [ 100.217, 14.042 ], [ 100.211, 14.03 ], [ 100.177, 14.021 ], [ 100.158, 14.026 ], [ 100.137, 14.02 ], [ 100.122, 14.026 ], [ 100.125, 14.058 ], [ 100.097, 14.066 ], [ 100.056, 14.034 ], [ 100.042, 14.033 ], [ 100.038, 14.014 ], [ 99.997, 14.012 ], [ 99.995, 14.005 ], [ 99.97, 13.999 ], [ 99.959, 14.009 ], [ 99.955, 14.019 ], [ 99.959, 14.03 ], [ 99.945, 14.049 ], [ 99.926, 14.046 ], [ 99.924, 14.054 ], [ 99.902, 14.055 ], [ 99.891, 14.07 ], [ 99.879, 14.067 ], [ 99.875, 14.082 ], [ 99.888, 14.092 ], [ 99.895, 14.091 ], [ 99.897, 14.084 ], [ 99.925, 14.083 ], [ 99.934, 14.089 ], [ 99.93, 14.128 ], [ 99.966, 14.151 ], [ 99.991, 14.147 ], [ 99.997, 14.162 ], [ 100.01, 14.17 ], [ 100.048, 14.179 ], [ 100.065, 14.174 ], [ 100.084, 14.154 ], [ 100.108, 14.159 ], [ 100.117, 14.179 ], [ 100.166, 14.184 ], [ 100.167, 14.171 ], [ 100.19, 14.17 ], [ 100.199, 14.162 ], [ 100.204, 14.164 ], [ 100.201, 14.174 ], [ 100.216, 14.18 ], [ 100.228, 14.175 ], [ 100.241, 14.192 ], [ 100.258, 14.188 ], [ 100.259, 14.177 ], [ 100.267, 14.171 ], [ 100.268, 14.176 ], [ 100.277, 14.163 ], [ 100.291, 14.171 ], [ 100.32, 14.166 ], [ 100.322, 14.154 ], [ 100.353, 14.158 ], [ 100.358, 14.139 ], [ 100.347, 14.132 ], [ 100.333, 14.104 ], [ 100.317, 14.103 ], [ 100.307, 14.076 ], [ 100.3, 14.074 ], [ 100.305, 14.041 ], [ 100.295, 14.022 ], [ 100.263, 14.024 ], [ 100.263, 14.013 ], [ 100.247, 14.004 ], [ 100.245, 14.012 ], [ 100.221, 14.017 ] ] ] } },
{ "type": "Feature", "properties": { "hybas_id": 4071121230, "next_down": 4071123140, "main_bas": 4070018330, "sub_area": 3215.1, "up_area": 3215.1, "th_share": 1.0 }, "geometry": { "type": "Polygon", "coordinates": [ [ [ 99.571, 14.313 ], [ 99.543, 14.33 ], [ 99.55, 14.344 ], [ 99.545, 14.392 ], [ 99.558, 14.41 ], [ 99.563, 14.457 ], [ 99.579, 14.483 ], [ 99.58, 14.507 ], [ 99.6, 14.552 ], [ 99.596, 14.556 ], [ 99.599, 14.577 ], [ 99.58, 14.593 ], [ 99.566, 14.656 ], [ 99.551, 14.677 ], [ 99.542, 14.717 ], [ 99.566, 14.704 ], [ 99.591, 14.708 ], [ 99.596, 14.7 ], [ 99.605, 14.72 ], [ 99.624, 14.73 ], [ 99.629, 14.746 ], [ 99.638, 14.746 ], [ 99.653, 14.732 ], [ 99.664, 14.712 ], [ 99.719, 14.717 ], [ 99.728, 14.726 ], [ 99.748, 14.724 ], [ 99.762, 14.716 ], [ 99.769, 14.72 ], [ 99.778, 14.712 ], [ 99.792, 14.717 ], [ 99.797, 14.701 ], [ 99.824, 14.687 ], [ 99.826, 14.68 ], [ 99.853, 14.674 ], [ 99.883, 14.636 ], [ 99.888, 14.613 ], [ 99.906, 14.617 ], [ 99.939, 14.596 ], [ 99.969, 14.587 ], [ 99.981, 14.571 ], [ 99.99, 14.567 ], [ 99.994, 14.571 ], [ 100.006, 14.559 ], [ 100.038, 14.554 ], [ 100.03, 14.549 ], [ 100.013, 14.481 ], [ 100.016, 14.468 ], [ 100.0, 14.444 ], [ 100.0, 14.433 ], [ 100.017, 14.438 ], [ 100.026, 14.455 ], [ 100.048, 14.454 ], [ 100.057, 14.445 ], [ 100.071, 14.45 ], [ 100.075, 14.439 ], [ 100.067, 14.423 ], [ 100.071, 14.418 ], [ 100.066, 14.393 ], [ 100.071, 14.368 ], [ 100.092, 14.35 ], [ 100.079, 14.334 ], [ 100.087, 14.315 ], [ 100.083, 14.297 ], [ 100.067, 14.295 ], [ 100.062, 14.276 ], [ 100.074, 14.274 ], [ 100.079, 14.221 ], [ 100.107, 14.199 ], [ 100.117, 14.179 ], [ 100.108, 14.159 ], [ 100.084, 14.154 ], [ 100.054, 14.179 ], [ 100.01, 14.17 ], [ 99.997, 14.162 ], [ 99.991, 14.147 ], [ 99.966, 14.151 ], [ 99.93, 14.128 ], [ 99.934, 14.089 ], [ 99.925, 14.083 ], [ 99.897, 14.084 ], [ 99.895, 14.091 ], [ 99.888, 14.092 ], [ 99.875, 14.079 ], [ 99.823, 14.075 ], [ 99.79, 14.095 ], [ 99.773, 14.095 ], [ 99.747, 14.082 ], [ 99.732, 14.059 ], [ 99.712, 14.058 ], [ 99.695, 14.067 ], [ 99.687, 14.058 ], [ 99.692, 14.041 ], [ 99.688, 14.021 ], [ 99.669, 14.016 ], [ 99.662, 14.001 ], [ 99.65, 14.0 ], [ 99.651, 14.016 ], [ 99.658, 14.023 ], [ 99.663, 14.077 ], [ 99.65, 14.106 ], [ 99.655, 14.139 ], [ 99.641, 14.199 ], [ 99.626, 14.215 ], [ 99.621, 14.223 ], [ 99.625, 14.228 ], [ 99.583, 14.242 ], [ 99.588, 14.255 ], [ 99.583, 14.27 ], [ 99.559, 14.284 ], [ 99.558, 14.292 ], [ 99.571, 14.313 ] ] ] } },
{ "type": "Feature", "properties": { "hybas_id": 4071121180, "next_down": 4071123140, "main_bas": 4070018330, "sub_area": 1709.7, "up_area": 5617.3, "th_share": 1.0 }, "geometry": { "type": "Polygon", "coordinates": [ [ [ 100.079, 14.296 ], [ 100.087, 14.315 ], [ 100.079, 14.334 ], [ 100.092, 14.35 ], [ 100.071, 14.368 ], [ 100.066, 14.393 ], [ 100.071, 14.418 ], [ 100.067, 14.423 ], [ 100.075, 14.439 ], [ 100.071, 14.45 ], [ 100.057, 14.445 ], [ 100.048, 14.454 ], [ 100.026, 14.455 ], [ 100.017, 14.438 ], [ 100.0, 14.433 ], [ 100.0, 14.444 ], [ 100.016, 14.468 ], [ 100.013, 14.481 ], [ 100.03, 14.549 ], [ 100.038, 14.554 ], [ 100.006, 14.559 ], [ 99.994, 14.571 ], [ 99.99, 14.567 ], [ 99.981, 14.571 ], [ 99.969, 14.587 ], [ 99.939, 14.596 ], [ 99.906, 14.617 ], [ 99.888, 14.613 ], [ 99.883, 14.636 ], [ 99.853, 14.674 ], [ 99.826, 14.68 ], [ 99.824, 14.687 ], [ 99.797, 14.701 ], [ 99.792, 14.717 ], [ 99.778, 14.712 ], [ 99.769, 14.72 ], [ 99.762, 14.716 ], [ 99.748, 14.724 ], [ 99.728, 14.726 ], [ 99.719, 14.717 ], [ 99.664, 14.712 ], [ 99.638, 14.749 ], [ 99.658, 14.75 ], [ 99.659, 14.757 ], [ 99.691, 14.78 ], [ 99.741, 14.77 ], [ 99.769, 14.787 ], [ 99.783, 14.788 ], [ 99.795, 14.783 ], [ 99.801, 14.771 ], [ 99.823, 14.763 ], [ 99.866, 14.762 ], [ 99.876, 14.747 ], [ 99.888, 14.742 ], [ 99.898, 14.742 ], [ 99.923, 14.759 ], [ 99.943, 14.746 ], [ 99.983, 14.742 ], [ 99.984, 14.749 ], [ 100.0, 14.747 ], [ 100.008, 14.756 ], [ 100.009, 14.77 ], [ 100.052, 14.799 ], [ 100.069, 14.805 ], [ 100.092, 14.8 ], [ 100.098, 14.792 ], [ 100.115, 14.791 ], [ 100.123, 14.784 ], [ 100.145, 14.792 ], [ 100.151, 14.803 ], [ 100.147, 14.828 ], [ 100.167, 14.824 ], [ 100.162, 14.817 ], [ 100.176, 14.789 ], [ 100.192, 14.774 ], [ 100.183, 14.754 ], [ 100.201, 14.698 ], [ 100.213, 14.679 ], [ 100.204, 14.63 ], [ 100.217, 14.6 ], [ 100.184, 14.573 ], [ 100.179, 14.56 ], [ 100.191, 14.552 ], [ 100.183, 14.53 ], [ 100.167, 14.529 ], [ 100.167, 14.515 ], [ 100.172, 14.501 ], [ 100.188, 14.5 ], [ 100.184, 14.459 ], [ 100.224, 14.444 ], [ 100.238, 14.392 ], [ 100.244, 14.388 ], [ 100.267, 14.4 ], [ 100.271, 14.392 ], [ 100.254, 14.355 ], [ 100.257, 14.333 ], [ 100.2, 14.363 ], [ 100.191, 14.351 ], [ 100.192, 14.338 ], [ 100.206, 14.313 ], [ 100.223, 14.312 ], [ 100.241, 14.295 ], [ 100.262, 14.299 ], [ 100.279, 14.275 ], [ 100.274, 14.251 ], [ 100.252, 14.238 ], [ 100.242, 14.241 ], [ 100.238, 14.232 ], [ 100.238, 14.221 ], [ 100.262, 14.198 ], [ 100.258, 14.188 ], [ 100.241, 14.192 ], [ 100.228, 14.175 ], [ 100.216, 14.18 ], [ 100.201, 14.174 ], [ 100.204, 14.164 ], [ 100.199, 14.162 ], [ 100.19, 14.17 ], [ 100.167, 14.171 ], [ 100.166, 14.184 ], [ 100.113, 14.18 ], [ 100.107, 14.199 ], [ 100.079, 14.221 ], [ 100.074, 14.274 ], [ 100.062, 14.276 ], [ 100.067, 14.295 ], [ 100.079, 14.296 ] ] ] } },
{ "type": "Feature", "properties": { "hybas_id": 4071114610, "next_down": 4071121180, "main_bas": 4070018330, "sub_area": 2107.2, "up_area": 2107.3, "th_share": 1.0 }, "geometry": { "type": "Polygon", "coordinates": [ [ [ 99.658, 14.75 ], [ 99.629, 14.746 ], [ 99.624, 14.73 ], [ 99.605, 14.72 ], [ 99.596, 14.7 ], [ 99.591, 14.708 ], [ 99.566, 14.704 ], [ 99.554, 14.708 ], [ 99.538, 14.743 ], [ 99.542, 14.763 ], [ 99.516, 14.792 ], [ 99.52, 14.798 ], [ 99.512, 14.813 ], [ 99.517, 14.82 ], [ 99.492, 14.833 ], [ 99.463, 14.873 ], [ 99.466, 14.894 ], [ 99.458, 14.9 ], [ 99.458, 14.915 ], [ 99.45, 14.923 ], [ 99.449, 14.948 ], [ 99.433, 14.971 ], [ 99.442, 14.983 ], [ 99.426, 15.006 ], [ 99.416, 15.041 ], [ 99.36, 15.051 ], [ 99.342, 15.077 ], [ 99.342, 15.112 ], [ 99.371, 15.121 ], [ 99.375, 15.131 ], [ 99.375, 15.139 ], [ 99.354, 15.163 ], [ 99.345, 15.163 ], [ 99.351, 15.192 ], [ 99.363, 15.2 ], [ 99.354, 15.233 ], [ 99.37, 15.252 ], [ 99.362, 15.272 ], [ 99.367, 15.279 ], [ 99.39, 15.271 ], [ 99.402, 15.283 ], [ 99.415, 15.28 ], [ 99.427, 15.291 ], [ 99.442, 15.282 ], [ 99.447, 15.271 ], [ 99.454, 15.276 ], [ 99.487, 15.274 ], [ 99.48, 15.226 ], [ 99.49, 15.221 ], [ 99.498, 15.229 ], [ 99.531, 15.209 ], [ 99.554, 15.207 ], [ 99.574, 15.186 ], [ 99.576, 15.173 ], [ 99.592, 15.146 ], [ 99.608, 15.133 ], [ 99.599, 15.128 ], [ 99.633, 15.098 ], [ 99.654, 15.061 ], [ 99.659, 15.034 ], [ 99.667, 15.033 ], [ 99.662, 15.023 ], [ 99.667, 14.998 ], [ 99.683, 14.977 ], [ 99.683, 14.963 ], [ 99.696, 14.946 ], [ 99.761, 14.941 ], [ 99.804, 14.921 ], [ 99.839, 14.937 ], [ 99.854, 14.938 ], [ 99.865, 14.925 ], [ 99.878, 14.934 ], [ 99.927, 14.93 ], [ 99.949, 14.937 ], [ 99.956, 14.926 ], [ 99.974, 14.924 ], [ 99.984, 14.905 ], [ 100.011, 14.899 ], [ 100.045, 14.878 ], [ 100.047, 14.868 ], [ 100.057, 14.858 ], [ 100.066, 14.863 ], [ 100.071, 14.838 ], [ 100.096, 14.819 ], [ 100.088, 14.811 ], [ 100.088, 14.8 ], [ 100.069, 14.805 ], [ 100.052, 14.799 ], [ 100.009, 14.77 ], [ 100.008, 14.756 ], [ 100.0, 14.747 ], [ 99.984, 14.749 ], [ 99.983, 14.742 ], [ 99.943, 14.746 ], [ 99.923, 14.759 ], [ 99.898, 14.742 ], [ 99.888, 14.742 ], [ 99.876, 14.747 ], [ 99.866, 14.762 ], [ 99.823, 14.763 ], [ 99.801, 14.771 ], [ 99.795, 14.783 ], [ 99.783, 14.788 ], [ 99.769, 14.787 ], [ 99.741, 14.77 ], [ 99.691, 14.78 ], [ 99.659, 14.757 ], [ 99.658, 14.75 ] ] ] } },
{ "type": "Feature", "properties": { "hybas_id": 4071114620, "next_down": 4071121180, "main_bas": 4070018330, "sub_area": 1799.9, "up_area": 1800.2, "th_share": 1.0 }, "geometry": { "type": "Polygon", "coordinates": [ [ [ 99.804, 14.921 ], [ 99.761, 14.941 ], [ 99.696, 14.946 ], [ 99.683, 14.963 ], [ 99.683, 14.977 ], [ 99.667, 14.998 ], [ 99.662, 15.023 ], [ 99.667, 15.033 ], [ 99.659, 15.034 ], [ 99.654, 15.061 ], [ 99.633, 15.098 ], [ 99.599, 15.128 ], [ 99.64, 15.142 ], [ 99.682, 15.138 ], [ 99.698, 15.15 ], [ 99.719, 15.138 ], [ 99.738, 15.142 ], [ 99.746, 15.167 ], [ 99.737, 15.203 ], [ 99.745, 15.205 ], [ 99.746, 15.225 ], [ 99.786, 15.246 ], [ 99.802, 15.238 ], [ 99.813, 15.242 ], [ 99.813, 15.266 ], [ 99.83, 15.267 ], [ 99.837, 15.262 ], [ 99.871, 15.279 ], [ 99.879, 15.275 ], [ 99.932, 15.288 ], [ 99.957, 15.283 ], [ 99.965, 15.275 ], [ 99.973, 15.279 ], [ 99.998, 15.25 ], [ 100.002, 15.254 ], [ 100.035, 15.234 ], [ 100.057, 15.228 ], [ 100.073, 15.213 ], [ 100.087, 15.212 ], [ 100.092, 15.2 ], [ 100.091, 15.188 ], [ 100.083, 15.186 ], [ 100.088, 15.129 ], [ 100.083, 15.113 ], [ 100.075, 15.113 ], [ 100.079, 15.092 ], [ 100.087, 15.091 ], [ 100.112, 15.062 ], [ 100.12, 15.048 ], [ 100.122, 15.026 ], [ 100.133, 15.024 ], [ 100.138, 15.008 ], [ 100.145, 15.013 ], [ 100.142, 15.001 ], [ 100.166, 14.991 ], [ 100.171, 14.967 ], [ 100.17, 14.951 ], [ 100.155, 14.941 ], [ 100.153, 14.93 ], [ 100.142, 14.928 ], [ 100.141, 14.91 ], [ 100.134, 14.902 ], [ 100.134, 14.859 ], [ 100.149, 14.858 ], [ 100.15, 14.829 ], [ 100.145, 14.824 ], [ 100.151, 14.803 ], [ 100.145, 14.792 ], [ 100.123, 14.784 ], [ 100.115, 14.791 ], [ 100.098, 14.792 ], [ 100.088, 14.8 ], [ 100.088, 14.811 ], [ 100.096, 14.819 ], [ 100.071, 14.838 ], [ 100.066, 14.863 ], [ 100.057, 14.858 ], [ 100.047, 14.868 ], [ 100.045, 14.878 ], [ 100.011, 14.899 ], [ 99.984, 14.905 ], [ 99.974, 14.924 ], [ 99.956, 14.926 ], [ 99.949, 14.937 ], [ 99.927, 14.93 ], [ 99.878, 14.934 ], [ 99.865, 14.925 ], [ 99.854, 14.938 ], [ 99.839, 14.937 ], [ 99.804, 14.921 ] ] ] } },
{ "type": "Feature", "properties": { "hybas_id": 4070018340, "next_down": 0, "main_bas": 4070018340, "sub_area": 19.4, "up_area": 19.4, "th_share": 0.74 }, "geometry": { "type": "Polygon", "coordinates": [ [ [ 100.158, 13.45 ], [ 100.155, 13.458 ], [ 100.253, 13.484 ], [ 100.262, 13.498 ], [ 100.258, 13.525 ], [ 100.275, 13.517 ], [ 100.275, 13.489 ], [ 100.265, 13.48 ], [ 100.211, 13.459 ], [ 100.158, 13.45 ] ] ] } },
{ "type": "Feature", "properties": { "hybas_id": 4070018350, "next_down": 0, "main_bas": 4070018350, "sub_area": 123.1, "up_area": 123.2, "th_share": 0.95 }, "geometry": { "type": "Polygon", "coordinates": [ [ [ 100.0, 13.367 ], [ 99.996, 13.375 ], [ 100.012, 13.389 ], [ 100.004, 13.413 ], [ 100.009, 13.432 ], [ 100.02, 13.438 ], [ 100.03, 13.463 ], [ 100.012, 13.491 ], [ 100.019, 13.504 ], [ 100.037, 13.513 ], [ 100.053, 13.507 ], [ 100.066, 13.491 ], [ 100.068, 13.501 ], [ 100.082, 13.499 ], [ 100.093, 13.48 ], [ 100.107, 13.479 ], [ 100.119, 13.463 ], [ 100.157, 13.453 ], [ 100.157, 13.447 ], [ 100.094, 13.429 ], [ 100.051, 13.407 ], [ 100.037, 13.368 ], [ 100.022, 13.358 ], [ 100.0, 13.367 ] ] ] } },
{ "type": "Feature", "properties": { "hybas_id": 4070018360, "next_down": 0, "main_bas": 4070018360, "sub_area": 2975.3, "up_area": 28650.9, "th_share": 1.0 }, "geometry": { "type": "Polygon", "coordinates": [ [ [ 99.913, 13.744 ], [ 99.901, 13.701 ], [ 99.909, 13.699 ], [ 99.904, 13.685 ], [ 99.883, 13.667 ], [ 99.898, 13.659 ], [ 99.912, 13.662 ], [ 99.925, 13.646 ], [ 99.946, 13.654 ], [ 99.949, 13.627 ], [ 99.945, 13.609 ], [ 99.937, 13.607 ], [ 99.938, 13.592 ], [ 99.962, 13.591 ], [ 99.963, 13.58 ], [ 100.007, 13.57 ], [ 100.013, 13.559 ], [ 99.982, 13.526 ], [ 99.963, 13.524 ], [ 99.963, 13.513 ], [ 99.97, 13.512 ], [ 99.988, 13.48 ], [ 100.017, 13.479 ], [ 100.03, 13.463 ], [ 100.02, 13.438 ], [ 100.009, 13.432 ], [ 100.004, 13.413 ], [ 100.012, 13.389 ], [ 99.996, 13.371 ], [ 99.958, 13.363 ], [ 99.923, 13.387 ], [ 99.917, 13.379 ], [ 99.888, 13.384 ], [ 99.892, 13.415 ], [ 99.903, 13.422 ], [ 99.905, 13.43 ], [ 99.896, 13.439 ], [ 99.896, 13.479 ], [ 99.888, 13.48 ], [ 99.887, 13.487 ], [ 99.858, 13.488 ], [ 99.83, 13.479 ], [ 99.827, 13.483 ], [ 99.807, 13.459 ], [ 99.794, 13.454 ], [ 99.777, 13.459 ], [ 99.761, 13.45 ], [ 99.743, 13.451 ], [ 99.741, 13.459 ], [ 99.729, 13.45 ], [ 99.716, 13.466 ], [ 99.704, 13.467 ], [ 99.695, 13.455 ], [ 99.672, 13.453 ], [ 99.667, 13.443 ], [ 99.617, 13.428 ], [ 99.616, 13.409 ], [ 99.588, 13.408 ], [ 99.583, 13.388 ], [ 99.571, 13.379 ], [ 99.558, 13.379 ], [ 99.533, 13.4 ], [ 99.528, 13.433 ], [ 99.505, 13.446 ], [ 99.504, 13.456 ], [ 99.478, 13.483 ], [ 99.455, 13.488 ], [ 99.45, 13.517 ], [ 99.46, 13.525 ], [ 99.477, 13.52 ], [ 99.483, 13.527 ], [ 99.488, 13.558 ], [ 99.548, 13.558 ], [ 99.565, 13.546 ], [ 99.597, 13.578 ], [ 99.616, 13.588 ], [ 99.624, 13.583 ], [ 99.642, 13.588 ], [ 99.617, 13.633 ], [ 99.601, 13.643 ], [ 99.586, 13.662 ], [ 99.56, 13.675 ], [ 99.538, 13.702 ], [ 99.533, 13.725 ], [ 99.537, 13.744 ], [ 99.521, 13.767 ], [ 99.546, 13.807 ], [ 99.573, 13.821 ], [ 99.592, 13.842 ], [ 99.587, 13.873 ], [ 99.596, 13.902 ], [ 99.586, 13.912 ], [ 99.556, 13.913 ], [ 99.546, 13.921 ], [ 99.546, 13.932 ], [ 99.558, 13.948 ], [ 99.557, 13.97 ], [ 99.538, 13.976 ], [ 99.526, 13.994 ], [ 99.521, 14.017 ], [ 99.537, 14.017 ], [ 99.538, 14.022 ], [ 99.508, 14.057 ], [ 99.52, 14.068 ], [ 99.521, 14.079 ], [ 99.512, 14.09 ], [ 99.52, 14.093 ], [ 99.517, 14.121 ], [ 99.524, 14.131 ], [ 99.52, 14.167 ], [ 99.526, 14.18 ], [ 99.516, 14.199 ], [ 99.532, 14.204 ], [ 99.538, 14.217 ], [ 99.566, 14.217 ], [ 99.572, 14.237 ], [ 99.59, 14.241 ], [ 99.625, 14.228 ], [ 99.621, 14.223 ], [ 99.626, 14.215 ], [ 99.641, 14.199 ], [ 99.655, 14.139 ], [ 99.65, 14.106 ], [ 99.663, 14.077 ], [ 99.658, 14.023 ], [ 99.651, 14.016 ], [ 99.65, 14.0 ], [ 99.662, 14.001 ], [ 99.669, 14.016 ], [ 99.702, 14.017 ], [ 99.714, 14.029 ], [ 99.74, 14.03 ], [ 99.749, 14.038 ], [ 99.757, 14.037 ], [ 99.76, 14.029 ], [ 99.782, 14.033 ], [ 99.788, 14.018 ], [ 99.816, 13.99 ], [ 99.821, 13.975 ], [ 99.813, 13.969 ], [ 99.813, 13.959 ], [ 99.846, 13.942 ], [ 99.855, 13.925 ], [ 99.862, 13.93 ], [ 99.874, 13.924 ], [ 99.899, 13.898 ], [ 99.917, 13.827 ], [ 99.925, 13.819 ], [ 99.921, 13.793 ], [ 99.929, 13.788 ], [ 99.909, 13.769 ], [ 99.913, 13.744 ] ] ] } },
{ "type": "Feature", "properties": { "hybas_id": 4071123180, "next_down": 4070018360, "main_bas": 4070018360, "sub_area": 255.3, "up_area": 14619.7, "th_share": 1.0 }, "geometry": { "type": "Polygon", "coordinates": [ [ [ 99.417, 14.017 ], [ 99.401, 14.012 ], [ 99.396, 14.0 ], [ 99.38, 14.009 ], [ 99.378, 14.016 ], [ 99.348, 14.029 ], [ 99.325, 14.021 ], [ 99.324, 14.041 ], [ 99.316, 14.047 ], [ 99.321, 14.059 ], [ 99.317, 14.067 ], [ 99.336, 14.067 ], [ 99.341, 14.073 ], [ 99.346, 14.093 ], [ 99.342, 14.1 ], [ 99.371, 14.109 ], [ 99.387, 14.105 ], [ 99.393, 14.12 ], [ 99.399, 14.122 ], [ 99.401, 14.137 ], [ 99.413, 14.138 ], [ 99.426, 14.129 ], [ 99.442, 14.142 ], [ 99.475, 14.146 ], [ 99.504, 14.137 ], [ 99.52, 14.111 ], [ 99.52, 14.093 ], [ 99.512, 14.09 ], [ 99.521, 14.079 ], [ 99.52, 14.068 ], [ 99.508, 14.057 ], [ 99.537, 14.017 ], [ 99.486, 14.004 ], [ 99.452, 14.016 ], [ 99.427, 14.013 ], [ 99.417, 14.017 ] ] ] } },
{ "type": "Feature", "properties": { "hybas_id": 4071123250, "next_down": 4070018360, "main_bas": 4070018360, "sub_area": 11055.9, "up_area": 11056.4, "th_share": 1.0 }, "geometry": { "type": "Polygon", "coordinates": [ [ [ 98.492, 14.538 ], [ 98.463, 14.538 ], [ 98.458, 14.564 ], [ 98.463, 14.573 ], [ 98.454, 14.588 ], [ 98.459, 14.59 ], [ 98.443, 14.597 ], [ 98.441, 14.606 ], [ 98.416, 14.632 ], [ 98.38, 14.659 ], [ 98.367, 14.692 ], [ 98.343, 14.705 ], [ 98.341, 14.712 ], [ 98.326, 14.713 ], [ 98.304, 14.738 ], [ 98.296, 14.775 ], [ 98.284, 14.776 ], [ 98.275, 14.803 ], [ 98.259, 14.809 ], [ 98.25, 14.829 ], [ 98.263, 14.834 ], [ 98.262, 14.856 ], [ 98.247, 14.872 ], [ 98.245, 14.882 ], [ 98.237, 14.885 ], [ 98.254, 14.917 ], [ 98.245, 14.94 ], [ 98.229, 14.951 ], [ 98.234, 14.97 ], [ 98.213, 14.983 ], [ 98.213, 15.015 ], [ 98.238, 15.042 ], [ 98.222, 15.055 ], [ 98.216, 15.074 ], [ 98.197, 15.084 ], [ 98.188, 15.108 ], [ 98.188, 15.123 ], [ 98.196, 15.133 ], [ 98.191, 15.148 ], [ 98.216, 15.173 ], [ 98.217, 15.193 ], [ 98.2, 15.233 ], [ 98.208, 15.238 ], [ 98.233, 15.221 ], [ 98.257, 15.221 ], [ 98.28, 15.266 ], [ 98.303, 15.271 ], [ 98.301, 15.307 ], [ 98.307, 15.313 ], [ 98.326, 15.292 ], [ 98.374, 15.279 ], [ 98.376, 15.272 ], [ 98.403, 15.254 ], [ 98.416, 15.259 ], [ 98.421, 15.267 ], [ 98.399, 15.324 ], [ 98.408, 15.326 ], [ 98.409, 15.352 ], [ 98.418, 15.366 ], [ 98.438, 15.362 ], [ 98.454, 15.372 ], [ 98.45, 15.383 ], [ 98.466, 15.383 ], [ 98.468, 15.375 ], [ 98.478, 15.38 ], [ 98.48, 15.392 ], [ 98.495, 15.391 ], [ 98.51, 15.376 ], [ 98.541, 15.374 ], [ 98.551, 15.343 ], [ 98.563, 15.333 ], [ 98.59, 15.346 ], [ 98.617, 15.342 ], [ 98.617, 15.331 ], [ 98.635, 15.313 ], [ 98.662, 15.298 ], [ 98.663, 15.275 ], [ 98.713, 15.271 ], [ 98.713, 15.256 ], [ 98.734, 15.218 ], [ 98.741, 15.216 ], [ 98.763, 15.183 ], [ 98.763, 15.175 ], [ 98.752, 15.175 ], [ 98.732, 15.147 ], [ 98.709, 15.145 ], [ 98.704, 15.118 ], [ 98.675, 15.1 ], [ 98.69, 15.095 ], [ 98.706, 15.075 ], [ 98.715, 15.075 ], [ 98.733, 15.048 ], [ 98.73, 15.014 ], [ 98.738, 14.977 ], [ 98.742, 14.963 ], [ 98.762, 14.945 ], [ 98.774, 14.923 ], [ 98.78, 14.869 ], [ 98.792, 14.855 ], [ 98.788, 14.842 ], [ 98.792, 14.813 ], [ 98.812, 14.816 ], [ 98.813, 14.8 ], [ 98.838, 14.771 ], [ 98.838, 14.756 ], [ 98.858, 14.74 ], [ 98.863, 14.723 ], [ 98.871, 14.717 ], [ 98.879, 14.692 ], [ 98.88, 14.664 ], [ 98.888, 14.651 ], [ 98.884, 14.639 ], [ 98.913, 14.598 ], [ 98.908, 14.573 ], [ 98.917, 14.556 ], [ 98.908, 14.548 ], [ 98.909, 14.539 ], [ 98.925, 14.525 ], [ 98.925, 14.506 ], [ 98.942, 14.479 ], [ 98.953, 14.479 ], [ 98.959, 14.463 ], [ 98.974, 14.458 ], [ 98.98, 14.442 ], [ 98.998, 14.441 ], [ 99.008, 14.433 ], [ 99.013, 14.408 ], [ 99.033, 14.396 ], [ 99.038, 14.376 ], [ 99.057, 14.366 ], [ 99.08, 14.322 ], [ 99.091, 14.316 ], [ 99.088, 14.298 ], [ 99.095, 14.29 ], [ 99.096, 14.258 ], [ 99.119, 14.234 ], [ 99.141, 14.224 ], [ 99.152, 14.201 ], [ 99.165, 14.199 ], [ 99.192, 14.183 ], [ 99.209, 14.138 ], [ 99.247, 14.101 ], [ 99.263, 14.093 ], [ 99.259, 14.077 ], [ 99.267, 14.067 ], [ 99.282, 14.062 ], [ 99.298, 14.071 ], [ 99.317, 14.067 ], [ 99.321, 14.059 ], [ 99.316, 14.047 ], [ 99.324, 14.041 ], [ 99.325, 14.021 ], [ 99.348, 14.029 ], [ 99.378, 14.016 ], [ 99.38, 14.009 ], [ 99.396, 14.0 ], [ 99.401, 14.012 ], [ 99.417, 14.017 ], [ 99.427, 14.013 ], [ 99.452, 14.016 ], [ 99.486, 14.004 ], [ 99.502, 14.005 ], [ 99.521, 14.017 ], [ 99.526, 13.994 ], [ 99.538, 13.976 ], [ 99.557, 13.97 ], [ 99.558, 13.948 ], [ 99.546, 13.932 ], [ 99.546, 13.921 ], [ 99.556, 13.913 ], [ 99.586, 13.912 ], [ 99.596, 13.902 ], [ 99.587, 13.873 ], [ 99.592, 13.842 ], [ 99.573, 13.821 ], [ 99.546, 13.807 ], [ 99.521, 13.767 ], [ 99.537, 13.744 ], [ 99.533, 13.725 ], [ 99.538, 13.702 ], [ 99.56, 13.675 ], [ 99.586, 13.662 ], [ 99.601, 13.643 ], [ 99.617, 13.633 ], [ 99.642, 13.588 ], [ 99.624, 13.583 ], [ 99.616, 13.588 ], [ 99.597, 13.578 ], [ 99.565, 13.546 ], [ 99.548, 13.558 ], [ 99.488, 13.558 ], [ 99.483, 13.527 ], [ 99.477, 13.52 ], [ 99.46, 13.525 ], [ 99.45, 13.517 ], [ 99.455, 13.488 ], [ 99.478, 13.483 ], [ 99.504, 13.456 ], [ 99.505, 13.446 ], [ 99.528, 13.433 ], [ 99.533, 13.4 ], [ 99.558, 13.379 ], [ 99.53, 13.363 ], [ 99.517, 13.34 ], [ 99.508, 13.292 ], [ 99.484, 13.291 ], [ 99.479, 13.283 ], [ 99.496, 13.239 ], [ 99.491, 13.231 ], [ 99.496, 13.214 ], [ 99.492, 13.192 ], [ 99.481, 13.2 ], [ 99.438, 13.183 ], [ 99.432, 13.195 ], [ 99.413, 13.201 ], [ 99.407, 13.212 ], [ 99.376, 13.208 ], [ 99.37, 13.228 ], [ 99.349, 13.224 ], [ 99.338, 13.233 ], [ 99.322, 13.229 ], [ 99.324, 13.18 ], [ 99.305, 13.17 ], [ 99.303, 13.163 ], [ 99.271, 13.15 ], [ 99.232, 13.199 ], [ 99.217, 13.2 ], [ 99.209, 13.21 ], [ 99.204, 13.223 ], [ 99.209, 13.231 ], [ 99.2, 13.256 ], [ 99.208, 13.265 ], [ 99.183, 13.296 ], [ 99.197, 13.328 ], [ 99.209, 13.338 ], [ 99.199, 13.372 ], [ 99.204, 13.413 ], [ 99.2, 13.454 ], [ 99.209, 13.468 ], [ 99.188, 13.504 ], [ 99.195, 13.544 ], [ 99.171, 13.573 ], [ 99.18, 13.593 ], [ 99.167, 13.609 ], [ 99.171, 13.693 ], [ 99.167, 13.729 ], [ 99.143, 13.742 ], [ 99.137, 13.757 ], [ 99.121, 13.768 ], [ 99.116, 13.815 ], [ 99.096, 13.848 ], [ 99.112, 13.877 ], [ 99.108, 13.891 ], [ 99.077, 13.896 ], [ 99.049, 13.937 ], [ 99.036, 13.945 ], [ 99.018, 13.946 ], [ 99.012, 13.99 ], [ 99.0, 14.006 ], [ 99.0, 14.021 ], [ 98.971, 14.029 ], [ 98.966, 14.068 ], [ 98.971, 14.073 ], [ 98.957, 14.095 ], [ 98.939, 14.096 ], [ 98.927, 14.108 ], [ 98.901, 14.109 ], [ 98.899, 14.116 ], [ 98.876, 14.13 ], [ 98.875, 14.138 ], [ 98.854, 14.142 ], [ 98.854, 14.152 ], [ 98.832, 14.174 ], [ 98.814, 14.176 ], [ 98.784, 14.192 ], [ 98.775, 14.213 ], [ 98.763, 14.213 ], [ 98.731, 14.245 ], [ 98.705, 14.259 ], [ 98.703, 14.274 ], [ 98.685, 14.276 ], [ 98.678, 14.287 ], [ 98.652, 14.296 ], [ 98.64, 14.308 ], [ 98.609, 14.313 ], [ 98.596, 14.325 ], [ 98.595, 14.37 ], [ 98.576, 14.368 ], [ 98.559, 14.398 ], [ 98.558, 14.419 ], [ 98.55, 14.425 ], [ 98.55, 14.433 ], [ 98.526, 14.455 ], [ 98.524, 14.469 ], [ 98.509, 14.485 ], [ 98.499, 14.527 ], [ 98.492, 14.538 ] ] ] } },
{ "type": "Feature", "properties": { "hybas_id": 4071122110, "next_down": 4071123180, "main_bas": 4070018360, "sub_area": 1485.7, "up_area": 11878.5, "th_share": 1.0 }, "geometry": { "type": "Polygon", "coordinates": [ [ [ 99.146, 14.583 ], [ 99.151, 14.63 ], [ 99.146, 14.635 ], [ 99.154, 14.65 ], [ 99.17, 14.655 ], [ 99.184, 14.682 ], [ 99.228, 14.704 ], [ 99.258, 14.665 ], [ 99.254, 14.646 ], [ 99.259, 14.634 ], [ 99.278, 14.624 ], [ 99.279, 14.563 ], [ 99.304, 14.537 ], [ 99.309, 14.505 ], [ 99.304, 14.488 ], [ 99.321, 14.452 ], [ 99.316, 14.418 ], [ 99.326, 14.388 ], [ 99.345, 14.382 ], [ 99.351, 14.359 ], [ 99.359, 14.357 ], [ 99.354, 14.347 ], [ 99.363, 14.321 ], [ 99.358, 14.308 ], [ 99.363, 14.288 ], [ 99.331, 14.274 ], [ 99.324, 14.259 ], [ 99.292, 14.263 ], [ 99.283, 14.257 ], [ 99.288, 14.233 ], [ 99.353, 14.174 ], [ 99.367, 14.126 ], [ 99.378, 14.124 ], [ 99.388, 14.113 ], [ 99.387, 14.105 ], [ 99.371, 14.109 ], [ 99.342, 14.1 ], [ 99.345, 14.081 ], [ 99.336, 14.067 ], [ 99.298, 14.071 ], [ 99.282, 14.062 ], [ 99.267, 14.067 ], [ 99.259, 14.077 ], [ 99.263, 14.093 ], [ 99.247, 14.101 ], [ 99.209, 14.138 ], [ 99.192, 14.183 ], [ 99.165, 14.199 ], [ 99.152, 14.201 ], [ 99.141, 14.224 ], [ 99.119, 14.234 ], [ 99.096, 14.258 ], [ 99.095, 14.29 ], [ 99.088, 14.298 ], [ 99.091, 14.316 ], [ 99.08, 14.322 ], [ 99.057, 14.366 ], [ 99.038, 14.376 ], [ 99.033, 14.396 ], [ 99.009, 14.414 ], [ 99.008, 14.433 ], [ 99.016, 14.438 ], [ 99.017, 14.456 ], [ 99.041, 14.467 ], [ 99.045, 14.477 ], [ 99.041, 14.482 ], [ 99.063, 14.492 ], [ 99.067, 14.523 ], [ 99.087, 14.543 ], [ 99.093, 14.562 ], [ 99.132, 14.567 ], [ 99.146, 14.583 ] ] ] } },
{ "type": "Feature", "properties": { "hybas_id": 4071122020, "next_down": 4071123180, "main_bas": 4070018360, "sub_area": 2485.7, "up_area": 2486.2, "th_share": 1.0 }, "geometry": { "type": "Polygon", "coordinates": [ [ [ 99.321, 14.948 ], [ 99.303, 14.987 ], [ 99.283, 15.0 ], [ 99.299, 15.009 ], [ 99.308, 15.027 ], [ 99.301, 15.035 ], [ 99.299, 15.051 ], [ 99.321, 15.079 ], [ 99.342, 15.083 ], [ 99.36, 15.051 ], [ 99.416, 15.041 ], [ 99.426, 15.006 ], [ 99.442, 14.983 ], [ 99.433, 14.971 ], [ 99.449, 14.948 ], [ 99.45, 14.923 ], [ 99.458, 14.915 ], [ 99.458, 14.9 ], [ 99.466, 14.894 ], [ 99.463, 14.873 ], [ 99.492, 14.833 ], [ 99.517, 14.82 ], [ 99.512, 14.813 ], [ 99.52, 14.798 ], [ 99.516, 14.792 ], [ 99.542, 14.763 ], [ 99.538, 14.743 ], [ 99.55, 14.727 ], [ 99.55, 14.717 ], [ 99.542, 14.717 ], [ 99.546, 14.707 ], [ 99.542, 14.698 ], [ 99.566, 14.656 ], [ 99.58, 14.593 ], [ 99.599, 14.577 ], [ 99.596, 14.556 ], [ 99.6, 14.552 ], [ 99.58, 14.507 ], [ 99.579, 14.483 ], [ 99.563, 14.457 ], [ 99.558, 14.41 ], [ 99.545, 14.392 ], [ 99.55, 14.344 ], [ 99.542, 14.333 ], [ 99.57, 14.316 ], [ 99.559, 14.284 ], [ 99.583, 14.27 ], [ 99.587, 14.248 ], [ 99.572, 14.237 ], [ 99.566, 14.217 ], [ 99.538, 14.217 ], [ 99.532, 14.204 ], [ 99.516, 14.199 ], [ 99.526, 14.18 ], [ 99.52, 14.167 ], [ 99.524, 14.131 ], [ 99.517, 14.121 ], [ 99.504, 14.137 ], [ 99.475, 14.146 ], [ 99.442, 14.142 ], [ 99.426, 14.129 ], [ 99.413, 14.138 ], [ 99.401, 14.137 ], [ 99.399, 14.122 ], [ 99.388, 14.113 ], [ 99.378, 14.124 ], [ 99.367, 14.126 ], [ 99.353, 14.174 ], [ 99.288, 14.233 ], [ 99.284, 14.244 ], [ 99.283, 14.257 ], [ 99.292, 14.263 ], [ 99.324, 14.259 ], [ 99.331, 14.274 ], [ 99.363, 14.288 ], [ 99.363, 14.299 ], [ 99.354, 14.347 ], [ 99.359, 14.357 ], [ 99.351, 14.359 ], [ 99.345, 14.382 ], [ 99.326, 14.388 ], [ 99.317, 14.414 ], [ 99.321, 14.452 ], [ 99.305, 14.481 ], [ 99.309, 14.505 ], [ 99.304, 14.537 ], [ 99.279, 14.563 ], [ 99.278, 14.624 ], [ 99.259, 14.634 ], [ 99.254, 14.646 ], [ 99.268, 14.683 ], [ 99.279, 14.683 ], [ 99.288, 14.723 ], [ 99.275, 14.748 ], [ 99.266, 14.79 ], [ 99.237, 14.814 ], [ 99.243, 14.828 ], [ 99.263, 14.838 ], [ 99.28, 14.829 ], [ 99.291, 14.834 ], [ 99.287, 14.864 ], [ 99.305, 14.882 ], [ 99.32, 14.888 ], [ 99.316, 14.91 ], [ 99.321, 14.923 ], [ 99.313, 14.935 ], [ 99.321, 14.948 ] ] ] } },
{ "type": "Feature", "properties": { "hybas_id": 4071118190, "next_down": 4071122110, "main_bas": 4070018360, "sub_area": 1399.9, "up_area": 1400.1, "th_share": 1.0 }, "geometry": { "type": "Polygon", "coordinates": [ [ [ 99.038, 14.538 ], [ 99.049, 14.527 ], [ 99.053, 14.488 ], [ 99.041, 14.482 ], [ 99.045, 14.477 ], [ 99.041, 14.467 ], [ 99.017, 14.456 ], [ 99.016, 14.438 ], [ 99.008, 14.433 ], [ 98.998, 14.441 ], [ 98.98, 14.442 ], [ 98.974, 14.458 ], [ 98.959, 14.463 ], [ 98.953, 14.479 ], [ 98.942, 14.479 ], [ 98.925, 14.506 ], [ 98.925, 14.525 ], [ 98.909, 14.539 ], [ 98.908, 14.548 ], [ 98.917, 14.556 ], [ 98.908, 14.573 ], [ 98.913, 14.598 ], [ 98.884, 14.639 ], [ 98.888, 14.651 ], [ 98.88, 14.664 ], [ 98.879, 14.692 ], [ 98.858, 14.74 ], [ 98.838, 14.756 ], [ 98.838, 14.771 ], [ 98.813, 14.8 ], [ 98.812, 14.816 ], [ 98.792, 14.813 ], [ 98.788, 14.842 ], [ 98.792, 14.855 ], [ 98.78, 14.869 ], [ 98.774, 14.923 ], [ 98.762, 14.945 ], [ 98.742, 14.963 ], [ 98.738, 14.977 ], [ 98.73, 15.014 ], [ 98.733, 15.048 ], [ 98.715, 15.075 ], [ 98.706, 15.075 ], [ 98.69, 15.095 ], [ 98.675, 15.1 ], [ 98.704, 15.118 ], [ 98.709, 15.145 ], [ 98.732, 15.147 ], [ 98.752, 15.175 ], [ 98.766, 15.174 ], [ 98.789, 15.146 ], [ 98.82, 15.141 ], [ 98.829, 15.108 ], [ 98.837, 15.102 ], [ 98.838, 15.089 ], [ 98.848, 15.075 ], [ 98.854, 15.076 ], [ 98.855, 15.087 ], [ 98.868, 15.1 ], [ 98.888, 15.092 ], [ 98.888, 15.084 ], [ 98.93, 15.047 ], [ 98.922, 15.041 ], [ 98.918, 15.021 ], [ 98.937, 15.012 ], [ 98.951, 14.983 ], [ 98.967, 14.988 ], [ 98.97, 14.981 ], [ 98.963, 14.967 ], [ 98.975, 14.889 ], [ 98.967, 14.813 ], [ 98.986, 14.816 ], [ 99.024, 14.787 ], [ 99.03, 14.763 ], [ 99.046, 14.753 ], [ 99.033, 14.745 ], [ 99.038, 14.722 ], [ 99.05, 14.717 ], [ 99.041, 14.711 ], [ 99.046, 14.688 ], [ 99.033, 14.647 ], [ 99.046, 14.638 ], [ 99.042, 14.623 ], [ 99.051, 14.604 ], [ 99.049, 14.566 ], [ 99.04, 14.58 ], [ 99.037, 14.575 ], [ 99.042, 14.554 ], [ 99.038, 14.538 ] ] ] } },
{ "type": "Feature", "properties": { "hybas_id": 4071118140, "next_down": 4071122110, "main_bas": 4070018360, "sub_area": 918.7, "up_area": 8992.8, "th_share": 1.0 }, "geometry": { "type": "Polygon", "coordinates": [ [ [ 99.063, 14.492 ], [ 99.05, 14.496 ], [ 99.049, 14.527 ], [ 99.038, 14.538 ], [ 99.042, 14.554 ], [ 99.037, 14.575 ], [ 99.04, 14.58 ], [ 99.049, 14.566 ], [ 99.051, 14.604 ], [ 99.042, 14.623 ], [ 99.046, 14.638 ], [ 99.033, 14.647 ], [ 99.046, 14.688 ], [ 99.041, 14.711 ], [ 99.05, 14.717 ], [ 99.038, 14.722 ], [ 99.033, 14.745 ], [ 99.046, 14.753 ], [ 99.03, 14.763 ], [ 99.024, 14.787 ], [ 98.986, 14.816 ], [ 98.967, 14.813 ], [ 98.975, 14.889 ], [ 98.963, 14.967 ], [ 98.97, 14.981 ], [ 98.967, 14.988 ], [ 98.985, 15.004 ], [ 99.004, 15.004 ], [ 99.009, 14.967 ], [ 99.033, 14.966 ], [ 99.038, 14.95 ], [ 99.05, 14.945 ], [ 99.068, 14.921 ], [ 99.075, 14.926 ], [ 99.117, 14.921 ], [ 99.117, 14.925 ], [ 99.162, 14.929 ], [ 99.18, 14.905 ], [ 99.188, 14.904 ], [ 99.192, 14.892 ], [ 99.188, 14.885 ], [ 99.205, 14.859 ], [ 99.195, 14.838 ], [ 99.215, 14.837 ], [ 99.242, 14.825 ], [ 99.238, 14.81 ], [ 99.266, 14.79 ], [ 99.275, 14.748 ], [ 99.288, 14.723 ], [ 99.279, 14.683 ], [ 99.268, 14.683 ], [ 99.262, 14.663 ], [ 99.242, 14.68 ], [ 99.228, 14.704 ], [ 99.184, 14.682 ], [ 99.179, 14.664 ], [ 99.154, 14.65 ], [ 99.146, 14.635 ], [ 99.149, 14.584 ], [ 99.132, 14.567 ], [ 99.093, 14.562 ], [ 99.087, 14.543 ], [ 99.067, 14.523 ], [ 99.063, 14.492 ] ] ] } },
{ "type": "Feature", "properties": { "hybas_id": 4071113190, "next_down": 4071118140, "main_bas": 4070018360, "sub_area": 2381.6, "up_area": 2381.6, "th_share": 1.0 }, "geometry": { "type": "Polygon", "coordinates": [ [ [ 99.092, 15.167 ], [ 99.072, 15.175 ], [ 99.066, 15.187 ], [ 99.026, 15.201 ], [ 99.021, 15.233 ], [ 99.017, 15.233 ], [ 99.017, 15.269 ], [ 99.031, 15.287 ], [ 99.038, 15.288 ], [ 99.03, 15.336 ], [ 99.034, 15.345 ], [ 99.042, 15.346 ], [ 99.046, 15.383 ], [ 99.055, 15.395 ], [ 99.066, 15.397 ], [ 99.058, 15.46 ], [ 99.063, 15.477 ], [ 99.079, 15.498 ], [ 99.074, 15.512 ], [ 99.046, 15.539 ], [ 99.045, 15.551 ], [ 99.05, 15.567 ], [ 99.079, 15.576 ], [ 99.091, 15.589 ], [ 99.096, 15.616 ], [ 99.112, 15.627 ], [ 99.117, 15.642 ], [ 99.112, 15.677 ], [ 99.117, 15.683 ], [ 99.128, 15.684 ], [ 99.13, 15.727 ], [ 99.137, 15.735 ], [ 99.13, 15.748 ], [ 99.129, 15.775 ], [ 99.138, 15.792 ], [ 99.162, 15.791 ], [ 99.163, 15.779 ], [ 99.185, 15.783 ], [ 99.213, 15.763 ], [ 99.217, 15.75 ], [ 99.213, 15.706 ], [ 99.221, 15.699 ], [ 99.217, 15.677 ], [ 99.23, 15.643 ], [ 99.254, 15.632 ], [ 99.25, 15.564 ], [ 99.258, 15.552 ], [ 99.25, 15.544 ], [ 99.238, 15.5 ], [ 99.252, 15.487 ], [ 99.273, 15.492 ], [ 99.319, 15.483 ], [ 99.333, 15.471 ], [ 99.329, 15.465 ], [ 99.35, 15.435 ], [ 99.341, 15.423 ], [ 99.346, 15.379 ], [ 99.367, 15.367 ], [ 99.371, 15.339 ], [ 99.362, 15.272 ], [ 99.37, 15.252 ], [ 99.354, 15.233 ], [ 99.363, 15.2 ], [ 99.351, 15.192 ], [ 99.345, 15.163 ], [ 99.354, 15.163 ], [ 99.375, 15.139 ], [ 99.375, 15.131 ], [ 99.371, 15.121 ], [ 99.342, 15.112 ], [ 99.342, 15.083 ], [ 99.321, 15.079 ], [ 99.32, 15.072 ], [ 99.309, 15.066 ], [ 99.299, 15.051 ], [ 99.301, 15.035 ], [ 99.308, 15.027 ], [ 99.299, 15.009 ], [ 99.284, 15.004 ], [ 99.303, 14.987 ], [ 99.321, 14.948 ], [ 99.313, 14.935 ], [ 99.321, 14.923 ], [ 99.316, 14.91 ], [ 99.32, 14.888 ], [ 99.305, 14.882 ], [ 99.287, 14.864 ], [ 99.291, 14.834 ], [ 99.28, 14.829 ], [ 99.263, 14.838 ], [ 99.242, 14.825 ], [ 99.215, 14.837 ], [ 99.195, 14.838 ], [ 99.205, 14.859 ], [ 99.188, 14.885 ], [ 99.192, 14.892 ], [ 99.188, 14.904 ], [ 99.18, 14.905 ], [ 99.162, 14.929 ], [ 99.117, 14.925 ], [ 99.121, 14.979 ], [ 99.112, 15.005 ], [ 99.137, 15.026 ], [ 99.137, 15.04 ], [ 99.127, 15.054 ], [ 99.121, 15.054 ], [ 99.117, 15.069 ], [ 99.121, 15.085 ], [ 99.109, 15.098 ], [ 99.108, 15.137 ], [ 99.101, 15.138 ], [ 99.092, 15.167 ] ] ] } },
{ "type": "Feature", "properties": { "hybas_id": 4071113180, "next_down": 4071118140, "main_bas": 4070018360, "sub_area": 5692.0, "up_area": 5692.9, "th_share": 1.0 }, "geometry": { "type": "Polygon", "coordinates": [ [ [ 99.121, 15.054 ], [ 99.133, 15.048 ], [ 99.138, 15.033 ], [ 99.137, 15.026 ], [ 99.112, 15.005 ], [ 99.121, 14.979 ], [ 99.117, 14.921 ], [ 99.075, 14.926 ], [ 99.068, 14.921 ], [ 99.05, 14.945 ], [ 99.038, 14.95 ], [ 99.033, 14.966 ], [ 99.009, 14.967 ], [ 99.004, 15.004 ], [ 98.985, 15.004 ], [ 98.97, 14.988 ], [ 98.951, 14.983 ], [ 98.937, 15.012 ], [ 98.927, 15.013 ], [ 98.916, 15.026 ], [ 98.93, 15.047 ], [ 98.888, 15.084 ], [ 98.888, 15.092 ], [ 98.871, 15.1 ], [ 98.848, 15.075 ], [ 98.838, 15.089 ], [ 98.837, 15.102 ], [ 98.829, 15.108 ], [ 98.82, 15.141 ], [ 98.789, 15.146 ], [ 98.78, 15.155 ], [ 98.763, 15.175 ], [ 98.745, 15.211 ], [ 98.734, 15.218 ], [ 98.713, 15.256 ], [ 98.713, 15.271 ], [ 98.758, 15.289 ], [ 98.754, 15.301 ], [ 98.771, 15.321 ], [ 98.766, 15.342 ], [ 98.771, 15.351 ], [ 98.762, 15.362 ], [ 98.763, 15.378 ], [ 98.785, 15.38 ], [ 98.795, 15.398 ], [ 98.758, 15.445 ], [ 98.734, 15.459 ], [ 98.729, 15.475 ], [ 98.708, 15.499 ], [ 98.725, 15.515 ], [ 98.713, 15.522 ], [ 98.699, 15.553 ], [ 98.659, 15.606 ], [ 98.658, 15.621 ], [ 98.649, 15.637 ], [ 98.638, 15.648 ], [ 98.646, 15.668 ], [ 98.638, 15.677 ], [ 98.633, 15.727 ], [ 98.621, 15.739 ], [ 98.616, 15.76 ], [ 98.633, 15.785 ], [ 98.629, 15.807 ], [ 98.621, 15.813 ], [ 98.621, 15.825 ], [ 98.63, 15.839 ], [ 98.6, 15.868 ], [ 98.583, 15.917 ], [ 98.592, 15.957 ], [ 98.608, 15.968 ], [ 98.609, 15.976 ], [ 98.599, 16.002 ], [ 98.563, 16.03 ], [ 98.563, 16.046 ], [ 98.587, 16.071 ], [ 98.603, 16.062 ], [ 98.605, 16.046 ], [ 98.629, 16.046 ], [ 98.63, 16.062 ], [ 98.657, 16.075 ], [ 98.675, 16.098 ], [ 98.672, 16.116 ], [ 98.688, 16.129 ], [ 98.688, 16.138 ], [ 98.706, 16.137 ], [ 98.741, 16.108 ], [ 98.747, 16.116 ], [ 98.778, 16.126 ], [ 98.788, 16.104 ], [ 98.808, 16.1 ], [ 98.833, 16.113 ], [ 98.834, 16.124 ], [ 98.846, 16.125 ], [ 98.855, 16.161 ], [ 98.863, 16.169 ], [ 98.862, 16.182 ], [ 98.854, 16.19 ], [ 98.859, 16.198 ], [ 98.855, 16.219 ], [ 98.908, 16.258 ], [ 98.909, 16.286 ], [ 98.925, 16.31 ], [ 98.925, 16.329 ], [ 98.908, 16.333 ], [ 98.913, 16.352 ], [ 98.937, 16.363 ], [ 98.947, 16.383 ], [ 98.963, 16.384 ], [ 98.99, 16.374 ], [ 98.992, 16.379 ], [ 99.021, 16.383 ], [ 99.041, 16.377 ], [ 99.042, 16.344 ], [ 99.055, 16.326 ], [ 99.049, 16.317 ], [ 99.054, 16.31 ], [ 99.041, 16.293 ], [ 99.05, 16.269 ], [ 99.045, 16.263 ], [ 99.083, 16.217 ], [ 99.07, 16.172 ], [ 99.05, 16.163 ], [ 99.05, 16.138 ], [ 99.078, 16.128 ], [ 99.093, 16.104 ], [ 99.108, 16.099 ], [ 99.109, 16.081 ], [ 99.117, 16.072 ], [ 99.107, 16.051 ], [ 99.097, 16.049 ], [ 99.084, 16.031 ], [ 99.079, 16.013 ], [ 99.087, 15.977 ], [ 99.075, 15.954 ], [ 99.091, 15.944 ], [ 99.092, 15.934 ], [ 99.1, 15.933 ], [ 99.099, 15.926 ], [ 99.087, 15.917 ], [ 99.088, 15.885 ], [ 99.1, 15.874 ], [ 99.096, 15.835 ], [ 99.104, 15.821 ], [ 99.123, 15.816 ], [ 99.133, 15.807 ], [ 99.138, 15.792 ], [ 99.129, 15.775 ], [ 99.13, 15.748 ], [ 99.137, 15.735 ], [ 99.13, 15.727 ], [ 99.128, 15.684 ], [ 99.117, 15.683 ], [ 99.112, 15.677 ], [ 99.117, 15.642 ], [ 99.112, 15.627 ], [ 99.096, 15.616 ], [ 99.091, 15.589 ], [ 99.079, 15.576 ], [ 99.05, 15.567 ], [ 99.045, 15.551 ], [ 99.046, 15.539 ], [ 99.074, 15.512 ], [ 99.079, 15.498 ], [ 99.063, 15.477 ], [ 99.058, 15.46 ], [ 99.066, 15.397 ], [ 99.055, 15.395 ], [ 99.046, 15.383 ], [ 99.042, 15.346 ], [ 99.034, 15.345 ], [ 99.03, 15.336 ], [ 99.038, 15.288 ], [ 99.031, 15.287 ], [ 99.017, 15.269 ], [ 99.017, 15.233 ], [ 99.021, 15.233 ], [ 99.026, 15.201 ], [ 99.066, 15.187 ], [ 99.072, 15.175 ], [ 99.095, 15.161 ], [ 99.101, 15.138 ], [ 99.108, 15.137 ], [ 99.109, 15.098 ], [ 99.121, 15.085 ], [ 99.117, 15.069 ], [ 99.121, 15.054 ] ] ] } },
{ "type": "Feature", "properties": { "hybas_id": 4070018370, "next_down": 0, "main_bas": 4070018370, "sub_area": 888.2, "up_area": 888.2, "th_share": 1.0 }, "geometry": { "type": "Polygon", "coordinates": [ [ [ 99.568, 13.376 ], [ 99.583, 13.388 ], [ 99.588, 13.408 ], [ 99.616, 13.409 ], [ 99.617, 13.428 ], [ 99.667, 13.443 ], [ 99.672, 13.453 ], [ 99.695, 13.455 ], [ 99.704, 13.467 ], [ 99.716, 13.466 ], [ 99.729, 13.45 ], [ 99.741, 13.459 ], [ 99.743, 13.451 ], [ 99.761, 13.45 ], [ 99.777, 13.459 ], [ 99.794, 13.454 ], [ 99.807, 13.459 ], [ 99.827, 13.483 ], [ 99.83, 13.479 ], [ 99.858, 13.488 ], [ 99.887, 13.487 ], [ 99.888, 13.48 ], [ 99.896, 13.479 ], [ 99.896, 13.439 ], [ 99.905, 13.43 ], [ 99.903, 13.422 ], [ 99.892, 13.415 ], [ 99.888, 13.384 ], [ 99.917, 13.379 ], [ 99.923, 13.387 ], [ 99.953, 13.37 ], [ 99.955, 13.363 ], [ 99.996, 13.371 ], [ 100.005, 13.359 ], [ 100.0, 13.331 ], [ 99.955, 13.298 ], [ 99.949, 13.272 ], [ 99.939, 13.275 ], [ 99.908, 13.267 ], [ 99.895, 13.238 ], [ 99.916, 13.211 ], [ 99.907, 13.196 ], [ 99.885, 13.195 ], [ 99.87, 13.18 ], [ 99.844, 13.171 ], [ 99.812, 13.184 ], [ 99.794, 13.171 ], [ 99.771, 13.167 ], [ 99.762, 13.199 ], [ 99.751, 13.205 ], [ 99.749, 13.224 ], [ 99.741, 13.226 ], [ 99.746, 13.233 ], [ 99.737, 13.245 ], [ 99.726, 13.247 ], [ 99.729, 13.256 ], [ 99.709, 13.268 ], [ 99.703, 13.283 ], [ 99.693, 13.284 ], [ 99.683, 13.308 ], [ 99.668, 13.304 ], [ 99.653, 13.345 ], [ 99.631, 13.346 ], [ 99.602, 13.358 ], [ 99.588, 13.354 ], [ 99.568, 13.376 ] ] ] } },
{ "type": "Feature", "properties": { "hybas_id": 4070018410, "next_down": 0, "main_bas": 4070018410, "sub_area": 4623.4, "up_area": 4623.4, "th_share": 1.0 }, "geometry": { "type": "Polygon", "coordinates": [ [ [ 99.908, 13.267 ], [ 99.939, 13.275 ], [ 99.946, 13.267 ], [ 99.938, 13.262 ], [ 99.937, 13.251 ], [ 99.945, 13.249 ], [ 99.968, 13.201 ], [ 99.974, 13.199 ], [ 99.984, 13.162 ], [ 99.991, 13.167 ], [ 100.026, 13.149 ], [ 99.995, 13.118 ], [ 99.974, 13.107 ], [ 99.987, 13.103 ], [ 99.996, 13.089 ], [ 99.978, 13.072 ], [ 99.967, 13.07 ], [ 99.92, 13.013 ], [ 99.924, 12.988 ], [ 99.909, 12.978 ], [ 99.891, 12.931 ], [ 99.87, 12.905 ], [ 99.875, 12.898 ], [ 99.863, 12.881 ], [ 99.862, 12.864 ], [ 99.849, 12.853 ], [ 99.858, 12.833 ], [ 99.849, 12.826 ], [ 99.866, 12.816 ], [ 99.867, 12.808 ], [ 99.858, 12.768 ], [ 99.849, 12.765 ], [ 99.854, 12.733 ], [ 99.826, 12.712 ], [ 99.82, 12.694 ], [ 99.787, 12.655 ], [ 99.772, 12.654 ], [ 99.762, 12.67 ], [ 99.731, 12.687 ], [ 99.706, 12.663 ], [ 99.688, 12.671 ], [ 99.683, 12.642 ], [ 99.639, 12.642 ], [ 99.63, 12.652 ], [ 99.632, 12.666 ], [ 99.621, 12.667 ], [ 99.612, 12.69 ], [ 99.576, 12.721 ], [ 99.562, 12.757 ], [ 99.529, 12.775 ], [ 99.529, 12.786 ], [ 99.517, 12.802 ], [ 99.521, 12.829 ], [ 99.507, 12.825 ], [ 99.486, 12.837 ], [ 99.437, 12.829 ], [ 99.388, 12.834 ], [ 99.387, 12.822 ], [ 99.371, 12.817 ], [ 99.367, 12.798 ], [ 99.383, 12.765 ], [ 99.387, 12.722 ], [ 99.372, 12.716 ], [ 99.37, 12.701 ], [ 99.354, 12.699 ], [ 99.35, 12.675 ], [ 99.34, 12.667 ], [ 99.302, 12.671 ], [ 99.295, 12.681 ], [ 99.3, 12.693 ], [ 99.282, 12.716 ], [ 99.238, 12.735 ], [ 99.229, 12.811 ], [ 99.204, 12.841 ], [ 99.188, 12.846 ], [ 99.187, 12.882 ], [ 99.179, 12.888 ], [ 99.184, 12.91 ], [ 99.167, 12.927 ], [ 99.171, 12.944 ], [ 99.195, 12.96 ], [ 99.191, 12.995 ], [ 99.167, 13.02 ], [ 99.126, 13.042 ], [ 99.124, 13.058 ], [ 99.108, 13.063 ], [ 99.1, 13.077 ], [ 99.108, 13.092 ], [ 99.129, 13.1 ], [ 99.125, 13.115 ], [ 99.137, 13.131 ], [ 99.133, 13.143 ], [ 99.138, 13.164 ], [ 99.121, 13.175 ], [ 99.13, 13.199 ], [ 99.157, 13.204 ], [ 99.177, 13.2 ], [ 99.186, 13.191 ], [ 99.21, 13.2 ], [ 99.232, 13.199 ], [ 99.271, 13.15 ], [ 99.303, 13.163 ], [ 99.305, 13.17 ], [ 99.324, 13.18 ], [ 99.322, 13.229 ], [ 99.338, 13.233 ], [ 99.349, 13.224 ], [ 99.37, 13.228 ], [ 99.376, 13.208 ], [ 99.407, 13.212 ], [ 99.413, 13.201 ], [ 99.432, 13.195 ], [ 99.438, 13.183 ], [ 99.481, 13.2 ], [ 99.492, 13.192 ], [ 99.496, 13.214 ], [ 99.491, 13.231 ], [ 99.496, 13.239 ], [ 99.479, 13.283 ], [ 99.484, 13.291 ], [ 99.508, 13.292 ], [ 99.517, 13.34 ], [ 99.53, 13.363 ], [ 99.558, 13.379 ], [ 99.574, 13.374 ], [ 99.588, 13.354 ], [ 99.602, 13.358 ], [ 99.631, 13.346 ], [ 99.653, 13.345 ], [ 99.668, 13.304 ], [ 99.683, 13.308 ], [ 99.693, 13.284 ], [ 99.703, 13.283 ], [ 99.709, 13.268 ], [ 99.729, 13.256 ], [ 99.726, 13.247 ], [ 99.737, 13.245 ], [ 99.746, 13.233 ], [ 99.741, 13.226 ], [ 99.749, 13.224 ], [ 99.751, 13.205 ], [ 99.762, 13.199 ], [ 99.771, 13.167 ], [ 99.794, 13.171 ], [ 99.812, 13.184 ], [ 99.844, 13.171 ], [ 99.87, 13.18 ], [ 99.885, 13.195 ], [ 99.907, 13.196 ], [ 99.916, 13.211 ], [ 99.895, 13.238 ], [ 99.908, 13.267 ] ] ] } },
{ "type": "Feature", "properties": { "hybas_id": 4070018420, "next_down": 0, "main_bas": 4070018420, "sub_area": 898.2, "up_area": 898.2, "th_share": 0.97 }, "geometry": { "type": "Polygon", "coordinates": [ [ [ 99.996, 12.408 ], [ 99.981, 12.409 ], [ 99.966, 12.432 ], [ 99.955, 12.438 ], [ 99.954, 12.469 ], [ 99.945, 12.492 ], [ 99.949, 12.512 ], [ 99.926, 12.513 ], [ 99.93, 12.542 ], [ 99.924, 12.551 ], [ 99.934, 12.568 ], [ 99.921, 12.585 ], [ 99.92, 12.602 ], [ 99.9, 12.642 ], [ 99.9, 12.658 ], [ 99.892, 12.659 ], [ 99.899, 12.685 ], [ 99.89, 12.704 ], [ 99.878, 12.695 ], [ 99.87, 12.712 ], [ 99.851, 12.717 ], [ 99.849, 12.726 ], [ 99.854, 12.733 ], [ 99.849, 12.765 ], [ 99.858, 12.768 ], [ 99.867, 12.808 ], [ 99.866, 12.816 ], [ 99.849, 12.826 ], [ 99.858, 12.833 ], [ 99.849, 12.853 ], [ 99.862, 12.864 ], [ 99.863, 12.881 ], [ 99.875, 12.898 ], [ 99.87, 12.905 ], [ 99.891, 12.931 ], [ 99.909, 12.978 ], [ 99.924, 12.988 ], [ 99.92, 13.013 ], [ 99.967, 13.07 ], [ 99.978, 13.072 ], [ 99.996, 13.089 ], [ 99.987, 13.103 ], [ 99.974, 13.107 ], [ 99.995, 13.118 ], [ 100.026, 13.149 ], [ 99.991, 13.167 ], [ 99.984, 13.162 ], [ 99.974, 13.199 ], [ 99.968, 13.201 ], [ 99.945, 13.249 ], [ 99.937, 13.251 ], [ 99.938, 13.262 ], [ 99.946, 13.267 ], [ 99.953, 13.266 ], [ 99.968, 13.246 ], [ 99.982, 13.245 ], [ 99.999, 13.223 ], [ 100.005, 13.205 ], [ 100.071, 13.155 ], [ 100.066, 13.134 ], [ 100.067, 13.084 ], [ 100.104, 13.053 ], [ 100.042, 12.965 ], [ 100.03, 12.927 ], [ 100.029, 12.894 ], [ 100.016, 12.855 ], [ 100.001, 12.836 ], [ 99.967, 12.736 ], [ 99.966, 12.684 ], [ 99.958, 12.655 ], [ 99.959, 12.581 ], [ 99.976, 12.525 ], [ 99.988, 12.52 ], [ 99.974, 12.497 ], [ 99.98, 12.46 ], [ 99.988, 12.451 ], [ 99.984, 12.427 ], [ 99.996, 12.408 ] ] ] } },
{ "type": "Feature", "properties": { "hybas_id": 4070018460, "next_down": 0, "main_bas": 4070018460, "sub_area": 2878.4, "up_area": 2878.4, "th_share": 1.0 }, "geometry": { "type": "Polygon", "coordinates": [ [ [ 99.683, 12.642 ], [ 99.688, 12.671 ], [ 99.706, 12.663 ], [ 99.731, 12.687 ], [ 99.762, 12.67 ], [ 99.772, 12.654 ], [ 99.787, 12.655 ], [ 99.82, 12.694 ], [ 99.826, 12.712 ], [ 99.852, 12.733 ], [ 99.851, 12.717 ], [ 99.87, 12.712 ], [ 99.878, 12.695 ], [ 99.89, 12.704 ], [ 99.899, 12.685 ], [ 99.892, 12.659 ], [ 99.9, 12.658 ], [ 99.9, 12.642 ], [ 99.92, 12.602 ], [ 99.921, 12.585 ], [ 99.934, 12.568 ], [ 99.924, 12.551 ], [ 99.93, 12.542 ], [ 99.926, 12.513 ], [ 99.949, 12.512 ], [ 99.945, 12.492 ], [ 99.954, 12.469 ], [ 99.955, 12.438 ], [ 99.966, 12.432 ], [ 99.981, 12.409 ], [ 99.996, 12.408 ], [ 99.987, 12.395 ], [ 99.992, 12.37 ], [ 99.967, 12.35 ], [ 99.963, 12.363 ], [ 99.924, 12.358 ], [ 99.912, 12.367 ], [ 99.903, 12.351 ], [ 99.87, 12.349 ], [ 99.848, 12.37 ], [ 99.78, 12.37 ], [ 99.783, 12.338 ], [ 99.759, 12.319 ], [ 99.734, 12.273 ], [ 99.742, 12.246 ], [ 99.705, 12.241 ], [ 99.703, 12.234 ], [ 99.675, 12.233 ], [ 99.671, 12.258 ], [ 99.636, 12.242 ], [ 99.619, 12.246 ], [ 99.606, 12.241 ], [ 99.588, 12.227 ], [ 99.583, 12.18 ], [ 99.567, 12.169 ], [ 99.57, 12.147 ], [ 99.548, 12.15 ], [ 99.536, 12.145 ], [ 99.531, 12.15 ], [ 99.479, 12.133 ], [ 99.48, 12.162 ], [ 99.495, 12.172 ], [ 99.501, 12.197 ], [ 99.478, 12.229 ], [ 99.471, 12.229 ], [ 99.484, 12.26 ], [ 99.478, 12.283 ], [ 99.468, 12.284 ], [ 99.451, 12.319 ], [ 99.449, 12.345 ], [ 99.442, 12.346 ], [ 99.438, 12.365 ], [ 99.445, 12.373 ], [ 99.445, 12.41 ], [ 99.426, 12.435 ], [ 99.424, 12.449 ], [ 99.399, 12.46 ], [ 99.405, 12.477 ], [ 99.424, 12.493 ], [ 99.421, 12.527 ], [ 99.425, 12.544 ], [ 99.441, 12.556 ], [ 99.442, 12.564 ], [ 99.416, 12.615 ], [ 99.395, 12.612 ], [ 99.368, 12.626 ], [ 99.347, 12.646 ], [ 99.338, 12.667 ], [ 99.35, 12.675 ], [ 99.354, 12.699 ], [ 99.37, 12.701 ], [ 99.372, 12.716 ], [ 99.387, 12.722 ], [ 99.383, 12.765 ], [ 99.375, 12.773 ], [ 99.367, 12.811 ], [ 99.387, 12.822 ], [ 99.388, 12.834 ], [ 99.437, 12.829 ], [ 99.479, 12.838 ], [ 99.507, 12.825 ], [ 99.521, 12.829 ], [ 99.517, 12.802 ], [ 99.529, 12.786 ], [ 99.529, 12.775 ], [ 99.562, 12.757 ], [ 99.576, 12.721 ], [ 99.612, 12.69 ], [ 99.621, 12.667 ], [ 99.632, 12.666 ], [ 99.63, 12.652 ], [ 99.639, 12.642 ], [ 99.683, 12.642 ] ] ] } },
{ "type": "Feature", "properties": { "hybas_id": 4070018470, "next_down": 0, "main_bas": 4070018470, "sub_area": 4725.9, "up_area": 4725.9, "th_share": 0.97 }, "geometry": { "type": "MultiPolygon", "coordinates": [ [ [ [ 100.028, 12.196 ], [ 100.026, 12.212 ], [ 100.032, 12.213 ], [ 100.034, 12.203 ], [ 100.028, 12.196 ] ] ], [ [ [ 99.778, 11.621 ], [ 99.772, 11.622 ], [ 99.77, 11.628 ], [ 99.778, 11.63 ], [ 99.778, 11.621 ] ] ], [ [ [ 99.792, 11.709 ], [ 99.787, 11.707 ], [ 99.789, 11.713 ], [ 99.792, 11.709 ] ] ], [ [ [ 99.836, 11.754 ], [ 99.824, 11.762 ], [ 99.827, 11.767 ], [ 99.838, 11.759 ], [ 99.836, 11.754 ] ] ], [ [ [ 99.609, 11.405 ], [ 99.604, 11.403 ], [ 99.606, 11.409 ], [ 99.609, 11.405 ] ] ], [ [ [ 99.561, 11.067 ], [ 99.542, 11.07 ], [ 99.56, 11.088 ], [ 99.567, 11.086 ], [ 99.561, 11.067 ] ] ], [ [ [ 99.494, 10.817 ], [ 99.487, 10.823 ], [ 99.493, 10.826 ], [ 99.494, 10.817 ] ] ], [ [ [ 99.411, 10.696 ], [ 99.404, 10.702 ], [ 99.411, 10.709 ], [ 99.413, 10.701 ], [ 99.411, 10.696 ] ] ], [ [ [ 99.383, 10.557 ], [ 99.374, 10.555 ], [ 99.382, 10.563 ], [ 99.383, 10.557 ] ] ], [ [ [ 99.783, 12.338 ], [ 99.779, 12.358 ], [ 99.783, 12.371 ], [ 99.848, 12.37 ], [ 99.87, 12.349 ], [ 99.903, 12.351 ], [ 99.912, 12.367 ], [ 99.924, 12.358 ], [ 99.963, 12.363 ], [ 99.969, 12.351 ], [ 99.992, 12.37 ], [ 99.987, 12.395 ], [ 99.988, 12.403 ], [ 99.996, 12.404 ], [ 100.005, 12.376 ], [ 99.999, 12.363 ], [ 100.005, 12.338 ], [ 99.988, 12.315 ], [ 99.974, 12.271 ], [ 99.984, 12.246 ], [ 99.999, 12.233 ], [ 100.012, 12.25 ], [ 100.013, 12.241 ], [ 100.004, 12.228 ], [ 100.013, 12.228 ], [ 100.009, 12.209 ], [ 100.021, 12.201 ], [ 100.02, 12.185 ], [ 99.976, 12.14 ], [ 99.967, 12.121 ], [ 99.967, 12.108 ], [ 99.971, 12.107 ], [ 99.966, 12.084 ], [ 99.942, 12.078 ], [ 99.846, 11.965 ], [ 99.817, 11.898 ], [ 99.817, 11.867 ], [ 99.83, 11.869 ], [ 99.824, 11.859 ], [ 99.838, 11.842 ], [ 99.837, 11.83 ], [ 99.826, 11.826 ], [ 99.82, 11.838 ], [ 99.799, 11.813 ], [ 99.811, 11.791 ], [ 99.814, 11.801 ], [ 99.829, 11.793 ], [ 99.822, 11.791 ], [ 99.82, 11.776 ], [ 99.814, 11.775 ], [ 99.811, 11.784 ], [ 99.799, 11.778 ], [ 99.801, 11.767 ], [ 99.811, 11.771 ], [ 99.812, 11.734 ], [ 99.789, 11.741 ], [ 99.726, 11.677 ], [ 99.724, 11.664 ], [ 99.638, 11.513 ], [ 99.629, 11.469 ], [ 99.613, 11.446 ], [ 99.583, 11.355 ], [ 99.572, 11.353 ], [ 99.563, 11.338 ], [ 99.554, 11.309 ], [ 99.555, 11.256 ], [ 99.568, 11.225 ], [ 99.583, 11.22 ], [ 99.588, 11.204 ], [ 99.582, 11.192 ], [ 99.567, 11.183 ], [ 99.559, 11.184 ], [ 99.558, 11.203 ], [ 99.525, 11.2 ], [ 99.496, 11.161 ], [ 99.487, 11.135 ], [ 99.492, 11.088 ], [ 99.505, 11.046 ], [ 99.501, 11.002 ], [ 99.505, 10.996 ], [ 99.491, 10.971 ], [ 99.492, 10.94 ], [ 99.501, 10.922 ], [ 99.512, 10.92 ], [ 99.513, 10.905 ], [ 99.521, 10.903 ], [ 99.507, 10.863 ], [ 99.472, 10.833 ], [ 99.471, 10.843 ], [ 99.49, 10.866 ], [ 99.495, 10.862 ], [ 99.496, 10.873 ], [ 99.488, 10.88 ], [ 99.469, 10.871 ], [ 99.442, 10.871 ], [ 99.429, 10.802 ], [ 99.413, 10.773 ], [ 99.416, 10.759 ], [ 99.396, 10.74 ], [ 99.382, 10.705 ], [ 99.372, 10.703 ], [ 99.362, 10.693 ], [ 99.37, 10.671 ], [ 99.36, 10.662 ], [ 99.355, 10.669 ], [ 99.359, 10.674 ], [ 99.348, 10.679 ], [ 99.325, 10.674 ], [ 99.299, 10.619 ], [ 99.283, 10.601 ], [ 99.288, 10.584 ], [ 99.274, 10.563 ], [ 99.278, 10.543 ], [ 99.26, 10.534 ], [ 99.247, 10.542 ], [ 99.238, 10.527 ], [ 99.24, 10.508 ], [ 99.234, 10.509 ], [ 99.238, 10.571 ], [ 99.23, 10.585 ], [ 99.229, 10.609 ], [ 99.246, 10.644 ], [ 99.257, 10.651 ], [ 99.262, 10.669 ], [ 99.246, 10.696 ], [ 99.258, 10.705 ], [ 99.263, 10.728 ], [ 99.258, 10.729 ], [ 99.259, 10.753 ], [ 99.278, 10.762 ], [ 99.28, 10.785 ], [ 99.291, 10.797 ], [ 99.296, 10.826 ], [ 99.293, 10.841 ], [ 99.304, 10.842 ], [ 99.301, 10.866 ], [ 99.312, 10.867 ], [ 99.329, 10.904 ], [ 99.324, 10.917 ], [ 99.33, 10.93 ], [ 99.309, 10.965 ], [ 99.313, 10.97 ], [ 99.327, 10.967 ], [ 99.338, 10.972 ], [ 99.333, 10.992 ], [ 99.342, 11.017 ], [ 99.338, 11.023 ], [ 99.342, 11.033 ], [ 99.305, 10.999 ], [ 99.295, 11.016 ], [ 99.276, 11.022 ], [ 99.263, 11.05 ], [ 99.263, 11.07 ], [ 99.298, 11.067 ], [ 99.305, 11.078 ], [ 99.32, 11.084 ], [ 99.317, 11.144 ], [ 99.326, 11.155 ], [ 99.297, 11.18 ], [ 99.292, 11.192 ], [ 99.313, 11.236 ], [ 99.301, 11.243 ], [ 99.301, 11.253 ], [ 99.312, 11.259 ], [ 99.325, 11.279 ], [ 99.324, 11.298 ], [ 99.313, 11.309 ], [ 99.313, 11.321 ], [ 99.324, 11.326 ], [ 99.331, 11.337 ], [ 99.341, 11.334 ], [ 99.342, 11.353 ], [ 99.369, 11.374 ], [ 99.396, 11.383 ], [ 99.401, 11.432 ], [ 99.396, 11.433 ], [ 99.4, 11.442 ], [ 99.395, 11.466 ], [ 99.427, 11.483 ], [ 99.441, 11.48 ], [ 99.446, 11.502 ], [ 99.466, 11.523 ], [ 99.467, 11.542 ], [ 99.459, 11.556 ], [ 99.467, 11.568 ], [ 99.458, 11.584 ], [ 99.475, 11.625 ], [ 99.483, 11.625 ], [ 99.489, 11.638 ], [ 99.511, 11.637 ], [ 99.528, 11.62 ], [ 99.545, 11.63 ], [ 99.567, 11.625 ], [ 99.571, 11.646 ], [ 99.583, 11.651 ], [ 99.584, 11.69 ], [ 99.633, 11.73 ], [ 99.642, 11.806 ], [ 99.659, 11.82 ], [ 99.625, 11.829 ], [ 99.62, 11.857 ], [ 99.608, 11.87 ], [ 99.583, 11.876 ], [ 99.587, 11.881 ], [ 99.579, 11.905 ], [ 99.587, 11.915 ], [ 99.583, 11.942 ], [ 99.591, 11.952 ], [ 99.592, 11.981 ], [ 99.582, 12.003 ], [ 99.565, 12.012 ], [ 99.538, 12.013 ], [ 99.542, 12.039 ], [ 99.534, 12.048 ], [ 99.533, 12.064 ], [ 99.55, 12.081 ], [ 99.562, 12.123 ], [ 99.558, 12.127 ], [ 99.57, 12.147 ], [ 99.567, 12.169 ], [ 99.583, 12.18 ], [ 99.588, 12.227 ], [ 99.606, 12.241 ], [ 99.619, 12.246 ], [ 99.636, 12.242 ], [ 99.671, 12.258 ], [ 99.675, 12.233 ], [ 99.703, 12.234 ], [ 99.705, 12.241 ], [ 99.742, 12.246 ], [ 99.741, 12.262 ], [ 99.733, 12.264 ], [ 99.747, 12.303 ], [ 99.773, 12.333 ], [ 99.783, 12.338 ] ] ] ] } },
{ "type": "Feature", "properties": { "hybas_id": 4070018710, "next_down": 0, "main_bas": 4070018710, "sub_area": 2051.5, "up_area": 2051.5, "th_share": 1.0 }, "geometry": { "type": "Polygon", "coordinates": [ [ [ 99.062, 10.533 ], [ 99.027, 10.545 ], [ 98.982, 10.55 ], [ 98.963, 10.538 ], [ 98.946, 10.556 ], [ 98.946, 10.571 ], [ 98.962, 10.585 ], [ 98.966, 10.637 ], [ 98.959, 10.638 ], [ 98.953, 10.662 ], [ 98.941, 10.674 ], [ 98.912, 10.684 ], [ 98.904, 10.679 ], [ 98.892, 10.694 ], [ 98.912, 10.735 ], [ 98.917, 10.766 ], [ 98.928, 10.771 ], [ 98.93, 10.79 ], [ 98.942, 10.817 ], [ 98.962, 10.817 ], [ 98.968, 10.833 ], [ 98.995, 10.834 ], [ 99.012, 10.86 ], [ 99.017, 10.879 ], [ 99.009, 10.885 ], [ 99.005, 10.902 ], [ 99.004, 10.938 ], [ 99.016, 10.948 ], [ 99.022, 10.971 ], [ 99.049, 10.966 ], [ 99.05, 10.956 ], [ 99.065, 10.946 ], [ 99.082, 10.955 ], [ 99.104, 11.013 ], [ 99.127, 11.029 ], [ 99.156, 11.03 ], [ 99.175, 11.042 ], [ 99.18, 11.077 ], [ 99.229, 11.113 ], [ 99.229, 11.146 ], [ 99.241, 11.146 ], [ 99.258, 11.169 ], [ 99.268, 11.201 ], [ 99.277, 11.192 ], [ 99.292, 11.192 ], [ 99.297, 11.18 ], [ 99.326, 11.155 ], [ 99.317, 11.144 ], [ 99.32, 11.084 ], [ 99.305, 11.078 ], [ 99.298, 11.067 ], [ 99.263, 11.07 ], [ 99.263, 11.05 ], [ 99.276, 11.022 ], [ 99.295, 11.016 ], [ 99.305, 10.999 ], [ 99.342, 11.033 ], [ 99.338, 11.023 ], [ 99.342, 11.017 ], [ 99.333, 10.992 ], [ 99.338, 10.972 ], [ 99.327, 10.967 ], [ 99.313, 10.97 ], [ 99.309, 10.965 ], [ 99.33, 10.93 ], [ 99.324, 10.917 ], [ 99.329, 10.904 ], [ 99.312, 10.867 ], [ 99.301, 10.866 ], [ 99.304, 10.842 ], [ 99.293, 10.841 ], [ 99.296, 10.826 ], [ 99.291, 10.797 ], [ 99.284, 10.795 ], [ 99.276, 10.773 ], [ 99.28, 10.767 ], [ 99.269, 10.755 ], [ 99.259, 10.753 ], [ 99.258, 10.729 ], [ 99.263, 10.728 ], [ 99.258, 10.705 ], [ 99.246, 10.696 ], [ 99.262, 10.669 ], [ 99.257, 10.651 ], [ 99.246, 10.644 ], [ 99.229, 10.609 ], [ 99.23, 10.585 ], [ 99.238, 10.571 ], [ 99.233, 10.513 ], [ 99.24, 10.508 ], [ 99.246, 10.513 ], [ 99.245, 10.501 ], [ 99.223, 10.499 ], [ 99.192, 10.483 ], [ 99.184, 10.484 ], [ 99.182, 10.491 ], [ 99.16, 10.492 ], [ 99.157, 10.483 ], [ 99.137, 10.503 ], [ 99.115, 10.512 ], [ 99.095, 10.504 ], [ 99.08, 10.509 ], [ 99.078, 10.52 ], [ 99.063, 10.526 ], [ 99.062, 10.533 ] ] ] } },
{ "type": "Feature", "properties": { "hybas_id": 4070018720, "next_down": 0, "main_bas": 4070018720, "sub_area": 716.0, "up_area": 716.0, "th_share": 0.96 }, "geometry": { "type": "MultiPolygon", "coordinates": [ [ [ [ 99.303, 10.317 ], [ 99.297, 10.317 ], [ 99.295, 10.324 ], [ 99.303, 10.325 ], [ 99.303, 10.317 ] ] ], [ [ [ 99.419, 10.483 ], [ 99.417, 10.499 ], [ 99.424, 10.501 ], [ 99.425, 10.495 ], [ 99.419, 10.483 ] ] ], [ [ [ 99.299, 10.346 ], [ 99.292, 10.347 ], [ 99.291, 10.353 ], [ 99.299, 10.355 ], [ 99.299, 10.346 ] ] ], [ [ [ 99.312, 10.361 ], [ 99.304, 10.359 ], [ 99.312, 10.367 ], [ 99.312, 10.361 ] ] ], [ [ [ 99.326, 10.376 ], [ 99.32, 10.373 ], [ 99.324, 10.383 ], [ 99.326, 10.376 ] ] ], [ [ [ 99.344, 10.388 ], [ 99.337, 10.388 ], [ 99.343, 10.4 ], [ 99.358, 10.413 ], [ 99.363, 10.411 ], [ 99.344, 10.388 ] ] ], [ [ [ 99.296, 10.392 ], [ 99.291, 10.39 ], [ 99.293, 10.396 ], [ 99.296, 10.392 ] ] ], [ [ [ 99.303, 10.433 ], [ 99.288, 10.434 ], [ 99.293, 10.455 ], [ 99.305, 10.446 ], [ 99.303, 10.433 ] ] ], [ [ [ 99.282, 10.317 ], [ 99.279, 10.319 ], [ 99.28, 10.33 ], [ 99.288, 10.328 ], [ 99.282, 10.317 ] ] ], [ [ [ 99.319, 10.421 ], [ 99.313, 10.422 ], [ 99.312, 10.428 ], [ 99.32, 10.43 ], [ 99.319, 10.421 ] ] ], [ [ [ 99.137, 10.503 ], [ 99.157, 10.483 ], [ 99.16, 10.492 ], [ 99.182, 10.491 ], [ 99.184, 10.484 ], [ 99.192, 10.483 ], [ 99.223, 10.499 ], [ 99.245, 10.501 ], [ 99.246, 10.513 ], [ 99.27, 10.521 ], [ 99.262, 10.497 ], [ 99.234, 10.491 ], [ 99.23, 10.473 ], [ 99.249, 10.445 ], [ 99.251, 10.455 ], [ 99.258, 10.453 ], [ 99.254, 10.443 ], [ 99.288, 10.409 ], [ 99.283, 10.401 ], [ 99.287, 10.359 ], [ 99.276, 10.349 ], [ 99.27, 10.359 ], [ 99.264, 10.354 ], [ 99.261, 10.363 ], [ 99.24, 10.342 ], [ 99.205, 10.371 ], [ 99.177, 10.366 ], [ 99.15, 10.343 ], [ 99.159, 10.331 ], [ 99.155, 10.302 ], [ 99.17, 10.286 ], [ 99.163, 10.279 ], [ 99.148, 10.291 ], [ 99.105, 10.284 ], [ 99.108, 10.294 ], [ 99.066, 10.354 ], [ 99.057, 10.355 ], [ 99.045, 10.338 ], [ 99.026, 10.334 ], [ 99.03, 10.367 ], [ 99.013, 10.38 ], [ 99.017, 10.4 ], [ 99.002, 10.416 ], [ 98.976, 10.42 ], [ 98.97, 10.409 ], [ 98.956, 10.408 ], [ 98.938, 10.392 ], [ 98.918, 10.392 ], [ 98.902, 10.404 ], [ 98.892, 10.4 ], [ 98.896, 10.439 ], [ 98.888, 10.452 ], [ 98.888, 10.465 ], [ 98.895, 10.477 ], [ 98.891, 10.493 ], [ 98.896, 10.504 ], [ 98.919, 10.505 ], [ 98.936, 10.513 ], [ 98.956, 10.537 ], [ 98.982, 10.55 ], [ 99.027, 10.545 ], [ 99.035, 10.538 ], [ 99.062, 10.533 ], [ 99.063, 10.526 ], [ 99.078, 10.52 ], [ 99.08, 10.509 ], [ 99.095, 10.504 ], [ 99.115, 10.512 ], [ 99.137, 10.503 ] ] ] ] } },
{ "type": "Feature", "properties": { "hybas_id": 4070018770, "next_down": 0, "main_bas": 4070018770, "sub_area": 781.9, "up_area": 782.0, "th_share": 1.0 }, "geometry": { "type": "Polygon", "coordinates": [ [ [ 98.93, 10.083 ], [ 98.917, 10.058 ], [ 98.904, 10.054 ], [ 98.894, 10.062 ], [ 98.838, 10.066 ], [ 98.862, 10.093 ], [ 98.867, 10.11 ], [ 98.862, 10.131 ], [ 98.87, 10.139 ], [ 98.871, 10.154 ], [ 98.892, 10.164 ], [ 98.871, 10.18 ], [ 98.871, 10.2 ], [ 98.887, 10.219 ], [ 98.908, 10.273 ], [ 98.899, 10.282 ], [ 98.901, 10.295 ], [ 98.912, 10.301 ], [ 98.929, 10.325 ], [ 98.921, 10.344 ], [ 98.938, 10.363 ], [ 98.942, 10.383 ], [ 98.938, 10.392 ], [ 98.956, 10.408 ], [ 98.97, 10.409 ], [ 98.979, 10.421 ], [ 99.012, 10.412 ], [ 99.017, 10.4 ], [ 99.013, 10.38 ], [ 99.03, 10.367 ], [ 99.026, 10.334 ], [ 99.045, 10.338 ], [ 99.057, 10.355 ], [ 99.066, 10.354 ], [ 99.108, 10.294 ], [ 99.105, 10.284 ], [ 99.136, 10.292 ], [ 99.148, 10.291 ], [ 99.16, 10.28 ], [ 99.171, 10.283 ], [ 99.166, 10.272 ], [ 99.179, 10.26 ], [ 99.174, 10.218 ], [ 99.184, 10.212 ], [ 99.163, 10.199 ], [ 99.154, 10.164 ], [ 99.138, 10.153 ], [ 99.137, 10.143 ], [ 99.115, 10.145 ], [ 99.109, 10.141 ], [ 99.108, 10.122 ], [ 99.088, 10.13 ], [ 99.082, 10.145 ], [ 99.047, 10.141 ], [ 99.046, 10.146 ], [ 99.027, 10.145 ], [ 99.019, 10.138 ], [ 99.0, 10.137 ], [ 98.994, 10.141 ], [ 98.982, 10.122 ], [ 98.967, 10.12 ], [ 98.966, 10.11 ], [ 98.949, 10.092 ], [ 98.93, 10.083 ] ] ] } },
{ "type": "Feature", "properties": { "hybas_id": 4070018780, "next_down": 0, "main_bas": 4070018780, "sub_area": 462.2, "up_area": 462.2, "th_share": 0.94 }, "geometry": { "type": "MultiPolygon", "coordinates": [ [ [ [ 99.251, 10.297 ], [ 99.245, 10.294 ], [ 99.247, 10.301 ], [ 99.251, 10.297 ] ] ], [ [ [ 99.257, 10.246 ], [ 99.246, 10.247 ], [ 99.258, 10.263 ], [ 99.263, 10.26 ], [ 99.257, 10.246 ] ] ], [ [ [ 99.237, 10.27 ], [ 99.229, 10.268 ], [ 99.237, 10.276 ], [ 99.237, 10.27 ] ] ], [ [ [ 99.228, 10.246 ], [ 99.221, 10.247 ], [ 99.226, 10.259 ], [ 99.229, 10.255 ], [ 99.228, 10.246 ] ] ], [ [ [ 99.249, 10.196 ], [ 99.247, 10.212 ], [ 99.253, 10.213 ], [ 99.254, 10.203 ], [ 99.249, 10.196 ] ] ], [ [ [ 99.221, 10.155 ], [ 99.216, 10.153 ], [ 99.218, 10.159 ], [ 99.221, 10.155 ] ] ], [ [ [ 99.207, 10.146 ], [ 99.201, 10.147 ], [ 99.2, 10.153 ], [ 99.207, 10.155 ], [ 99.207, 10.146 ] ] ], [ [ [ 99.188, 10.072 ], [ 99.183, 10.069 ], [ 99.185, 10.076 ], [ 99.188, 10.072 ] ] ], [ [ [ 99.183, 10.046 ], [ 99.183, 10.03 ], [ 99.175, 10.028 ], [ 99.184, 10.018 ], [ 99.183, 10.009 ], [ 99.176, 10.004 ], [ 99.159, 10.007 ], [ 99.154, 9.997 ], [ 99.163, 9.946 ], [ 99.154, 9.946 ], [ 99.146, 9.975 ], [ 99.131, 9.971 ], [ 99.12, 9.976 ], [ 99.099, 9.962 ], [ 99.069, 9.97 ], [ 99.051, 9.963 ], [ 99.049, 9.977 ], [ 99.038, 9.984 ], [ 99.029, 10.013 ], [ 99.018, 10.013 ], [ 99.016, 10.02 ], [ 98.999, 10.026 ], [ 98.987, 10.016 ], [ 98.962, 10.021 ], [ 98.948, 10.013 ], [ 98.942, 10.018 ], [ 98.946, 10.025 ], [ 98.937, 10.054 ], [ 98.917, 10.054 ], [ 98.917, 10.058 ], [ 98.93, 10.083 ], [ 98.949, 10.092 ], [ 98.966, 10.11 ], [ 98.967, 10.12 ], [ 98.982, 10.122 ], [ 98.994, 10.141 ], [ 99.0, 10.137 ], [ 99.019, 10.138 ], [ 99.027, 10.145 ], [ 99.046, 10.146 ], [ 99.047, 10.141 ], [ 99.082, 10.145 ], [ 99.088, 10.13 ], [ 99.103, 10.12 ], [ 99.115, 10.145 ], [ 99.137, 10.143 ], [ 99.138, 10.153 ], [ 99.154, 10.164 ], [ 99.163, 10.199 ], [ 99.184, 10.212 ], [ 99.174, 10.218 ], [ 99.179, 10.26 ], [ 99.166, 10.272 ], [ 99.167, 10.278 ], [ 99.191, 10.279 ], [ 99.193, 10.271 ], [ 99.208, 10.274 ], [ 99.209, 10.247 ], [ 99.22, 10.241 ], [ 99.222, 10.23 ], [ 99.24, 10.241 ], [ 99.251, 10.236 ], [ 99.245, 10.222 ], [ 99.217, 10.208 ], [ 99.197, 10.211 ], [ 99.187, 10.177 ], [ 99.176, 10.165 ], [ 99.175, 10.15 ], [ 99.15, 10.127 ], [ 99.15, 10.102 ], [ 99.159, 10.09 ], [ 99.155, 10.073 ], [ 99.163, 10.055 ], [ 99.183, 10.046 ] ] ], [ [ [ 99.191, 10.058 ], [ 99.192, 10.047 ], [ 99.183, 10.046 ], [ 99.184, 10.058 ], [ 99.191, 10.058 ] ] ], [ [ [ 99.184, 10.149 ], [ 99.176, 10.137 ], [ 99.175, 10.15 ], [ 99.184, 10.149 ] ] ] ] } },
{ "type": "Feature", "properties": { "hybas_id": 4070018810, "next_down": 0, "main_bas": 4070018810, "sub_area": 1625.7, "up_area": 1625.7, "th_share": 1.0 }, "geometry": { "type": "Polygon", "coordinates": [ [ [ 99.121, 9.917 ], [ 99.112, 9.888 ], [ 99.117, 9.863 ], [ 99.108, 9.847 ], [ 99.112, 9.835 ], [ 99.108, 9.809 ], [ 99.062, 9.813 ], [ 99.026, 9.791 ], [ 99.024, 9.78 ], [ 98.997, 9.779 ], [ 98.991, 9.791 ], [ 98.976, 9.801 ], [ 98.967, 9.821 ], [ 98.943, 9.82 ], [ 98.906, 9.808 ], [ 98.883, 9.792 ], [ 98.888, 9.76 ], [ 98.9, 9.75 ], [ 98.908, 9.729 ], [ 98.912, 9.698 ], [ 98.896, 9.642 ], [ 98.888, 9.641 ], [ 98.891, 9.622 ], [ 98.884, 9.62 ], [ 98.883, 9.605 ], [ 98.867, 9.596 ], [ 98.875, 9.546 ], [ 98.863, 9.54 ], [ 98.862, 9.527 ], [ 98.85, 9.517 ], [ 98.827, 9.525 ], [ 98.771, 9.521 ], [ 98.762, 9.569 ], [ 98.757, 9.578 ], [ 98.742, 9.584 ], [ 98.742, 9.617 ], [ 98.73, 9.623 ], [ 98.725, 9.633 ], [ 98.698, 9.637 ], [ 98.692, 9.629 ], [ 98.68, 9.634 ], [ 98.658, 9.666 ], [ 98.621, 9.688 ], [ 98.641, 9.714 ], [ 98.645, 9.74 ], [ 98.634, 9.752 ], [ 98.633, 9.792 ], [ 98.645, 9.792 ], [ 98.663, 9.819 ], [ 98.682, 9.834 ], [ 98.69, 9.829 ], [ 98.7, 9.833 ], [ 98.705, 9.858 ], [ 98.716, 9.859 ], [ 98.724, 9.873 ], [ 98.72, 9.894 ], [ 98.749, 9.922 ], [ 98.751, 9.932 ], [ 98.777, 9.95 ], [ 98.792, 9.946 ], [ 98.811, 9.98 ], [ 98.829, 9.975 ], [ 98.847, 9.995 ], [ 98.877, 10.001 ], [ 98.891, 10.013 ], [ 98.904, 10.026 ], [ 98.904, 10.054 ], [ 98.917, 10.058 ], [ 98.917, 10.054 ], [ 98.937, 10.054 ], [ 98.946, 10.025 ], [ 98.942, 10.018 ], [ 98.948, 10.013 ], [ 98.962, 10.021 ], [ 98.987, 10.016 ], [ 98.999, 10.026 ], [ 99.016, 10.02 ], [ 99.018, 10.013 ], [ 99.029, 10.013 ], [ 99.038, 9.984 ], [ 99.049, 9.977 ], [ 99.051, 9.963 ], [ 99.069, 9.97 ], [ 99.099, 9.962 ], [ 99.12, 9.976 ], [ 99.131, 9.971 ], [ 99.146, 9.975 ], [ 99.15, 9.952 ], [ 99.163, 9.942 ], [ 99.155, 9.941 ], [ 99.145, 9.913 ], [ 99.121, 9.917 ] ] ] } },
{ "type": "Feature", "properties": { "hybas_id": 4070018820, "next_down": 0, "main_bas": 4070018820, "sub_area": 3051.5, "up_area": 3051.5, "th_share": 0.99 }, "geometry": { "type": "MultiPolygon", "coordinates": [ [ [ [ 99.295, 9.34 ], [ 99.291, 9.339 ], [ 99.294, 9.342 ], [ 99.295, 9.34 ] ] ], [ [ [ 98.912, 9.698 ], [ 98.9, 9.75 ], [ 98.888, 9.76 ], [ 98.883, 9.792 ], [ 98.906, 9.808 ], [ 98.943, 9.82 ], [ 98.967, 9.821 ], [ 98.976, 9.801 ], [ 98.991, 9.791 ], [ 98.997, 9.779 ], [ 99.015, 9.783 ], [ 99.02, 9.779 ], [ 99.026, 9.791 ], [ 99.062, 9.813 ], [ 99.108, 9.809 ], [ 99.112, 9.835 ], [ 99.108, 9.847 ], [ 99.117, 9.863 ], [ 99.112, 9.888 ], [ 99.121, 9.917 ], [ 99.145, 9.913 ], [ 99.155, 9.941 ], [ 99.163, 9.942 ], [ 99.158, 9.901 ], [ 99.167, 9.872 ], [ 99.166, 9.847 ], [ 99.15, 9.841 ], [ 99.142, 9.827 ], [ 99.142, 9.783 ], [ 99.151, 9.735 ], [ 99.162, 9.711 ], [ 99.163, 9.681 ], [ 99.171, 9.658 ], [ 99.212, 9.602 ], [ 99.213, 9.564 ], [ 99.251, 9.473 ], [ 99.317, 9.392 ], [ 99.316, 9.383 ], [ 99.297, 9.401 ], [ 99.292, 9.399 ], [ 99.278, 9.376 ], [ 99.267, 9.369 ], [ 99.266, 9.359 ], [ 99.242, 9.354 ], [ 99.236, 9.342 ], [ 99.221, 9.336 ], [ 99.217, 9.306 ], [ 99.229, 9.282 ], [ 99.23, 9.256 ], [ 99.233, 9.246 ], [ 99.252, 9.234 ], [ 99.257, 9.237 ], [ 99.266, 9.224 ], [ 99.321, 9.251 ], [ 99.326, 9.248 ], [ 99.322, 9.221 ], [ 99.335, 9.229 ], [ 99.346, 9.224 ], [ 99.341, 9.213 ], [ 99.348, 9.213 ], [ 99.361, 9.221 ], [ 99.366, 9.215 ], [ 99.364, 9.199 ], [ 99.378, 9.204 ], [ 99.375, 9.188 ], [ 99.381, 9.18 ], [ 99.406, 9.179 ], [ 99.416, 9.17 ], [ 99.418, 9.18 ], [ 99.466, 9.17 ], [ 99.476, 9.155 ], [ 99.471, 9.114 ], [ 99.512, 9.074 ], [ 99.522, 9.047 ], [ 99.533, 9.04 ], [ 99.543, 8.996 ], [ 99.557, 8.995 ], [ 99.579, 8.969 ], [ 99.569, 8.955 ], [ 99.55, 8.948 ], [ 99.529, 8.904 ], [ 99.493, 8.908 ], [ 99.486, 8.9 ], [ 99.473, 8.9 ], [ 99.466, 8.916 ], [ 99.442, 8.934 ], [ 99.432, 8.974 ], [ 99.404, 8.972 ], [ 99.409, 8.979 ], [ 99.404, 9.004 ], [ 99.376, 8.999 ], [ 99.366, 9.081 ], [ 99.355, 9.102 ], [ 99.359, 9.125 ], [ 99.35, 9.146 ], [ 99.374, 9.151 ], [ 99.371, 9.188 ], [ 99.358, 9.192 ], [ 99.343, 9.179 ], [ 99.334, 9.194 ], [ 99.333, 9.217 ], [ 99.313, 9.203 ], [ 99.304, 9.184 ], [ 99.279, 9.171 ], [ 99.264, 9.17 ], [ 99.24, 9.154 ], [ 99.232, 9.162 ], [ 99.208, 9.158 ], [ 99.191, 9.167 ], [ 99.135, 9.15 ], [ 99.128, 9.162 ], [ 99.092, 9.171 ], [ 99.073, 9.159 ], [ 99.06, 9.162 ], [ 99.029, 9.154 ], [ 99.013, 9.172 ], [ 99.021, 9.19 ], [ 99.012, 9.203 ], [ 98.959, 9.243 ], [ 98.949, 9.266 ], [ 98.926, 9.272 ], [ 98.912, 9.324 ], [ 98.9, 9.326 ], [ 98.905, 9.347 ], [ 98.892, 9.36 ], [ 98.896, 9.371 ], [ 98.884, 9.376 ], [ 98.883, 9.395 ], [ 98.858, 9.392 ], [ 98.838, 9.405 ], [ 98.838, 9.421 ], [ 98.851, 9.432 ], [ 98.846, 9.453 ], [ 98.862, 9.459 ], [ 98.866, 9.473 ], [ 98.85, 9.517 ], [ 98.862, 9.527 ], [ 98.863, 9.54 ], [ 98.875, 9.546 ], [ 98.867, 9.596 ], [ 98.883, 9.605 ], [ 98.884, 9.62 ], [ 98.891, 9.622 ], [ 98.888, 9.641 ], [ 98.896, 9.642 ], [ 98.912, 9.698 ] ] ] ] } },
{ "type": "Feature", "properties": { "hybas_id": 4070018970, "next_down": 0, "main_bas": 4070018970, "sub_area": 398.6, "up_area": 12876.2, "th_share": 1.0 }, "geometry": { "type": "Polygon", "coordinates": [ [ [ 99.225, 9.096 ], [ 99.216, 9.116 ], [ 99.185, 9.129 ], [ 99.166, 9.116 ], [ 99.153, 9.121 ], [ 99.144, 9.113 ], [ 99.13, 9.112 ], [ 99.138, 9.095 ], [ 99.132, 9.083 ], [ 99.113, 9.092 ], [ 99.104, 9.107 ], [ 99.096, 9.109 ], [ 99.095, 9.136 ], [ 99.084, 9.17 ], [ 99.11, 9.163 ], [ 99.116, 9.167 ], [ 99.128, 9.162 ], [ 99.135, 9.15 ], [ 99.191, 9.167 ], [ 99.208, 9.158 ], [ 99.232, 9.162 ], [ 99.24, 9.154 ], [ 99.264, 9.17 ], [ 99.279, 9.171 ], [ 99.304, 9.184 ], [ 99.313, 9.203 ], [ 99.333, 9.217 ], [ 99.334, 9.194 ], [ 99.343, 9.179 ], [ 99.358, 9.192 ], [ 99.371, 9.188 ], [ 99.374, 9.151 ], [ 99.35, 9.146 ], [ 99.359, 9.125 ], [ 99.355, 9.102 ], [ 99.366, 9.081 ], [ 99.376, 8.999 ], [ 99.404, 9.004 ], [ 99.409, 8.979 ], [ 99.404, 8.972 ], [ 99.432, 8.974 ], [ 99.442, 8.934 ], [ 99.466, 8.916 ], [ 99.467, 8.904 ], [ 99.459, 8.905 ], [ 99.449, 8.924 ], [ 99.435, 8.926 ], [ 99.423, 8.937 ], [ 99.352, 8.946 ], [ 99.33, 8.963 ], [ 99.328, 8.974 ], [ 99.313, 8.976 ], [ 99.303, 9.003 ], [ 99.284, 9.008 ], [ 99.288, 9.023 ], [ 99.275, 9.035 ], [ 99.275, 9.052 ], [ 99.267, 9.06 ], [ 99.279, 9.073 ], [ 99.271, 9.096 ], [ 99.244, 9.105 ], [ 99.235, 9.096 ], [ 99.225, 9.1 ], [ 99.225, 9.096 ] ] ] } },
{ "type": "Feature", "properties": { "hybas_id": 4071154600, "next_down": 4070018970, "main_bas": 4070018970, "sub_area": 4734.4, "up_area": 4734.6, "th_share": 1.0 }, "geometry": { "type": "Polygon", "coordinates": [ [ [ 98.601, 8.784 ], [ 98.59, 8.804 ], [ 98.564, 8.805 ], [ 98.555, 8.814 ], [ 98.558, 8.825 ], [ 98.547, 8.834 ], [ 98.537, 8.858 ], [ 98.514, 8.863 ], [ 98.504, 8.882 ], [ 98.45, 8.896 ], [ 98.459, 8.916 ], [ 98.454, 8.924 ], [ 98.459, 8.933 ], [ 98.455, 8.966 ], [ 98.494, 8.983 ], [ 98.508, 8.983 ], [ 98.513, 8.999 ], [ 98.485, 9.021 ], [ 98.488, 9.036 ], [ 98.475, 9.046 ], [ 98.476, 9.066 ], [ 98.491, 9.072 ], [ 98.495, 9.081 ], [ 98.488, 9.144 ], [ 98.513, 9.158 ], [ 98.508, 9.17 ], [ 98.501, 9.172 ], [ 98.496, 9.194 ], [ 98.504, 9.214 ], [ 98.505, 9.255 ], [ 98.495, 9.276 ], [ 98.505, 9.293 ], [ 98.496, 9.304 ], [ 98.513, 9.313 ], [ 98.513, 9.333 ], [ 98.52, 9.334 ], [ 98.538, 9.358 ], [ 98.57, 9.363 ], [ 98.571, 9.4 ], [ 98.579, 9.41 ], [ 98.583, 9.438 ], [ 98.606, 9.449 ], [ 98.624, 9.451 ], [ 98.626, 9.459 ], [ 98.657, 9.455 ], [ 98.671, 9.467 ], [ 98.695, 9.468 ], [ 98.705, 9.483 ], [ 98.727, 9.484 ], [ 98.743, 9.495 ], [ 98.761, 9.496 ], [ 98.771, 9.521 ], [ 98.827, 9.525 ], [ 98.853, 9.516 ], [ 98.866, 9.473 ], [ 98.862, 9.459 ], [ 98.846, 9.453 ], [ 98.851, 9.432 ], [ 98.838, 9.421 ], [ 98.838, 9.405 ], [ 98.858, 9.392 ], [ 98.883, 9.395 ], [ 98.884, 9.376 ], [ 98.896, 9.371 ], [ 98.892, 9.36 ], [ 98.905, 9.347 ], [ 98.9, 9.326 ], [ 98.912, 9.324 ], [ 98.926, 9.272 ], [ 98.949, 9.266 ], [ 98.959, 9.243 ], [ 99.012, 9.203 ], [ 99.021, 9.19 ], [ 99.017, 9.185 ], [ 99.021, 9.181 ], [ 99.013, 9.175 ], [ 99.017, 9.163 ], [ 99.029, 9.154 ], [ 99.083, 9.163 ], [ 99.095, 9.136 ], [ 99.096, 9.109 ], [ 99.104, 9.107 ], [ 99.113, 9.092 ], [ 99.132, 9.083 ], [ 99.138, 9.095 ], [ 99.13, 9.112 ], [ 99.144, 9.113 ], [ 99.153, 9.121 ], [ 99.166, 9.116 ], [ 99.185, 9.129 ], [ 99.216, 9.116 ], [ 99.221, 9.096 ], [ 99.191, 9.046 ], [ 99.183, 9.051 ], [ 99.149, 9.037 ], [ 99.14, 9.045 ], [ 99.109, 9.033 ], [ 99.083, 8.971 ], [ 99.072, 8.97 ], [ 99.062, 8.951 ], [ 99.042, 8.942 ], [ 99.028, 8.884 ], [ 99.013, 8.883 ], [ 98.999, 8.859 ], [ 99.001, 8.83 ], [ 99.017, 8.813 ], [ 99.001, 8.804 ], [ 98.997, 8.794 ], [ 98.991, 8.754 ], [ 98.966, 8.767 ], [ 98.949, 8.758 ], [ 98.927, 8.772 ], [ 98.924, 8.764 ], [ 98.9, 8.754 ], [ 98.895, 8.731 ], [ 98.9, 8.714 ], [ 98.891, 8.685 ], [ 98.85, 8.66 ], [ 98.858, 8.642 ], [ 98.85, 8.633 ], [ 98.835, 8.642 ], [ 98.823, 8.63 ], [ 98.806, 8.63 ], [ 98.8, 8.635 ], [ 98.805, 8.652 ], [ 98.8, 8.661 ], [ 98.773, 8.675 ], [ 98.747, 8.674 ], [ 98.72, 8.626 ], [ 98.701, 8.626 ], [ 98.703, 8.645 ], [ 98.664, 8.651 ], [ 98.638, 8.671 ], [ 98.629, 8.648 ], [ 98.604, 8.629 ], [ 98.581, 8.634 ], [ 98.548, 8.658 ], [ 98.538, 8.658 ], [ 98.547, 8.67 ], [ 98.562, 8.672 ], [ 98.563, 8.682 ], [ 98.595, 8.709 ], [ 98.601, 8.784 ] ] ] } },
{ "type": "Feature", "properties": { "hybas_id": 4071154610, "next_down": 4070018970, "main_bas": 4070018970, "sub_area": 2234.9, "up_area": 7742.9, "th_share": 1.0 }, "geometry": { "type": "Polygon", "coordinates": [ [ [ 99.517, 8.833 ], [ 99.525, 8.818 ], [ 99.52, 8.793 ], [ 99.529, 8.773 ], [ 99.525, 8.768 ], [ 99.529, 8.725 ], [ 99.5, 8.698 ], [ 99.495, 8.673 ], [ 99.48, 8.657 ], [ 99.479, 8.646 ], [ 99.46, 8.651 ], [ 99.45, 8.633 ], [ 99.436, 8.625 ], [ 99.398, 8.625 ], [ 99.386, 8.634 ], [ 99.369, 8.625 ], [ 99.357, 8.63 ], [ 99.325, 8.625 ], [ 99.312, 8.592 ], [ 99.301, 8.583 ], [ 99.292, 8.596 ], [ 99.258, 8.592 ], [ 99.251, 8.601 ], [ 99.249, 8.592 ], [ 99.22, 8.596 ], [ 99.191, 8.591 ], [ 99.173, 8.604 ], [ 99.16, 8.605 ], [ 99.148, 8.616 ], [ 99.132, 8.617 ], [ 99.121, 8.608 ], [ 99.102, 8.613 ], [ 99.082, 8.641 ], [ 99.068, 8.642 ], [ 99.063, 8.667 ], [ 99.051, 8.667 ], [ 99.045, 8.687 ], [ 99.025, 8.696 ], [ 99.034, 8.777 ], [ 99.017, 8.794 ], [ 99.021, 8.802 ], [ 99.016, 8.816 ], [ 99.001, 8.83 ], [ 98.999, 8.859 ], [ 99.013, 8.883 ], [ 99.028, 8.884 ], [ 99.042, 8.942 ], [ 99.062, 8.951 ], [ 99.072, 8.97 ], [ 99.083, 8.971 ], [ 99.109, 9.033 ], [ 99.14, 9.045 ], [ 99.149, 9.037 ], [ 99.183, 9.051 ], [ 99.191, 9.046 ], [ 99.197, 9.062 ], [ 99.208, 9.069 ], [ 99.213, 9.091 ], [ 99.225, 9.1 ], [ 99.235, 9.096 ], [ 99.244, 9.105 ], [ 99.271, 9.096 ], [ 99.28, 9.081 ], [ 99.267, 9.06 ], [ 99.275, 9.052 ], [ 99.275, 9.035 ], [ 99.288, 9.023 ], [ 99.284, 9.008 ], [ 99.303, 9.003 ], [ 99.313, 8.976 ], [ 99.328, 8.974 ], [ 99.33, 8.963 ], [ 99.352, 8.946 ], [ 99.423, 8.937 ], [ 99.435, 8.926 ], [ 99.449, 8.924 ], [ 99.459, 8.905 ], [ 99.473, 8.9 ], [ 99.486, 8.9 ], [ 99.493, 8.908 ], [ 99.523, 8.908 ], [ 99.553, 8.895 ], [ 99.558, 8.846 ], [ 99.531, 8.85 ], [ 99.517, 8.833 ] ] ] } },
{ "type": "Feature", "properties": { "hybas_id": 4071155710, "next_down": 4071154610, "main_bas": 4070018970, "sub_area": 372.0, "up_area": 3477.7, "th_share": 1.0 }, "geometry": { "type": "Polygon", "coordinates": [ [ [ 99.412, 8.468 ], [ 99.347, 8.476 ], [ 99.345, 8.485 ], [ 99.321, 8.504 ], [ 99.312, 8.499 ], [ 99.321, 8.481 ], [ 99.308, 8.474 ], [ 99.311, 8.462 ], [ 99.289, 8.467 ], [ 99.285, 8.459 ], [ 99.275, 8.47 ], [ 99.246, 8.476 ], [ 99.219, 8.451 ], [ 99.2, 8.449 ], [ 99.205, 8.441 ], [ 99.199, 8.433 ], [ 99.172, 8.438 ], [ 99.17, 8.426 ], [ 99.15, 8.417 ], [ 99.142, 8.427 ], [ 99.142, 8.446 ], [ 99.157, 8.446 ], [ 99.176, 8.482 ], [ 99.212, 8.501 ], [ 99.227, 8.529 ], [ 99.253, 8.53 ], [ 99.267, 8.546 ], [ 99.259, 8.577 ], [ 99.263, 8.596 ], [ 99.292, 8.596 ], [ 99.301, 8.583 ], [ 99.312, 8.592 ], [ 99.325, 8.625 ], [ 99.357, 8.63 ], [ 99.369, 8.625 ], [ 99.386, 8.634 ], [ 99.398, 8.625 ], [ 99.436, 8.625 ], [ 99.45, 8.633 ], [ 99.451, 8.619 ], [ 99.459, 8.609 ], [ 99.446, 8.599 ], [ 99.425, 8.504 ], [ 99.413, 8.495 ], [ 99.412, 8.468 ] ] ] } },
{ "type": "Feature", "properties": { "hybas_id": 4071155700, "next_down": 4071154610, "main_bas": 4070018970, "sub_area": 2030.9, "up_area": 2030.9, "th_share": 1.0 }, "geometry": { "type": "Polygon", "coordinates": [ [ [ 99.025, 8.696 ], [ 99.045, 8.687 ], [ 99.051, 8.667 ], [ 99.063, 8.667 ], [ 99.068, 8.642 ], [ 99.082, 8.641 ], [ 99.102, 8.613 ], [ 99.121, 8.608 ], [ 99.132, 8.617 ], [ 99.148, 8.616 ], [ 99.16, 8.605 ], [ 99.173, 8.604 ], [ 99.191, 8.591 ], [ 99.22, 8.596 ], [ 99.249, 8.592 ], [ 99.251, 8.601 ], [ 99.257, 8.595 ], [ 99.266, 8.552 ], [ 99.262, 8.539 ], [ 99.253, 8.53 ], [ 99.222, 8.525 ], [ 99.212, 8.501 ], [ 99.176, 8.482 ], [ 99.157, 8.446 ], [ 99.142, 8.446 ], [ 99.155, 8.375 ], [ 99.168, 8.387 ], [ 99.204, 8.378 ], [ 99.199, 8.371 ], [ 99.205, 8.35 ], [ 99.192, 8.34 ], [ 99.191, 8.33 ], [ 99.176, 8.328 ], [ 99.163, 8.296 ], [ 99.163, 8.281 ], [ 99.183, 8.275 ], [ 99.184, 8.252 ], [ 99.192, 8.235 ], [ 99.183, 8.219 ], [ 99.188, 8.214 ], [ 99.183, 8.179 ], [ 99.138, 8.197 ], [ 99.124, 8.209 ], [ 99.071, 8.2 ], [ 99.066, 8.226 ], [ 99.071, 8.238 ], [ 99.066, 8.25 ], [ 99.053, 8.245 ], [ 99.044, 8.254 ], [ 99.005, 8.259 ], [ 98.986, 8.279 ], [ 98.96, 8.279 ], [ 98.943, 8.271 ], [ 98.932, 8.283 ], [ 98.908, 8.292 ], [ 98.871, 8.279 ], [ 98.87, 8.29 ], [ 98.858, 8.303 ], [ 98.845, 8.305 ], [ 98.855, 8.322 ], [ 98.834, 8.338 ], [ 98.842, 8.39 ], [ 98.833, 8.416 ], [ 98.817, 8.43 ], [ 98.816, 8.441 ], [ 98.797, 8.437 ], [ 98.787, 8.455 ], [ 98.791, 8.483 ], [ 98.767, 8.479 ], [ 98.758, 8.497 ], [ 98.766, 8.506 ], [ 98.767, 8.531 ], [ 98.788, 8.57 ], [ 98.808, 8.576 ], [ 98.809, 8.588 ], [ 98.801, 8.598 ], [ 98.799, 8.612 ], [ 98.791, 8.614 ], [ 98.835, 8.642 ], [ 98.85, 8.633 ], [ 98.858, 8.642 ], [ 98.85, 8.66 ], [ 98.891, 8.685 ], [ 98.9, 8.714 ], [ 98.895, 8.731 ], [ 98.9, 8.754 ], [ 98.91, 8.762 ], [ 98.924, 8.764 ], [ 98.927, 8.772 ], [ 98.949, 8.758 ], [ 98.966, 8.767 ], [ 98.991, 8.754 ], [ 98.997, 8.794 ], [ 99.001, 8.804 ], [ 99.017, 8.813 ], [ 99.021, 8.802 ], [ 99.017, 8.794 ], [ 99.034, 8.777 ], [ 99.025, 8.696 ] ] ] } },
{ "type": "Feature", "properties": { "hybas_id": 4071155960, "next_down": 4071155710, "main_bas": 4070018970, "sub_area": 575.5, "up_area": 2086.3, "th_share": 1.0 }, "geometry": { "type": "Polygon", "coordinates": [ [ [ 99.429, 8.146 ], [ 99.421, 8.15 ], [ 99.393, 8.145 ], [ 99.388, 8.156 ], [ 99.38, 8.19 ], [ 99.384, 8.213 ], [ 99.363, 8.24 ], [ 99.37, 8.248 ], [ 99.366, 8.255 ], [ 99.375, 8.282 ], [ 99.353, 8.292 ], [ 99.345, 8.287 ], [ 99.338, 8.292 ], [ 99.333, 8.313 ], [ 99.337, 8.324 ], [ 99.326, 8.326 ], [ 99.32, 8.334 ], [ 99.308, 8.329 ], [ 99.304, 8.357 ], [ 99.275, 8.372 ], [ 99.28, 8.38 ], [ 99.274, 8.432 ], [ 99.287, 8.439 ], [ 99.289, 8.467 ], [ 99.311, 8.462 ], [ 99.308, 8.474 ], [ 99.321, 8.481 ], [ 99.312, 8.499 ], [ 99.321, 8.504 ], [ 99.345, 8.485 ], [ 99.347, 8.476 ], [ 99.398, 8.475 ], [ 99.405, 8.466 ], [ 99.412, 8.468 ], [ 99.413, 8.495 ], [ 99.425, 8.504 ], [ 99.449, 8.487 ], [ 99.465, 8.495 ], [ 99.495, 8.487 ], [ 99.5, 8.465 ], [ 99.479, 8.413 ], [ 99.504, 8.4 ], [ 99.499, 8.388 ], [ 99.504, 8.371 ], [ 99.492, 8.366 ], [ 99.491, 8.352 ], [ 99.476, 8.336 ], [ 99.474, 8.326 ], [ 99.467, 8.324 ], [ 99.466, 8.298 ], [ 99.446, 8.292 ], [ 99.441, 8.28 ], [ 99.445, 8.269 ], [ 99.433, 8.255 ], [ 99.463, 8.221 ], [ 99.463, 8.209 ], [ 99.475, 8.204 ], [ 99.474, 8.198 ], [ 99.47, 8.188 ], [ 99.447, 8.187 ], [ 99.441, 8.163 ], [ 99.43, 8.157 ], [ 99.429, 8.146 ] ] ] } },
{ "type": "Feature", "properties": { "hybas_id": 4071155970, "next_down": 4071155710, "main_bas": 4070018970, "sub_area": 1019.2, "up_area": 1019.4, "th_share": 1.0 }, "geometry": { "type": "Polygon", "coordinates": [ [ [ 99.183, 8.275 ], [ 99.163, 8.281 ], [ 99.163, 8.296 ], [ 99.176, 8.328 ], [ 99.191, 8.33 ], [ 99.192, 8.34 ], [ 99.205, 8.35 ], [ 99.199, 8.371 ], [ 99.204, 8.378 ], [ 99.168, 8.387 ], [ 99.155, 8.375 ], [ 99.15, 8.417 ], [ 99.17, 8.426 ], [ 99.172, 8.438 ], [ 99.199, 8.433 ], [ 99.205, 8.441 ], [ 99.2, 8.449 ], [ 99.219, 8.451 ], [ 99.246, 8.476 ], [ 99.275, 8.47 ], [ 99.288, 8.458 ], [ 99.287, 8.439 ], [ 99.274, 8.432 ], [ 99.28, 8.38 ], [ 99.275, 8.372 ], [ 99.304, 8.357 ], [ 99.308, 8.329 ], [ 99.32, 8.334 ], [ 99.326, 8.326 ], [ 99.337, 8.324 ], [ 99.333, 8.313 ], [ 99.338, 8.292 ], [ 99.345, 8.287 ], [ 99.353, 8.292 ], [ 99.375, 8.282 ], [ 99.366, 8.255 ], [ 99.37, 8.248 ], [ 99.363, 8.24 ], [ 99.384, 8.213 ], [ 99.38, 8.19 ], [ 99.388, 8.156 ], [ 99.393, 8.145 ], [ 99.423, 8.15 ], [ 99.438, 8.125 ], [ 99.437, 8.109 ], [ 99.414, 8.108 ], [ 99.401, 8.091 ], [ 99.392, 8.096 ], [ 99.38, 8.091 ], [ 99.379, 8.045 ], [ 99.388, 8.034 ], [ 99.403, 8.037 ], [ 99.408, 8.014 ], [ 99.404, 8.008 ], [ 99.391, 8.008 ], [ 99.396, 7.984 ], [ 99.38, 7.983 ], [ 99.363, 7.971 ], [ 99.37, 7.961 ], [ 99.37, 7.951 ], [ 99.352, 7.949 ], [ 99.34, 7.938 ], [ 99.322, 7.938 ], [ 99.299, 7.987 ], [ 99.288, 7.988 ], [ 99.287, 8.013 ], [ 99.27, 8.008 ], [ 99.26, 8.016 ], [ 99.246, 8.017 ], [ 99.226, 8.012 ], [ 99.224, 8.02 ], [ 99.213, 8.021 ], [ 99.192, 8.044 ], [ 99.191, 8.056 ], [ 99.176, 8.077 ], [ 99.17, 8.113 ], [ 99.179, 8.14 ], [ 99.174, 8.157 ], [ 99.183, 8.159 ], [ 99.186, 8.17 ], [ 99.188, 8.214 ], [ 99.183, 8.219 ], [ 99.192, 8.235 ], [ 99.184, 8.252 ], [ 99.183, 8.275 ] ] ] } },
{ "type": "Feature", "properties": { "hybas_id": 4071156080, "next_down": 4071155960, "main_bas": 4070018970, "sub_area": 625.9, "up_area": 625.9, "th_share": 1.0 }, "geometry": { "type": "Polygon", "coordinates": [ [ [ 99.504, 8.404 ], [ 99.479, 8.413 ], [ 99.5, 8.465 ], [ 99.495, 8.487 ], [ 99.465, 8.495 ], [ 99.449, 8.487 ], [ 99.438, 8.493 ], [ 99.425, 8.504 ], [ 99.425, 8.523 ], [ 99.437, 8.543 ], [ 99.446, 8.599 ], [ 99.459, 8.609 ], [ 99.451, 8.619 ], [ 99.451, 8.636 ], [ 99.46, 8.651 ], [ 99.479, 8.646 ], [ 99.48, 8.657 ], [ 99.495, 8.673 ], [ 99.5, 8.698 ], [ 99.523, 8.72 ], [ 99.538, 8.725 ], [ 99.558, 8.716 ], [ 99.564, 8.705 ], [ 99.582, 8.7 ], [ 99.593, 8.708 ], [ 99.607, 8.708 ], [ 99.618, 8.692 ], [ 99.649, 8.687 ], [ 99.674, 8.648 ], [ 99.683, 8.613 ], [ 99.702, 8.596 ], [ 99.713, 8.595 ], [ 99.709, 8.577 ], [ 99.716, 8.569 ], [ 99.718, 8.551 ], [ 99.738, 8.55 ], [ 99.742, 8.496 ], [ 99.714, 8.495 ], [ 99.696, 8.483 ], [ 99.675, 8.507 ], [ 99.633, 8.517 ], [ 99.606, 8.512 ], [ 99.597, 8.504 ], [ 99.591, 8.483 ], [ 99.576, 8.484 ], [ 99.571, 8.52 ], [ 99.549, 8.516 ], [ 99.541, 8.521 ], [ 99.526, 8.512 ], [ 99.53, 8.482 ], [ 99.508, 8.445 ], [ 99.512, 8.44 ], [ 99.505, 8.431 ], [ 99.504, 8.404 ] ] ] } },
{ "type": "Feature", "properties": { "hybas_id": 4071156110, "next_down": 4071155960, "main_bas": 4070018970, "sub_area": 885.0, "up_area": 885.3, "th_share": 1.0 }, "geometry": { "type": "Polygon", "coordinates": [ [ [ 99.463, 8.125 ], [ 99.434, 8.126 ], [ 99.43, 8.157 ], [ 99.441, 8.163 ], [ 99.447, 8.187 ], [ 99.47, 8.188 ], [ 99.475, 8.204 ], [ 99.463, 8.209 ], [ 99.463, 8.221 ], [ 99.433, 8.255 ], [ 99.445, 8.269 ], [ 99.441, 8.28 ], [ 99.446, 8.292 ], [ 99.466, 8.298 ], [ 99.467, 8.324 ], [ 99.474, 8.326 ], [ 99.476, 8.336 ], [ 99.491, 8.352 ], [ 99.492, 8.366 ], [ 99.504, 8.371 ], [ 99.5, 8.404 ], [ 99.504, 8.404 ], [ 99.505, 8.431 ], [ 99.512, 8.44 ], [ 99.508, 8.445 ], [ 99.53, 8.482 ], [ 99.526, 8.512 ], [ 99.541, 8.521 ], [ 99.549, 8.516 ], [ 99.571, 8.52 ], [ 99.576, 8.484 ], [ 99.591, 8.483 ], [ 99.597, 8.504 ], [ 99.606, 8.512 ], [ 99.633, 8.517 ], [ 99.675, 8.507 ], [ 99.68, 8.496 ], [ 99.7, 8.483 ], [ 99.692, 8.456 ], [ 99.704, 8.435 ], [ 99.7, 8.427 ], [ 99.713, 8.393 ], [ 99.705, 8.391 ], [ 99.699, 8.375 ], [ 99.701, 8.365 ], [ 99.713, 8.351 ], [ 99.7, 8.322 ], [ 99.712, 8.32 ], [ 99.72, 8.31 ], [ 99.717, 8.3 ], [ 99.675, 8.288 ], [ 99.674, 8.256 ], [ 99.666, 8.242 ], [ 99.649, 8.237 ], [ 99.654, 8.208 ], [ 99.626, 8.203 ], [ 99.617, 8.164 ], [ 99.587, 8.167 ], [ 99.551, 8.157 ], [ 99.546, 8.138 ], [ 99.517, 8.138 ], [ 99.516, 8.153 ], [ 99.498, 8.166 ], [ 99.463, 8.133 ], [ 99.463, 8.125 ] ] ] } },
{ "type": "Feature", "properties": { "hybas_id": 4070018990, "next_down": 0, "main_bas": 4070018990, "sub_area": 8549.8, "up_area": 8549.8, "th_share": 0.97 }, "geometry": { "type": "MultiPolygon", "coordinates": [ [ [ [ 99.436, 9.263 ], [ 99.43, 9.263 ], [ 99.429, 9.27 ], [ 99.436, 9.271 ], [ 99.436, 9.263 ] ] ], [ [ [ 99.687, 9.352 ], [ 99.679, 9.351 ], [ 99.68, 9.359 ], [ 99.687, 9.352 ] ] ], [ [ [ 99.724, 9.346 ], [ 99.717, 9.347 ], [ 99.716, 9.353 ], [ 99.724, 9.355 ], [ 99.724, 9.346 ] ] ], [ [ [ 99.655, 9.447 ], [ 99.649, 9.444 ], [ 99.651, 9.451 ], [ 99.655, 9.447 ] ] ], [ [ [ 99.666, 9.702 ], [ 99.662, 9.702 ], [ 99.665, 9.704 ], [ 99.666, 9.702 ] ] ], [ [ [ 99.678, 9.458 ], [ 99.666, 9.464 ], [ 99.668, 9.476 ], [ 99.684, 9.467 ], [ 99.678, 9.458 ] ] ], [ [ [ 99.719, 9.6 ], [ 99.708, 9.601 ], [ 99.709, 9.621 ], [ 99.716, 9.62 ], [ 99.719, 9.6 ] ] ], [ [ [ 99.674, 9.767 ], [ 99.666, 9.768 ], [ 99.672, 9.792 ], [ 99.676, 9.788 ], [ 99.674, 9.767 ] ] ], [ [ [ 99.669, 9.375 ], [ 99.662, 9.376 ], [ 99.663, 9.403 ], [ 99.67, 9.409 ], [ 99.68, 9.396 ], [ 99.669, 9.375 ] ] ], [ [ [ 99.724, 9.588 ], [ 99.716, 9.594 ], [ 99.722, 9.596 ], [ 99.724, 9.588 ] ] ], [ [ [ 99.7, 9.481 ], [ 99.695, 9.481 ], [ 99.699, 9.484 ], [ 99.7, 9.481 ] ] ], [ [ [ 99.674, 9.421 ], [ 99.666, 9.427 ], [ 99.674, 9.437 ], [ 99.68, 9.43 ], [ 99.674, 9.421 ] ] ], [ [ [ 99.717, 9.801 ], [ 99.712, 9.798 ], [ 99.714, 9.805 ], [ 99.717, 9.801 ] ] ], [ [ [ 99.949, 9.354 ], [ 99.925, 9.36 ], [ 99.943, 9.396 ], [ 99.953, 9.395 ], [ 99.949, 9.38 ], [ 99.956, 9.371 ], [ 99.962, 9.375 ], [ 99.963, 9.365 ], [ 99.949, 9.354 ] ] ], [ [ [ 99.961, 9.3 ], [ 99.949, 9.311 ], [ 99.951, 9.317 ], [ 99.967, 9.315 ], [ 99.961, 9.3 ] ] ], [ [ [ 99.894, 9.304 ], [ 99.887, 9.305 ], [ 99.888, 9.32 ], [ 99.895, 9.321 ], [ 99.894, 9.304 ] ] ], [ [ [ 99.919, 9.308 ], [ 99.914, 9.309 ], [ 99.908, 9.315 ], [ 99.914, 9.317 ], [ 99.919, 9.308 ] ] ], [ [ [ 99.978, 9.367 ], [ 99.971, 9.368 ], [ 99.976, 9.38 ], [ 99.984, 9.378 ], [ 99.978, 9.367 ] ] ], [ [ [ 99.969, 9.408 ], [ 99.959, 9.409 ], [ 99.953, 9.421 ], [ 99.926, 9.416 ], [ 99.934, 9.454 ], [ 99.916, 9.495 ], [ 99.932, 9.5 ], [ 99.929, 9.517 ], [ 99.934, 9.525 ], [ 99.929, 9.552 ], [ 99.908, 9.568 ], [ 99.917, 9.578 ], [ 99.948, 9.58 ], [ 99.981, 9.591 ], [ 100.004, 9.57 ], [ 100.019, 9.576 ], [ 100.022, 9.568 ], [ 100.034, 9.562 ], [ 100.042, 9.567 ], [ 100.052, 9.559 ], [ 100.067, 9.587 ], [ 100.051, 9.588 ], [ 100.049, 9.595 ], [ 100.083, 9.591 ], [ 100.092, 9.562 ], [ 100.079, 9.547 ], [ 100.087, 9.545 ], [ 100.088, 9.535 ], [ 100.076, 9.537 ], [ 100.074, 9.53 ], [ 100.063, 9.528 ], [ 100.058, 9.508 ], [ 100.076, 9.468 ], [ 100.058, 9.471 ], [ 100.041, 9.451 ], [ 100.03, 9.449 ], [ 100.013, 9.419 ], [ 99.987, 9.421 ], [ 99.969, 9.408 ] ] ], [ [ [ 99.924, 9.342 ], [ 99.916, 9.343 ], [ 99.92, 9.346 ], [ 99.924, 9.342 ] ] ], [ [ [ 100.078, 9.663 ], [ 100.019, 9.699 ], [ 99.983, 9.709 ], [ 99.972, 9.704 ], [ 99.97, 9.711 ], [ 99.979, 9.714 ], [ 99.974, 9.74 ], [ 99.963, 9.747 ], [ 99.958, 9.771 ], [ 99.976, 9.803 ], [ 99.992, 9.805 ], [ 100.006, 9.792 ], [ 100.013, 9.803 ], [ 100.032, 9.809 ], [ 100.038, 9.797 ], [ 100.056, 9.795 ], [ 100.067, 9.786 ], [ 100.058, 9.776 ], [ 100.074, 9.771 ], [ 100.084, 9.733 ], [ 100.079, 9.725 ], [ 100.084, 9.7 ], [ 100.078, 9.68 ], [ 100.071, 9.678 ], [ 100.078, 9.663 ] ] ], [ [ [ 99.953, 9.7 ], [ 99.942, 9.701 ], [ 99.941, 9.707 ], [ 99.952, 9.709 ], [ 99.953, 9.7 ] ] ], [ [ [ 99.932, 9.738 ], [ 99.931, 9.746 ], [ 99.938, 9.745 ], [ 99.932, 9.738 ] ] ], [ [ [ 99.828, 10.054 ], [ 99.812, 10.07 ], [ 99.813, 10.082 ], [ 99.826, 10.091 ], [ 99.824, 10.102 ], [ 99.808, 10.12 ], [ 99.809, 10.13 ], [ 99.818, 10.12 ], [ 99.822, 10.13 ], [ 99.845, 10.128 ], [ 99.859, 10.092 ], [ 99.845, 10.063 ], [ 99.828, 10.054 ] ] ], [ [ [ 100.746, 8.376 ], [ 100.741, 8.373 ], [ 100.743, 8.38 ], [ 100.746, 8.376 ] ] ], [ [ [ 100.74, 8.392 ], [ 100.729, 8.399 ], [ 100.731, 8.405 ], [ 100.742, 8.396 ], [ 100.74, 8.392 ] ] ], [ [ [ 99.823, 7.784 ], [ 99.782, 7.8 ], [ 99.775, 7.792 ], [ 99.767, 7.792 ], [ 99.757, 7.803 ], [ 99.745, 7.805 ], [ 99.721, 7.792 ], [ 99.7, 7.828 ], [ 99.708, 7.83 ], [ 99.712, 7.848 ], [ 99.708, 7.883 ], [ 99.717, 7.889 ], [ 99.712, 7.903 ], [ 99.718, 7.916 ], [ 99.753, 7.909 ], [ 99.755, 7.924 ], [ 99.766, 7.93 ], [ 99.802, 7.926 ], [ 99.809, 7.945 ], [ 99.792, 7.947 ], [ 99.796, 7.966 ], [ 99.791, 8.011 ], [ 99.783, 8.05 ], [ 99.768, 8.059 ], [ 99.763, 8.069 ], [ 99.762, 8.097 ], [ 99.779, 8.119 ], [ 99.78, 8.132 ], [ 99.772, 8.134 ], [ 99.77, 8.147 ], [ 99.776, 8.166 ], [ 99.787, 8.172 ], [ 99.799, 8.199 ], [ 99.78, 8.205 ], [ 99.779, 8.222 ], [ 99.788, 8.232 ], [ 99.754, 8.247 ], [ 99.758, 8.258 ], [ 99.749, 8.274 ], [ 99.737, 8.27 ], [ 99.73, 8.275 ], [ 99.726, 8.285 ], [ 99.729, 8.291 ], [ 99.721, 8.292 ], [ 99.717, 8.3 ], [ 99.72, 8.31 ], [ 99.712, 8.32 ], [ 99.7, 8.322 ], [ 99.713, 8.351 ], [ 99.701, 8.365 ], [ 99.699, 8.375 ], [ 99.705, 8.391 ], [ 99.713, 8.393 ], [ 99.7, 8.427 ], [ 99.704, 8.435 ], [ 99.692, 8.456 ], [ 99.696, 8.479 ], [ 99.714, 8.495 ], [ 99.742, 8.496 ], [ 99.737, 8.524 ], [ 99.741, 8.54 ], [ 99.738, 8.55 ], [ 99.718, 8.551 ], [ 99.716, 8.569 ], [ 99.709, 8.577 ], [ 99.713, 8.595 ], [ 99.702, 8.596 ], [ 99.683, 8.613 ], [ 99.674, 8.648 ], [ 99.649, 8.687 ], [ 99.618, 8.692 ], [ 99.607, 8.708 ], [ 99.593, 8.708 ], [ 99.582, 8.7 ], [ 99.564, 8.705 ], [ 99.558, 8.716 ], [ 99.529, 8.725 ], [ 99.525, 8.768 ], [ 99.529, 8.773 ], [ 99.52, 8.793 ], [ 99.525, 8.818 ], [ 99.517, 8.836 ], [ 99.531, 8.85 ], [ 99.558, 8.846 ], [ 99.558, 8.858 ], [ 99.553, 8.895 ], [ 99.53, 8.901 ], [ 99.53, 8.907 ], [ 99.55, 8.948 ], [ 99.569, 8.955 ], [ 99.579, 8.969 ], [ 99.557, 8.995 ], [ 99.543, 8.996 ], [ 99.533, 9.04 ], [ 99.522, 9.047 ], [ 99.512, 9.074 ], [ 99.471, 9.114 ], [ 99.476, 9.155 ], [ 99.466, 9.17 ], [ 99.418, 9.18 ], [ 99.416, 9.17 ], [ 99.406, 9.179 ], [ 99.381, 9.18 ], [ 99.375, 9.188 ], [ 99.385, 9.2 ], [ 99.411, 9.209 ], [ 99.463, 9.2 ], [ 99.472, 9.212 ], [ 99.486, 9.213 ], [ 99.496, 9.221 ], [ 99.505, 9.261 ], [ 99.527, 9.288 ], [ 99.548, 9.287 ], [ 99.582, 9.27 ], [ 99.611, 9.271 ], [ 99.639, 9.304 ], [ 99.649, 9.309 ], [ 99.657, 9.304 ], [ 99.66, 9.313 ], [ 99.664, 9.304 ], [ 99.679, 9.313 ], [ 99.681, 9.341 ], [ 99.7, 9.324 ], [ 99.704, 9.327 ], [ 99.7, 9.333 ], [ 99.707, 9.333 ], [ 99.709, 9.322 ], [ 99.721, 9.316 ], [ 99.732, 9.317 ], [ 99.745, 9.333 ], [ 99.754, 9.32 ], [ 99.77, 9.33 ], [ 99.783, 9.328 ], [ 99.789, 9.312 ], [ 99.793, 9.321 ], [ 99.804, 9.32 ], [ 99.809, 9.313 ], [ 99.804, 9.305 ], [ 99.812, 9.299 ], [ 99.824, 9.301 ], [ 99.826, 9.313 ], [ 99.833, 9.311 ], [ 99.851, 9.284 ], [ 99.845, 9.275 ], [ 99.851, 9.255 ], [ 99.866, 9.253 ], [ 99.867, 9.242 ], [ 99.884, 9.218 ], [ 99.874, 9.184 ], [ 99.876, 9.148 ], [ 99.88, 9.134 ], [ 99.908, 9.112 ], [ 99.917, 9.084 ], [ 99.912, 9.076 ], [ 99.917, 9.017 ], [ 99.924, 9.016 ], [ 99.93, 9.005 ], [ 99.928, 9.0 ], [ 99.922, 9.004 ], [ 99.916, 8.992 ], [ 99.917, 8.902 ], [ 99.937, 8.794 ], [ 99.95, 8.671 ], [ 99.959, 8.664 ], [ 99.955, 8.631 ], [ 99.963, 8.61 ], [ 99.976, 8.591 ], [ 99.994, 8.595 ], [ 100.012, 8.581 ], [ 100.013, 8.568 ], [ 100.054, 8.511 ], [ 100.088, 8.417 ], [ 100.138, 8.392 ], [ 100.157, 8.396 ], [ 100.167, 8.392 ], [ 100.145, 8.433 ], [ 100.154, 8.46 ], [ 100.15, 8.466 ], [ 100.158, 8.468 ], [ 100.163, 8.483 ], [ 100.149, 8.508 ], [ 100.118, 8.513 ], [ 100.112, 8.52 ], [ 100.124, 8.526 ], [ 100.17, 8.507 ], [ 100.199, 8.477 ], [ 100.22, 8.44 ], [ 100.283, 8.248 ], [ 100.355, 7.848 ], [ 100.451, 7.464 ], [ 100.476, 7.394 ], [ 100.521, 7.298 ], [ 100.568, 7.234 ], [ 100.575, 7.233 ], [ 100.571, 7.219 ], [ 100.582, 7.192 ], [ 100.576, 7.187 ], [ 100.556, 7.195 ], [ 100.547, 7.193 ], [ 100.541, 7.207 ], [ 100.476, 7.255 ], [ 100.438, 7.246 ], [ 100.433, 7.258 ], [ 100.462, 7.267 ], [ 100.463, 7.303 ], [ 100.455, 7.305 ], [ 100.445, 7.34 ], [ 100.462, 7.351 ], [ 100.447, 7.384 ], [ 100.471, 7.384 ], [ 100.438, 7.473 ], [ 100.412, 7.581 ], [ 100.387, 7.637 ], [ 100.372, 7.638 ], [ 100.359, 7.629 ], [ 100.35, 7.638 ], [ 100.366, 7.642 ], [ 100.374, 7.66 ], [ 100.375, 7.677 ], [ 100.358, 7.727 ], [ 100.334, 7.76 ], [ 100.337, 7.769 ], [ 100.328, 7.784 ], [ 100.321, 7.779 ], [ 100.309, 7.788 ], [ 100.3, 7.81 ], [ 100.305, 7.823 ], [ 100.284, 7.833 ], [ 100.273, 7.808 ], [ 100.263, 7.809 ], [ 100.253, 7.837 ], [ 100.238, 7.843 ], [ 100.234, 7.852 ], [ 100.246, 7.879 ], [ 100.234, 7.885 ], [ 100.229, 7.914 ], [ 100.234, 7.923 ], [ 100.227, 7.929 ], [ 100.217, 7.929 ], [ 100.216, 7.92 ], [ 100.147, 7.933 ], [ 100.142, 7.929 ], [ 100.15, 7.89 ], [ 100.145, 7.88 ], [ 100.134, 7.88 ], [ 100.129, 7.895 ], [ 100.113, 7.9 ], [ 100.112, 7.888 ], [ 100.094, 7.884 ], [ 100.074, 7.909 ], [ 99.994, 7.904 ], [ 99.97, 7.888 ], [ 99.951, 7.887 ], [ 99.937, 7.863 ], [ 99.913, 7.849 ], [ 99.907, 7.829 ], [ 99.884, 7.833 ], [ 99.847, 7.795 ], [ 99.845, 7.783 ], [ 99.823, 7.784 ] ], [ [ 99.779, 9.315 ], [ 99.784, 9.317 ], [ 99.781, 9.321 ], [ 99.779, 9.315 ] ] ], [ [ [ 99.667, 9.542 ], [ 99.678, 9.541 ], [ 99.68, 9.559 ], [ 99.713, 9.549 ], [ 99.708, 9.542 ], [ 99.713, 9.521 ], [ 99.711, 9.517 ], [ 99.705, 9.521 ], [ 99.709, 9.509 ], [ 99.698, 9.512 ], [ 99.684, 9.504 ], [ 99.658, 9.514 ], [ 99.663, 9.521 ], [ 99.658, 9.532 ], [ 99.666, 9.534 ], [ 99.667, 9.542 ] ] ], [ [ [ 99.683, 9.632 ], [ 99.688, 9.617 ], [ 99.682, 9.604 ], [ 99.671, 9.605 ], [ 99.655, 9.66 ], [ 99.666, 9.673 ], [ 99.664, 9.683 ], [ 99.671, 9.683 ], [ 99.667, 9.66 ], [ 99.672, 9.654 ], [ 99.679, 9.66 ], [ 99.671, 9.683 ], [ 99.671, 9.712 ], [ 99.678, 9.713 ], [ 99.684, 9.7 ], [ 99.683, 9.693 ], [ 99.674, 9.69 ], [ 99.688, 9.687 ], [ 99.679, 9.668 ], [ 99.692, 9.666 ], [ 99.675, 9.635 ], [ 99.683, 9.632 ] ] ], [ [ [ 99.659, 9.559 ], [ 99.666, 9.557 ], [ 99.667, 9.542 ], [ 99.658, 9.543 ], [ 99.659, 9.559 ] ] ], [ [ [ 99.896, 9.433 ], [ 99.892, 9.441 ], [ 99.903, 9.446 ], [ 99.905, 9.439 ], [ 99.896, 9.433 ] ] ], [ [ [ 99.901, 9.432 ], [ 99.896, 9.427 ], [ 99.896, 9.433 ], [ 99.901, 9.432 ] ] ] ] } },
{ "type": "Feature", "properties": { "hybas_id": 4070019410, "next_down": 0, "main_bas": 4070019410, "sub_area": 4625.8, "up_area": 4626.2, "th_share": 1.0 }, "geometry": { "type": "Polygon", "coordinates": [ [ [ 100.284, 7.833 ], [ 100.305, 7.823 ], [ 100.3, 7.81 ], [ 100.309, 7.788 ], [ 100.321, 7.779 ], [ 100.328, 7.784 ], [ 100.337, 7.769 ], [ 100.334, 7.76 ], [ 100.358, 7.727 ], [ 100.375, 7.677 ], [ 100.374, 7.66 ], [ 100.366, 7.642 ], [ 100.35, 7.638 ], [ 100.359, 7.629 ], [ 100.372, 7.638 ], [ 100.387, 7.637 ], [ 100.412, 7.581 ], [ 100.438, 7.473 ], [ 100.471, 7.384 ], [ 100.447, 7.384 ], [ 100.446, 7.377 ], [ 100.462, 7.351 ], [ 100.445, 7.34 ], [ 100.455, 7.305 ], [ 100.463, 7.303 ], [ 100.462, 7.267 ], [ 100.433, 7.258 ], [ 100.438, 7.246 ], [ 100.428, 7.255 ], [ 100.396, 7.242 ], [ 100.383, 7.266 ], [ 100.376, 7.268 ], [ 100.375, 7.283 ], [ 100.36, 7.295 ], [ 100.343, 7.291 ], [ 100.332, 7.313 ], [ 100.304, 7.295 ], [ 100.287, 7.312 ], [ 100.259, 7.316 ], [ 100.245, 7.287 ], [ 100.255, 7.26 ], [ 100.267, 7.25 ], [ 100.263, 7.208 ], [ 100.267, 7.193 ], [ 100.25, 7.15 ], [ 100.238, 7.149 ], [ 100.227, 7.138 ], [ 100.202, 7.137 ], [ 100.178, 7.109 ], [ 100.159, 7.099 ], [ 100.158, 7.077 ], [ 100.149, 7.068 ], [ 100.103, 7.058 ], [ 100.091, 7.063 ], [ 100.067, 7.051 ], [ 100.058, 7.108 ], [ 100.052, 7.112 ], [ 100.033, 7.104 ], [ 100.03, 7.113 ], [ 100.024, 7.165 ], [ 100.033, 7.168 ], [ 100.033, 7.177 ], [ 99.997, 7.209 ], [ 99.995, 7.228 ], [ 99.984, 7.234 ], [ 99.988, 7.254 ], [ 99.968, 7.259 ], [ 99.95, 7.294 ], [ 99.929, 7.3 ], [ 99.924, 7.315 ], [ 99.913, 7.322 ], [ 99.904, 7.357 ], [ 99.88, 7.381 ], [ 99.884, 7.413 ], [ 99.863, 7.443 ], [ 99.857, 7.462 ], [ 99.851, 7.463 ], [ 99.855, 7.486 ], [ 99.846, 7.488 ], [ 99.846, 7.5 ], [ 99.825, 7.504 ], [ 99.821, 7.521 ], [ 99.838, 7.545 ], [ 99.837, 7.553 ], [ 99.827, 7.555 ], [ 99.809, 7.571 ], [ 99.799, 7.596 ], [ 99.808, 7.617 ], [ 99.8, 7.642 ], [ 99.812, 7.652 ], [ 99.817, 7.676 ], [ 99.801, 7.688 ], [ 99.788, 7.71 ], [ 99.783, 7.734 ], [ 99.788, 7.742 ], [ 99.774, 7.766 ], [ 99.767, 7.768 ], [ 99.767, 7.792 ], [ 99.775, 7.792 ], [ 99.782, 7.8 ], [ 99.794, 7.8 ], [ 99.823, 7.784 ], [ 99.845, 7.783 ], [ 99.847, 7.795 ], [ 99.884, 7.833 ], [ 99.907, 7.829 ], [ 99.913, 7.849 ], [ 99.937, 7.863 ], [ 99.951, 7.887 ], [ 99.97, 7.888 ], [ 99.994, 7.904 ], [ 100.074, 7.909 ], [ 100.094, 7.884 ], [ 100.112, 7.888 ], [ 100.113, 7.9 ], [ 100.129, 7.895 ], [ 100.134, 7.88 ], [ 100.145, 7.88 ], [ 100.15, 7.89 ], [ 100.142, 7.929 ], [ 100.147, 7.933 ], [ 100.216, 7.92 ], [ 100.217, 7.929 ], [ 100.227, 7.929 ], [ 100.234, 7.923 ], [ 100.229, 7.914 ], [ 100.234, 7.885 ], [ 100.246, 7.879 ], [ 100.234, 7.852 ], [ 100.238, 7.843 ], [ 100.253, 7.837 ], [ 100.263, 7.809 ], [ 100.273, 7.808 ], [ 100.284, 7.833 ] ] ] } },
{ "type": "Feature", "properties": { "hybas_id": 4070019420, "next_down": 0, "main_bas": 4070019420, "sub_area": 852.9, "up_area": 852.9, "th_share": 1.0 }, "geometry": { "type": "Polygon", "coordinates": [ [ [ 100.204, 7.021 ], [ 100.208, 6.984 ], [ 100.197, 6.983 ], [ 100.191, 6.95 ], [ 100.2, 6.925 ], [ 100.181, 6.913 ], [ 100.133, 6.917 ], [ 100.126, 6.927 ], [ 100.124, 6.945 ], [ 100.11, 6.946 ], [ 100.095, 6.962 ], [ 100.085, 6.966 ], [ 100.08, 6.962 ], [ 100.078, 6.97 ], [ 100.067, 6.972 ], [ 100.066, 6.99 ], [ 100.059, 6.998 ], [ 100.067, 7.033 ], [ 100.08, 7.038 ], [ 100.071, 7.05 ], [ 100.076, 7.058 ], [ 100.149, 7.068 ], [ 100.158, 7.077 ], [ 100.159, 7.099 ], [ 100.178, 7.109 ], [ 100.202, 7.137 ], [ 100.227, 7.138 ], [ 100.238, 7.149 ], [ 100.25, 7.15 ], [ 100.267, 7.193 ], [ 100.263, 7.208 ], [ 100.267, 7.25 ], [ 100.255, 7.26 ], [ 100.245, 7.287 ], [ 100.259, 7.316 ], [ 100.287, 7.312 ], [ 100.304, 7.295 ], [ 100.332, 7.313 ], [ 100.343, 7.291 ], [ 100.36, 7.295 ], [ 100.375, 7.283 ], [ 100.376, 7.268 ], [ 100.383, 7.266 ], [ 100.396, 7.242 ], [ 100.433, 7.253 ], [ 100.432, 7.243 ], [ 100.409, 7.237 ], [ 100.397, 7.224 ], [ 100.392, 7.205 ], [ 100.416, 7.203 ], [ 100.413, 7.194 ], [ 100.422, 7.163 ], [ 100.44, 7.155 ], [ 100.453, 7.163 ], [ 100.458, 7.152 ], [ 100.458, 7.138 ], [ 100.429, 7.129 ], [ 100.438, 7.118 ], [ 100.433, 7.11 ], [ 100.438, 7.089 ], [ 100.45, 7.073 ], [ 100.445, 7.06 ], [ 100.402, 7.029 ], [ 100.398, 7.033 ], [ 100.365, 7.025 ], [ 100.346, 7.046 ], [ 100.332, 7.038 ], [ 100.294, 7.042 ], [ 100.276, 7.032 ], [ 100.274, 7.026 ], [ 100.256, 7.024 ], [ 100.236, 7.013 ], [ 100.22, 7.012 ], [ 100.204, 7.021 ] ] ] } },
{ "type": "Feature", "properties": { "hybas_id": 4070019470, "next_down": 0, "main_bas": 4070019470, "sub_area": 2265.7, "up_area": 2266.1, "th_share": 1.0 }, "geometry": { "type": "Polygon", "coordinates": [ [ [ 100.294, 7.042 ], [ 100.332, 7.038 ], [ 100.348, 7.045 ], [ 100.365, 7.025 ], [ 100.377, 7.025 ], [ 100.398, 7.033 ], [ 100.402, 7.029 ], [ 100.436, 7.05 ], [ 100.45, 7.073 ], [ 100.438, 7.089 ], [ 100.433, 7.11 ], [ 100.438, 7.118 ], [ 100.429, 7.129 ], [ 100.458, 7.138 ], [ 100.458, 7.146 ], [ 100.474, 7.136 ], [ 100.489, 7.104 ], [ 100.504, 7.109 ], [ 100.52, 7.103 ], [ 100.53, 7.084 ], [ 100.569, 7.08 ], [ 100.604, 7.092 ], [ 100.621, 7.072 ], [ 100.613, 7.065 ], [ 100.605, 7.04 ], [ 100.605, 7.023 ], [ 100.613, 7.014 ], [ 100.599, 7.005 ], [ 100.613, 6.976 ], [ 100.609, 6.935 ], [ 100.617, 6.921 ], [ 100.6, 6.911 ], [ 100.59, 6.884 ], [ 100.575, 6.883 ], [ 100.571, 6.869 ], [ 100.591, 6.848 ], [ 100.592, 6.83 ], [ 100.6, 6.828 ], [ 100.595, 6.805 ], [ 100.563, 6.799 ], [ 100.562, 6.78 ], [ 100.57, 6.768 ], [ 100.561, 6.759 ], [ 100.55, 6.758 ], [ 100.546, 6.731 ], [ 100.558, 6.713 ], [ 100.554, 6.705 ], [ 100.562, 6.694 ], [ 100.563, 6.676 ], [ 100.57, 6.674 ], [ 100.562, 6.656 ], [ 100.57, 6.636 ], [ 100.567, 6.581 ], [ 100.571, 6.571 ], [ 100.595, 6.552 ], [ 100.6, 6.531 ], [ 100.608, 6.525 ], [ 100.608, 6.471 ], [ 100.569, 6.491 ], [ 100.528, 6.487 ], [ 100.492, 6.517 ], [ 100.491, 6.528 ], [ 100.478, 6.53 ], [ 100.467, 6.521 ], [ 100.45, 6.533 ], [ 100.423, 6.521 ], [ 100.404, 6.529 ], [ 100.399, 6.553 ], [ 100.374, 6.545 ], [ 100.363, 6.555 ], [ 100.358, 6.578 ], [ 100.346, 6.575 ], [ 100.321, 6.61 ], [ 100.33, 6.623 ], [ 100.325, 6.635 ], [ 100.342, 6.663 ], [ 100.306, 6.671 ], [ 100.292, 6.689 ], [ 100.296, 6.701 ], [ 100.29, 6.708 ], [ 100.274, 6.704 ], [ 100.251, 6.709 ], [ 100.249, 6.701 ], [ 100.224, 6.695 ], [ 100.2, 6.717 ], [ 100.2, 6.725 ], [ 100.192, 6.725 ], [ 100.196, 6.824 ], [ 100.208, 6.838 ], [ 100.217, 6.877 ], [ 100.2, 6.9 ], [ 100.205, 6.916 ], [ 100.191, 6.95 ], [ 100.197, 6.983 ], [ 100.208, 6.984 ], [ 100.204, 7.021 ], [ 100.22, 7.012 ], [ 100.236, 7.013 ], [ 100.256, 7.024 ], [ 100.274, 7.026 ], [ 100.276, 7.032 ], [ 100.294, 7.042 ] ] ] } },
{ "type": "Feature", "properties": { "hybas_id": 4070019480, "next_down": 0, "main_bas": 4070019480, "sub_area": 4369.8, "up_area": 4369.8, "th_share": 0.99 }, "geometry": { "type": "MultiPolygon", "coordinates": [ [ [ [ 100.599, 7.229 ], [ 100.592, 7.234 ], [ 100.591, 7.241 ], [ 100.599, 7.242 ], [ 100.599, 7.229 ] ] ], [ [ [ 100.59, 7.258 ], [ 100.584, 7.259 ], [ 100.583, 7.266 ], [ 100.591, 7.267 ], [ 100.59, 7.258 ] ] ], [ [ [ 100.858, 6.973 ], [ 100.854, 6.972 ], [ 100.857, 6.975 ], [ 100.858, 6.973 ] ] ], [ [ [ 100.554, 7.15 ], [ 100.522, 7.145 ], [ 100.526, 7.162 ], [ 100.537, 7.168 ], [ 100.538, 7.187 ], [ 100.545, 7.188 ], [ 100.551, 7.168 ], [ 100.558, 7.166 ], [ 100.554, 7.15 ] ] ], [ [ [ 100.571, 6.771 ], [ 100.562, 6.78 ], [ 100.563, 6.799 ], [ 100.595, 6.805 ], [ 100.6, 6.828 ], [ 100.592, 6.83 ], [ 100.591, 6.848 ], [ 100.571, 6.869 ], [ 100.575, 6.883 ], [ 100.59, 6.884 ], [ 100.6, 6.911 ], [ 100.617, 6.921 ], [ 100.609, 6.935 ], [ 100.613, 6.976 ], [ 100.599, 7.005 ], [ 100.613, 7.014 ], [ 100.605, 7.023 ], [ 100.605, 7.04 ], [ 100.613, 7.065 ], [ 100.621, 7.072 ], [ 100.604, 7.092 ], [ 100.569, 7.08 ], [ 100.53, 7.084 ], [ 100.52, 7.103 ], [ 100.504, 7.109 ], [ 100.489, 7.104 ], [ 100.483, 7.123 ], [ 100.463, 7.146 ], [ 100.468, 7.159 ], [ 100.488, 7.138 ], [ 100.517, 7.142 ], [ 100.523, 7.138 ], [ 100.548, 7.142 ], [ 100.554, 7.15 ], [ 100.557, 7.151 ], [ 100.558, 7.154 ], [ 100.566, 7.155 ], [ 100.592, 7.18 ], [ 100.583, 7.206 ], [ 100.571, 7.219 ], [ 100.575, 7.233 ], [ 100.6, 7.216 ], [ 100.734, 7.022 ], [ 100.781, 6.976 ], [ 100.82, 6.954 ], [ 100.832, 6.955 ], [ 100.835, 6.963 ], [ 100.852, 6.962 ], [ 100.935, 6.892 ], [ 100.989, 6.863 ], [ 101.027, 6.854 ], [ 101.073, 6.862 ], [ 101.161, 6.863 ], [ 101.202, 6.871 ], [ 101.227, 6.884 ], [ 101.248, 6.905 ], [ 101.269, 6.904 ], [ 101.275, 6.896 ], [ 101.267, 6.892 ], [ 101.257, 6.896 ], [ 101.23, 6.874 ], [ 101.229, 6.856 ], [ 101.213, 6.841 ], [ 101.216, 6.823 ], [ 101.208, 6.778 ], [ 101.213, 6.771 ], [ 101.233, 6.771 ], [ 101.258, 6.731 ], [ 101.262, 6.69 ], [ 101.258, 6.672 ], [ 101.247, 6.67 ], [ 101.241, 6.659 ], [ 101.242, 6.644 ], [ 101.255, 6.63 ], [ 101.253, 6.609 ], [ 101.225, 6.604 ], [ 101.211, 6.613 ], [ 101.198, 6.596 ], [ 101.182, 6.595 ], [ 101.173, 6.604 ], [ 101.135, 6.609 ], [ 101.113, 6.629 ], [ 101.102, 6.629 ], [ 101.092, 6.613 ], [ 101.103, 6.603 ], [ 101.108, 6.588 ], [ 101.084, 6.57 ], [ 101.07, 6.542 ], [ 101.05, 6.542 ], [ 101.059, 6.526 ], [ 101.046, 6.502 ], [ 101.049, 6.481 ], [ 101.042, 6.469 ], [ 101.047, 6.459 ], [ 101.066, 6.452 ], [ 101.079, 6.397 ], [ 101.067, 6.392 ], [ 101.075, 6.379 ], [ 101.071, 6.36 ], [ 101.095, 6.311 ], [ 101.096, 6.298 ], [ 101.129, 6.271 ], [ 101.125, 6.26 ], [ 101.115, 6.25 ], [ 101.083, 6.259 ], [ 101.028, 6.245 ], [ 101.002, 6.259 ], [ 100.987, 6.278 ], [ 100.967, 6.283 ], [ 100.966, 6.272 ], [ 100.946, 6.261 ], [ 100.946, 6.246 ], [ 100.925, 6.251 ], [ 100.9, 6.233 ], [ 100.891, 6.249 ], [ 100.872, 6.254 ], [ 100.866, 6.234 ], [ 100.854, 6.229 ], [ 100.837, 6.303 ], [ 100.849, 6.309 ], [ 100.85, 6.325 ], [ 100.825, 6.354 ], [ 100.821, 6.398 ], [ 100.825, 6.406 ], [ 100.816, 6.441 ], [ 100.793, 6.442 ], [ 100.777, 6.454 ], [ 100.746, 6.454 ], [ 100.742, 6.492 ], [ 100.718, 6.487 ], [ 100.708, 6.471 ], [ 100.677, 6.45 ], [ 100.648, 6.45 ], [ 100.608, 6.471 ], [ 100.608, 6.525 ], [ 100.6, 6.531 ], [ 100.595, 6.552 ], [ 100.571, 6.571 ], [ 100.567, 6.581 ], [ 100.57, 6.636 ], [ 100.562, 6.656 ], [ 100.57, 6.674 ], [ 100.563, 6.676 ], [ 100.562, 6.694 ], [ 100.554, 6.705 ], [ 100.558, 6.713 ], [ 100.546, 6.731 ], [ 100.55, 6.758 ], [ 100.561, 6.759 ], [ 100.571, 6.771 ] ] ] ] } },
{ "type": "Feature", "properties": { "hybas_id": 4070019560, "next_down": 0, "main_bas": 4070019560, "sub_area": 3940.6, "up_area": 3940.6, "th_share": 0.99 }, "geometry": { "type": "Polygon", "coordinates": [ [ [ 101.013, 5.833 ], [ 101.008, 5.852 ], [ 101.029, 5.898 ], [ 101.03, 5.916 ], [ 101.052, 5.913 ], [ 101.065, 5.92 ], [ 101.082, 5.916 ], [ 101.088, 5.905 ], [ 101.1, 5.908 ], [ 101.091, 5.914 ], [ 101.101, 5.962 ], [ 101.095, 5.978 ], [ 101.112, 6.01 ], [ 101.108, 6.031 ], [ 101.113, 6.038 ], [ 101.096, 6.054 ], [ 101.112, 6.063 ], [ 101.117, 6.091 ], [ 101.125, 6.092 ], [ 101.124, 6.112 ], [ 101.109, 6.118 ], [ 101.107, 6.124 ], [ 101.063, 6.142 ], [ 101.085, 6.174 ], [ 101.12, 6.188 ], [ 101.113, 6.206 ], [ 101.117, 6.213 ], [ 101.104, 6.243 ], [ 101.129, 6.271 ], [ 101.096, 6.298 ], [ 101.095, 6.311 ], [ 101.071, 6.36 ], [ 101.075, 6.379 ], [ 101.067, 6.392 ], [ 101.079, 6.397 ], [ 101.074, 6.427 ], [ 101.066, 6.452 ], [ 101.047, 6.459 ], [ 101.042, 6.469 ], [ 101.049, 6.481 ], [ 101.046, 6.502 ], [ 101.059, 6.526 ], [ 101.05, 6.542 ], [ 101.07, 6.542 ], [ 101.084, 6.57 ], [ 101.108, 6.588 ], [ 101.103, 6.603 ], [ 101.092, 6.613 ], [ 101.102, 6.629 ], [ 101.113, 6.629 ], [ 101.135, 6.609 ], [ 101.173, 6.604 ], [ 101.182, 6.595 ], [ 101.198, 6.596 ], [ 101.211, 6.613 ], [ 101.225, 6.604 ], [ 101.253, 6.609 ], [ 101.255, 6.63 ], [ 101.242, 6.644 ], [ 101.241, 6.659 ], [ 101.247, 6.67 ], [ 101.258, 6.672 ], [ 101.262, 6.69 ], [ 101.258, 6.731 ], [ 101.233, 6.771 ], [ 101.213, 6.771 ], [ 101.208, 6.778 ], [ 101.216, 6.823 ], [ 101.213, 6.841 ], [ 101.229, 6.856 ], [ 101.23, 6.874 ], [ 101.257, 6.896 ], [ 101.267, 6.892 ], [ 101.275, 6.896 ], [ 101.276, 6.88 ], [ 101.289, 6.867 ], [ 101.303, 6.866 ], [ 101.309, 6.851 ], [ 101.317, 6.849 ], [ 101.312, 6.839 ], [ 101.329, 6.825 ], [ 101.316, 6.801 ], [ 101.326, 6.755 ], [ 101.342, 6.763 ], [ 101.342, 6.751 ], [ 101.35, 6.749 ], [ 101.337, 6.722 ], [ 101.346, 6.676 ], [ 101.338, 6.633 ], [ 101.353, 6.628 ], [ 101.358, 6.608 ], [ 101.337, 6.576 ], [ 101.348, 6.559 ], [ 101.358, 6.561 ], [ 101.359, 6.522 ], [ 101.367, 6.52 ], [ 101.362, 6.505 ], [ 101.371, 6.48 ], [ 101.368, 6.455 ], [ 101.413, 6.442 ], [ 101.388, 6.394 ], [ 101.387, 6.377 ], [ 101.371, 6.354 ], [ 101.401, 6.318 ], [ 101.396, 6.284 ], [ 101.405, 6.272 ], [ 101.395, 6.247 ], [ 101.4, 6.238 ], [ 101.395, 6.226 ], [ 101.374, 6.215 ], [ 101.387, 6.185 ], [ 101.384, 6.168 ], [ 101.398, 6.159 ], [ 101.413, 6.158 ], [ 101.413, 6.147 ], [ 101.437, 6.128 ], [ 101.442, 6.109 ], [ 101.439, 6.092 ], [ 101.452, 6.08 ], [ 101.474, 6.078 ], [ 101.48, 6.059 ], [ 101.476, 5.994 ], [ 101.484, 5.968 ], [ 101.492, 5.965 ], [ 101.491, 5.934 ], [ 101.479, 5.933 ], [ 101.474, 5.917 ], [ 101.48, 5.901 ], [ 101.491, 5.899 ], [ 101.492, 5.888 ], [ 101.5, 5.883 ], [ 101.492, 5.883 ], [ 101.488, 5.867 ], [ 101.465, 5.875 ], [ 101.448, 5.866 ], [ 101.402, 5.871 ], [ 101.376, 5.841 ], [ 101.375, 5.829 ], [ 101.351, 5.824 ], [ 101.349, 5.809 ], [ 101.321, 5.8 ], [ 101.279, 5.813 ], [ 101.263, 5.803 ], [ 101.258, 5.788 ], [ 101.262, 5.777 ], [ 101.25, 5.763 ], [ 101.266, 5.723 ], [ 101.266, 5.705 ], [ 101.256, 5.704 ], [ 101.249, 5.688 ], [ 101.221, 5.674 ], [ 101.221, 5.663 ], [ 101.172, 5.645 ], [ 101.166, 5.634 ], [ 101.156, 5.626 ], [ 101.143, 5.624 ], [ 101.141, 5.617 ], [ 101.133, 5.617 ], [ 101.124, 5.651 ], [ 101.134, 5.676 ], [ 101.112, 5.72 ], [ 101.101, 5.722 ], [ 101.091, 5.737 ], [ 101.06, 5.733 ], [ 101.057, 5.741 ], [ 101.045, 5.742 ], [ 101.037, 5.737 ], [ 101.003, 5.778 ], [ 100.992, 5.783 ], [ 100.987, 5.802 ], [ 101.013, 5.833 ] ] ] } },
{ "type": "Feature", "properties": { "hybas_id": 4070019570, "next_down": 0, "main_bas": 4070019570, "sub_area": 611.8, "up_area": 611.8, "th_share": 0.96 }, "geometry": { "type": "Polygon", "coordinates": [ [ [ 101.467, 6.713 ], [ 101.462, 6.708 ], [ 101.452, 6.712 ], [ 101.438, 6.702 ], [ 101.433, 6.671 ], [ 101.416, 6.651 ], [ 101.405, 6.649 ], [ 101.399, 6.626 ], [ 101.38, 6.62 ], [ 101.368, 6.604 ], [ 101.358, 6.608 ], [ 101.353, 6.628 ], [ 101.338, 6.633 ], [ 101.346, 6.676 ], [ 101.337, 6.722 ], [ 101.35, 6.749 ], [ 101.342, 6.751 ], [ 101.342, 6.763 ], [ 101.326, 6.755 ], [ 101.316, 6.801 ], [ 101.329, 6.825 ], [ 101.312, 6.839 ], [ 101.317, 6.849 ], [ 101.309, 6.851 ], [ 101.303, 6.866 ], [ 101.289, 6.867 ], [ 101.276, 6.88 ], [ 101.275, 6.896 ], [ 101.287, 6.895 ], [ 101.283, 6.885 ], [ 101.29, 6.88 ], [ 101.303, 6.888 ], [ 101.331, 6.88 ], [ 101.342, 6.888 ], [ 101.341, 6.908 ], [ 101.329, 6.909 ], [ 101.324, 6.925 ], [ 101.31, 6.921 ], [ 101.281, 6.941 ], [ 101.238, 6.929 ], [ 101.237, 6.94 ], [ 101.256, 6.949 ], [ 101.29, 6.954 ], [ 101.36, 6.905 ], [ 101.427, 6.888 ], [ 101.456, 6.887 ], [ 101.512, 6.862 ], [ 101.527, 6.866 ], [ 101.548, 6.846 ], [ 101.554, 6.851 ], [ 101.566, 6.84 ], [ 101.638, 6.717 ], [ 101.629, 6.713 ], [ 101.619, 6.725 ], [ 101.592, 6.717 ], [ 101.591, 6.735 ], [ 101.566, 6.781 ], [ 101.562, 6.787 ], [ 101.543, 6.788 ], [ 101.541, 6.799 ], [ 101.533, 6.8 ], [ 101.529, 6.792 ], [ 101.533, 6.759 ], [ 101.492, 6.732 ], [ 101.492, 6.713 ], [ 101.477, 6.708 ], [ 101.467, 6.713 ] ] ] } },
{ "type": "Feature", "properties": { "hybas_id": 4070019600, "next_down": 0, "main_bas": 4070019600, "sub_area": 2690.2, "up_area": 2690.2, "th_share": 1.0 }, "geometry": { "type": "Polygon", "coordinates": [ [ [ 101.48, 6.059 ], [ 101.474, 6.078 ], [ 101.452, 6.08 ], [ 101.439, 6.092 ], [ 101.442, 6.109 ], [ 101.437, 6.128 ], [ 101.413, 6.147 ], [ 101.413, 6.158 ], [ 101.398, 6.159 ], [ 101.384, 6.168 ], [ 101.387, 6.185 ], [ 101.374, 6.215 ], [ 101.395, 6.226 ], [ 101.4, 6.238 ], [ 101.395, 6.247 ], [ 101.405, 6.272 ], [ 101.396, 6.284 ], [ 101.401, 6.318 ], [ 101.371, 6.354 ], [ 101.387, 6.377 ], [ 101.388, 6.394 ], [ 101.413, 6.442 ], [ 101.368, 6.455 ], [ 101.371, 6.48 ], [ 101.362, 6.505 ], [ 101.367, 6.52 ], [ 101.359, 6.522 ], [ 101.358, 6.561 ], [ 101.348, 6.559 ], [ 101.337, 6.576 ], [ 101.358, 6.608 ], [ 101.368, 6.604 ], [ 101.38, 6.62 ], [ 101.399, 6.626 ], [ 101.405, 6.649 ], [ 101.416, 6.651 ], [ 101.433, 6.671 ], [ 101.443, 6.708 ], [ 101.455, 6.713 ], [ 101.462, 6.708 ], [ 101.492, 6.713 ], [ 101.492, 6.732 ], [ 101.533, 6.759 ], [ 101.529, 6.792 ], [ 101.533, 6.8 ], [ 101.541, 6.799 ], [ 101.543, 6.788 ], [ 101.562, 6.787 ], [ 101.566, 6.781 ], [ 101.591, 6.735 ], [ 101.592, 6.717 ], [ 101.619, 6.725 ], [ 101.629, 6.713 ], [ 101.638, 6.717 ], [ 101.642, 6.713 ], [ 101.621, 6.669 ], [ 101.616, 6.621 ], [ 101.601, 6.616 ], [ 101.592, 6.563 ], [ 101.608, 6.544 ], [ 101.588, 6.513 ], [ 101.608, 6.503 ], [ 101.609, 6.493 ], [ 101.638, 6.472 ], [ 101.633, 6.459 ], [ 101.651, 6.43 ], [ 101.645, 6.409 ], [ 101.625, 6.404 ], [ 101.629, 6.392 ], [ 101.624, 6.386 ], [ 101.633, 6.371 ], [ 101.605, 6.362 ], [ 101.613, 6.335 ], [ 101.601, 6.328 ], [ 101.592, 6.296 ], [ 101.603, 6.291 ], [ 101.613, 6.272 ], [ 101.608, 6.263 ], [ 101.617, 6.247 ], [ 101.613, 6.218 ], [ 101.633, 6.198 ], [ 101.625, 6.176 ], [ 101.633, 6.169 ], [ 101.629, 6.15 ], [ 101.641, 6.145 ], [ 101.643, 6.134 ], [ 101.659, 6.128 ], [ 101.654, 6.105 ], [ 101.666, 6.094 ], [ 101.684, 6.022 ], [ 101.72, 6.026 ], [ 101.712, 6.041 ], [ 101.713, 6.066 ], [ 101.719, 6.07 ], [ 101.733, 6.071 ], [ 101.744, 6.062 ], [ 101.762, 6.044 ], [ 101.767, 6.029 ], [ 101.777, 6.025 ], [ 101.796, 6.038 ], [ 101.799, 6.031 ], [ 101.805, 6.013 ], [ 101.801, 5.985 ], [ 101.817, 5.958 ], [ 101.804, 5.943 ], [ 101.808, 5.906 ], [ 101.796, 5.869 ], [ 101.813, 5.846 ], [ 101.813, 5.833 ], [ 101.784, 5.824 ], [ 101.778, 5.784 ], [ 101.76, 5.8 ], [ 101.71, 5.783 ], [ 101.702, 5.775 ], [ 101.676, 5.78 ], [ 101.659, 5.814 ], [ 101.658, 5.838 ], [ 101.663, 5.847 ], [ 101.657, 5.87 ], [ 101.626, 5.866 ], [ 101.613, 5.908 ], [ 101.578, 5.917 ], [ 101.564, 5.912 ], [ 101.563, 5.917 ], [ 101.535, 5.916 ], [ 101.514, 5.904 ], [ 101.503, 5.888 ], [ 101.492, 5.888 ], [ 101.491, 5.899 ], [ 101.48, 5.901 ], [ 101.474, 5.917 ], [ 101.479, 5.933 ], [ 101.491, 5.934 ], [ 101.492, 5.965 ], [ 101.484, 5.968 ], [ 101.476, 5.994 ], [ 101.48, 6.059 ] ] ] } },
{ "type": "Feature", "properties": { "hybas_id": 4070019610, "next_down": 0, "main_bas": 4070019610, "sub_area": 1371.3, "up_area": 1371.3, "th_share": 0.98 }, "geometry": { "type": "Polygon", "coordinates": [ [ [ 102.083, 6.238 ], [ 102.006, 6.28 ], [ 101.991, 6.299 ], [ 101.972, 6.305 ], [ 101.961, 6.316 ], [ 101.951, 6.316 ], [ 101.946, 6.3 ], [ 101.939, 6.301 ], [ 101.907, 6.349 ], [ 101.893, 6.351 ], [ 101.891, 6.338 ], [ 101.859, 6.32 ], [ 101.834, 6.328 ], [ 101.828, 6.313 ], [ 101.797, 6.299 ], [ 101.787, 6.271 ], [ 101.781, 6.267 ], [ 101.774, 6.28 ], [ 101.751, 6.274 ], [ 101.745, 6.251 ], [ 101.737, 6.249 ], [ 101.745, 6.245 ], [ 101.755, 6.217 ], [ 101.766, 6.216 ], [ 101.791, 6.186 ], [ 101.808, 6.117 ], [ 101.808, 6.092 ], [ 101.8, 6.071 ], [ 101.807, 6.066 ], [ 101.811, 6.05 ], [ 101.777, 6.025 ], [ 101.767, 6.029 ], [ 101.762, 6.044 ], [ 101.733, 6.071 ], [ 101.719, 6.07 ], [ 101.713, 6.066 ], [ 101.712, 6.041 ], [ 101.72, 6.026 ], [ 101.684, 6.022 ], [ 101.666, 6.094 ], [ 101.654, 6.105 ], [ 101.659, 6.128 ], [ 101.643, 6.134 ], [ 101.641, 6.145 ], [ 101.629, 6.15 ], [ 101.633, 6.169 ], [ 101.625, 6.176 ], [ 101.633, 6.198 ], [ 101.613, 6.218 ], [ 101.617, 6.247 ], [ 101.608, 6.263 ], [ 101.613, 6.272 ], [ 101.603, 6.291 ], [ 101.592, 6.296 ], [ 101.601, 6.328 ], [ 101.613, 6.335 ], [ 101.605, 6.362 ], [ 101.633, 6.371 ], [ 101.624, 6.386 ], [ 101.629, 6.392 ], [ 101.625, 6.404 ], [ 101.645, 6.409 ], [ 101.651, 6.43 ], [ 101.633, 6.459 ], [ 101.638, 6.472 ], [ 101.609, 6.493 ], [ 101.608, 6.503 ], [ 101.588, 6.513 ], [ 101.608, 6.544 ], [ 101.592, 6.563 ], [ 101.601, 6.616 ], [ 101.616, 6.621 ], [ 101.621, 6.669 ], [ 101.629, 6.677 ], [ 101.638, 6.712 ], [ 101.65, 6.707 ], [ 101.663, 6.677 ], [ 101.746, 6.548 ], [ 101.817, 6.454 ], [ 101.832, 6.449 ], [ 101.856, 6.43 ], [ 101.874, 6.429 ], [ 101.948, 6.346 ], [ 101.989, 6.313 ], [ 102.079, 6.257 ], [ 102.088, 6.246 ], [ 102.083, 6.238 ] ] ] } },
{ "type": "Feature", "properties": { "hybas_id": 4070019680, "next_down": 0, "main_bas": 4070019680, "sub_area": 2329.8, "up_area": 2329.8, "th_share": 0.57 }, "geometry": { "type": "Polygon", "coordinates": [ [ [ 102.113, 6.211 ], [ 102.099, 6.197 ], [ 102.106, 6.184 ], [ 102.157, 6.157 ], [ 102.159, 6.151 ], [ 102.175, 6.15 ], [ 102.176, 6.143 ], [ 102.195, 6.137 ], [ 102.187, 6.093 ], [ 102.176, 6.096 ], [ 102.17, 6.08 ], [ 102.138, 6.062 ], [ 102.128, 6.043 ], [ 102.113, 6.037 ], [ 102.105, 6.023 ], [ 102.105, 6.013 ], [ 102.124, 6.008 ], [ 102.134, 5.979 ], [ 102.152, 5.963 ], [ 102.17, 5.958 ], [ 102.166, 5.918 ], [ 102.154, 5.908 ], [ 102.159, 5.889 ], [ 102.147, 5.883 ], [ 102.13, 5.852 ], [ 102.133, 5.834 ], [ 102.122, 5.824 ], [ 102.088, 5.829 ], [ 102.063, 5.802 ], [ 102.063, 5.792 ], [ 102.048, 5.784 ], [ 102.027, 5.783 ], [ 102.013, 5.771 ], [ 102.012, 5.756 ], [ 101.996, 5.729 ], [ 101.984, 5.734 ], [ 101.967, 5.729 ], [ 101.97, 5.706 ], [ 101.965, 5.7 ], [ 101.948, 5.692 ], [ 101.932, 5.691 ], [ 101.914, 5.701 ], [ 101.902, 5.688 ], [ 101.888, 5.692 ], [ 101.878, 5.708 ], [ 101.851, 5.713 ], [ 101.849, 5.723 ], [ 101.832, 5.742 ], [ 101.818, 5.733 ], [ 101.816, 5.741 ], [ 101.779, 5.763 ], [ 101.775, 5.773 ], [ 101.775, 5.783 ], [ 101.784, 5.795 ], [ 101.78, 5.81 ], [ 101.784, 5.824 ], [ 101.813, 5.833 ], [ 101.813, 5.846 ], [ 101.796, 5.869 ], [ 101.808, 5.906 ], [ 101.804, 5.943 ], [ 101.817, 5.958 ], [ 101.801, 5.985 ], [ 101.805, 6.013 ], [ 101.796, 6.038 ], [ 101.813, 6.055 ], [ 101.8, 6.071 ], [ 101.808, 6.092 ], [ 101.808, 6.117 ], [ 101.791, 6.186 ], [ 101.766, 6.216 ], [ 101.755, 6.217 ], [ 101.745, 6.245 ], [ 101.737, 6.249 ], [ 101.745, 6.251 ], [ 101.751, 6.274 ], [ 101.774, 6.28 ], [ 101.781, 6.267 ], [ 101.787, 6.271 ], [ 101.797, 6.299 ], [ 101.828, 6.313 ], [ 101.834, 6.328 ], [ 101.859, 6.32 ], [ 101.891, 6.338 ], [ 101.893, 6.351 ], [ 101.907, 6.349 ], [ 101.939, 6.301 ], [ 101.946, 6.3 ], [ 101.951, 6.316 ], [ 101.961, 6.316 ], [ 101.972, 6.305 ], [ 101.991, 6.299 ], [ 102.006, 6.28 ], [ 102.056, 6.25 ], [ 102.083, 6.238 ], [ 102.092, 6.246 ], [ 102.097, 6.226 ], [ 102.113, 6.211 ] ] ] } },
{ "type": "Feature", "properties": { "hybas_id": 4070021330, "next_down": 0, "main_bas": 4070021330, "sub_area": 5736.5, "up_area": 5736.5, "th_share": 0.76 }, "geometry": { "type": "MultiPolygon", "coordinates": [ [ [ [ 100.04, 6.054 ], [ 100.033, 6.06 ], [ 100.039, 6.071 ], [ 100.046, 6.065 ], [ 100.04, 6.054 ] ] ], [ [ [ 100.057, 6.071 ], [ 100.056, 6.08 ], [ 100.063, 6.078 ], [ 100.057, 6.071 ] ] ], [ [ [ 100.065, 6.442 ], [ 100.058, 6.448 ], [ 100.066, 6.455 ], [ 100.067, 6.446 ], [ 100.065, 6.442 ] ] ], [ [ [ 100.105, 6.455 ], [ 100.099, 6.453 ], [ 100.101, 6.459 ], [ 100.105, 6.455 ] ] ], [ [ [ 100.074, 6.458 ], [ 100.062, 6.459 ], [ 100.068, 6.476 ], [ 100.075, 6.474 ], [ 100.074, 6.458 ] ] ], [ [ [ 100.092, 6.43 ], [ 100.087, 6.427 ], [ 100.091, 6.437 ], [ 100.092, 6.43 ] ] ], [ [ [ 99.961, 6.546 ], [ 99.951, 6.547 ], [ 99.95, 6.553 ], [ 99.96, 6.555 ], [ 99.961, 6.546 ] ] ], [ [ [ 99.958, 6.54 ], [ 99.954, 6.539 ], [ 99.957, 6.542 ], [ 99.958, 6.54 ] ] ], [ [ [ 99.984, 6.559 ], [ 99.979, 6.557 ], [ 99.981, 6.563 ], [ 99.984, 6.559 ] ] ], [ [ [ 99.978, 6.583 ], [ 99.97, 6.584 ], [ 99.974, 6.588 ], [ 99.978, 6.583 ] ] ], [ [ [ 99.811, 6.708 ], [ 99.804, 6.714 ], [ 99.812, 6.721 ], [ 99.828, 6.72 ], [ 99.811, 6.708 ] ] ], [ [ [ 99.853, 6.563 ], [ 99.847, 6.563 ], [ 99.845, 6.57 ], [ 99.853, 6.571 ], [ 99.853, 6.563 ] ] ], [ [ [ 99.836, 6.579 ], [ 99.835, 6.588 ], [ 99.842, 6.586 ], [ 99.836, 6.579 ] ] ], [ [ [ 99.849, 6.65 ], [ 99.841, 6.651 ], [ 99.845, 6.665 ], [ 99.841, 6.671 ], [ 99.844, 6.676 ], [ 99.859, 6.673 ], [ 99.855, 6.701 ], [ 99.871, 6.69 ], [ 99.866, 6.664 ], [ 99.849, 6.65 ] ] ], [ [ [ 99.836, 6.65 ], [ 99.83, 6.651 ], [ 99.829, 6.657 ], [ 99.836, 6.659 ], [ 99.836, 6.65 ] ] ], [ [ [ 99.765, 6.775 ], [ 99.758, 6.786 ], [ 99.768, 6.796 ], [ 99.775, 6.795 ], [ 99.778, 6.78 ], [ 99.765, 6.775 ] ] ], [ [ [ 99.757, 6.758 ], [ 99.749, 6.759 ], [ 99.753, 6.763 ], [ 99.757, 6.758 ] ] ], [ [ [ 99.532, 6.792 ], [ 99.526, 6.792 ], [ 99.525, 6.799 ], [ 99.532, 6.8 ], [ 99.532, 6.792 ] ] ], [ [ [ 99.54, 6.821 ], [ 99.526, 6.822 ], [ 99.525, 6.837 ], [ 99.545, 6.838 ], [ 99.54, 6.821 ] ] ], [ [ [ 99.478, 6.971 ], [ 99.472, 6.972 ], [ 99.47, 6.978 ], [ 99.478, 6.98 ], [ 99.478, 6.971 ] ] ], [ [ [ 99.59, 6.825 ], [ 99.583, 6.826 ], [ 99.584, 6.838 ], [ 99.592, 6.836 ], [ 99.59, 6.825 ] ] ], [ [ [ 99.574, 6.892 ], [ 99.566, 6.893 ], [ 99.57, 6.896 ], [ 99.574, 6.892 ] ] ], [ [ [ 99.594, 6.85 ], [ 99.588, 6.855 ], [ 99.587, 6.862 ], [ 99.595, 6.863 ], [ 99.594, 6.85 ] ] ], [ [ [ 99.703, 7.083 ], [ 99.695, 7.084 ], [ 99.697, 7.096 ], [ 99.705, 7.095 ], [ 99.703, 7.083 ] ] ], [ [ [ 99.586, 6.975 ], [ 99.576, 6.976 ], [ 99.574, 6.982 ], [ 99.581, 6.984 ], [ 99.586, 6.975 ] ] ], [ [ [ 99.549, 6.904 ], [ 99.542, 6.909 ], [ 99.541, 6.916 ], [ 99.549, 6.917 ], [ 99.549, 6.904 ] ] ], [ [ [ 99.509, 6.801 ], [ 99.504, 6.798 ], [ 99.506, 6.805 ], [ 99.509, 6.801 ] ] ], [ [ [ 99.653, 7.146 ], [ 99.645, 7.152 ], [ 99.653, 7.159 ], [ 99.654, 7.15 ], [ 99.653, 7.146 ] ] ], [ [ [ 99.478, 7.025 ], [ 99.472, 7.026 ], [ 99.468, 7.055 ], [ 99.474, 7.053 ], [ 99.48, 7.038 ], [ 99.478, 7.025 ] ] ], [ [ [ 99.615, 7.079 ], [ 99.563, 7.093 ], [ 99.554, 7.112 ], [ 99.555, 7.128 ], [ 99.561, 7.129 ], [ 99.577, 7.113 ], [ 99.583, 7.117 ], [ 99.599, 7.107 ], [ 99.612, 7.094 ], [ 99.615, 7.079 ] ] ], [ [ [ 99.586, 7.129 ], [ 99.58, 7.13 ], [ 99.579, 7.136 ], [ 99.586, 7.138 ], [ 99.586, 7.129 ] ] ], [ [ [ 99.396, 7.076 ], [ 99.391, 7.073 ], [ 99.393, 7.08 ], [ 99.396, 7.076 ] ] ], [ [ [ 99.432, 7.1 ], [ 99.426, 7.101 ], [ 99.423, 7.126 ], [ 99.428, 7.124 ], [ 99.432, 7.1 ] ] ], [ [ [ 99.546, 7.292 ], [ 99.519, 7.296 ], [ 99.501, 7.313 ], [ 99.5, 7.354 ], [ 99.509, 7.385 ], [ 99.504, 7.392 ], [ 99.523, 7.395 ], [ 99.529, 7.379 ], [ 99.541, 7.384 ], [ 99.551, 7.42 ], [ 99.563, 7.425 ], [ 99.558, 7.441 ], [ 99.566, 7.443 ], [ 99.567, 7.451 ], [ 99.562, 7.459 ], [ 99.574, 7.468 ], [ 99.588, 7.5 ], [ 99.595, 7.505 ], [ 99.633, 7.497 ], [ 99.638, 7.512 ], [ 99.658, 7.513 ], [ 99.659, 7.523 ], [ 99.673, 7.534 ], [ 99.696, 7.525 ], [ 99.736, 7.526 ], [ 99.758, 7.534 ], [ 99.798, 7.525 ], [ 99.806, 7.517 ], [ 99.821, 7.521 ], [ 99.825, 7.504 ], [ 99.846, 7.5 ], [ 99.846, 7.488 ], [ 99.855, 7.486 ], [ 99.851, 7.463 ], [ 99.857, 7.462 ], [ 99.863, 7.443 ], [ 99.884, 7.413 ], [ 99.88, 7.381 ], [ 99.904, 7.357 ], [ 99.913, 7.322 ], [ 99.924, 7.315 ], [ 99.929, 7.3 ], [ 99.95, 7.294 ], [ 99.968, 7.259 ], [ 99.988, 7.254 ], [ 99.984, 7.234 ], [ 99.995, 7.228 ], [ 99.997, 7.209 ], [ 100.033, 7.177 ], [ 100.033, 7.168 ], [ 100.024, 7.165 ], [ 100.03, 7.113 ], [ 100.033, 7.104 ], [ 100.052, 7.112 ], [ 100.058, 7.108 ], [ 100.067, 7.051 ], [ 100.08, 7.038 ], [ 100.067, 7.033 ], [ 100.058, 7.009 ], [ 100.067, 6.972 ], [ 100.078, 6.97 ], [ 100.08, 6.962 ], [ 100.085, 6.966 ], [ 100.095, 6.962 ], [ 100.11, 6.946 ], [ 100.124, 6.945 ], [ 100.126, 6.927 ], [ 100.133, 6.917 ], [ 100.166, 6.912 ], [ 100.181, 6.913 ], [ 100.193, 6.924 ], [ 100.203, 6.92 ], [ 100.2, 6.9 ], [ 100.217, 6.877 ], [ 100.208, 6.838 ], [ 100.196, 6.824 ], [ 100.192, 6.725 ], [ 100.2, 6.725 ], [ 100.2, 6.717 ], [ 100.224, 6.695 ], [ 100.249, 6.701 ], [ 100.251, 6.709 ], [ 100.274, 6.704 ], [ 100.29, 6.708 ], [ 100.296, 6.701 ], [ 100.292, 6.689 ], [ 100.306, 6.671 ], [ 100.342, 6.663 ], [ 100.325, 6.635 ], [ 100.33, 6.623 ], [ 100.321, 6.613 ], [ 100.33, 6.593 ], [ 100.345, 6.582 ], [ 100.346, 6.575 ], [ 100.358, 6.578 ], [ 100.363, 6.555 ], [ 100.374, 6.545 ], [ 100.399, 6.553 ], [ 100.404, 6.529 ], [ 100.399, 6.52 ], [ 100.409, 6.497 ], [ 100.38, 6.483 ], [ 100.367, 6.467 ], [ 100.362, 6.443 ], [ 100.35, 6.433 ], [ 100.378, 6.424 ], [ 100.388, 6.4 ], [ 100.384, 6.393 ], [ 100.391, 6.386 ], [ 100.383, 6.364 ], [ 100.392, 6.338 ], [ 100.379, 6.332 ], [ 100.383, 6.305 ], [ 100.367, 6.303 ], [ 100.358, 6.292 ], [ 100.361, 6.274 ], [ 100.339, 6.288 ], [ 100.334, 6.281 ], [ 100.324, 6.23 ], [ 100.308, 6.224 ], [ 100.312, 6.205 ], [ 100.304, 6.203 ], [ 100.317, 6.179 ], [ 100.308, 6.174 ], [ 100.317, 6.154 ], [ 100.309, 6.153 ], [ 100.304, 6.139 ], [ 100.284, 6.133 ], [ 100.288, 6.11 ], [ 100.28, 6.109 ], [ 100.276, 6.119 ], [ 100.266, 6.165 ], [ 100.245, 6.202 ], [ 100.216, 6.237 ], [ 100.192, 6.248 ], [ 100.167, 6.289 ], [ 100.138, 6.379 ], [ 100.121, 6.406 ], [ 100.099, 6.496 ], [ 100.085, 6.491 ], [ 100.083, 6.497 ], [ 100.095, 6.523 ], [ 100.092, 6.546 ], [ 100.08, 6.555 ], [ 100.07, 6.519 ], [ 100.062, 6.512 ], [ 100.044, 6.521 ], [ 100.005, 6.559 ], [ 99.987, 6.599 ], [ 100.004, 6.596 ], [ 100.0, 6.603 ], [ 99.99, 6.608 ], [ 99.975, 6.593 ], [ 99.947, 6.584 ], [ 99.947, 6.62 ], [ 99.971, 6.626 ], [ 99.957, 6.654 ], [ 99.946, 6.651 ], [ 99.95, 6.657 ], [ 99.945, 6.659 ], [ 99.937, 6.654 ], [ 99.918, 6.671 ], [ 99.918, 6.692 ], [ 99.915, 6.683 ], [ 99.905, 6.684 ], [ 99.904, 6.709 ], [ 99.913, 6.72 ], [ 99.897, 6.72 ], [ 99.887, 6.701 ], [ 99.853, 6.705 ], [ 99.835, 6.691 ], [ 99.847, 6.736 ], [ 99.862, 6.732 ], [ 99.87, 6.713 ], [ 99.866, 6.74 ], [ 99.841, 6.774 ], [ 99.828, 6.776 ], [ 99.811, 6.766 ], [ 99.805, 6.772 ], [ 99.799, 6.806 ], [ 99.779, 6.836 ], [ 99.751, 6.83 ], [ 99.742, 6.846 ], [ 99.712, 6.859 ], [ 99.705, 6.853 ], [ 99.695, 6.814 ], [ 99.685, 6.817 ], [ 99.682, 6.809 ], [ 99.67, 6.808 ], [ 99.662, 6.816 ], [ 99.674, 6.817 ], [ 99.676, 6.832 ], [ 99.683, 6.834 ], [ 99.688, 6.853 ], [ 99.696, 6.859 ], [ 99.682, 6.895 ], [ 99.674, 6.9 ], [ 99.688, 6.91 ], [ 99.679, 6.947 ], [ 99.688, 6.957 ], [ 99.68, 6.959 ], [ 99.667, 7.002 ], [ 99.679, 7.014 ], [ 99.667, 7.04 ], [ 99.693, 7.078 ], [ 99.699, 7.08 ], [ 99.703, 7.07 ], [ 99.713, 7.092 ], [ 99.708, 7.1 ], [ 99.737, 7.118 ], [ 99.733, 7.125 ], [ 99.738, 7.133 ], [ 99.72, 7.124 ], [ 99.705, 7.132 ], [ 99.703, 7.122 ], [ 99.694, 7.125 ], [ 99.664, 7.112 ], [ 99.667, 7.138 ], [ 99.655, 7.18 ], [ 99.65, 7.168 ], [ 99.61, 7.134 ], [ 99.601, 7.133 ], [ 99.599, 7.155 ], [ 99.587, 7.145 ], [ 99.576, 7.155 ], [ 99.558, 7.206 ], [ 99.521, 7.248 ], [ 99.53, 7.281 ], [ 99.546, 7.292 ] ], [ [ 99.58, 7.37 ], [ 99.582, 7.368 ], [ 99.583, 7.371 ], [ 99.58, 7.37 ] ], [ [ 100.013, 6.592 ], [ 100.009, 6.589 ], [ 100.011, 6.587 ], [ 100.013, 6.592 ] ], [ [ 99.703, 6.954 ], [ 99.703, 6.966 ], [ 99.693, 6.967 ], [ 99.691, 6.96 ], [ 99.703, 6.954 ] ], [ [ 99.729, 6.931 ], [ 99.733, 6.931 ], [ 99.732, 6.934 ], [ 99.729, 6.931 ] ], [ [ 99.583, 7.358 ], [ 99.587, 7.361 ], [ 99.585, 7.363 ], [ 99.583, 7.358 ] ], [ [ 99.579, 7.358 ], [ 99.571, 7.362 ], [ 99.571, 7.333 ], [ 99.574, 7.334 ], [ 99.579, 7.358 ] ], [ [ 99.571, 7.329 ], [ 99.555, 7.311 ], [ 99.55, 7.292 ], [ 99.562, 7.298 ], [ 99.571, 7.329 ] ] ] ] } },
{ "type": "Feature", "properties": { "hybas_id": 4070021580, "next_down": 0, "main_bas": 4070021580, "sub_area": 3574.6, "up_area": 3574.6, "th_share": 1.0 }, "geometry": { "type": "Polygon", "coordinates": [ [ [ 99.404, 8.008 ], [ 99.409, 8.027 ], [ 99.403, 8.037 ], [ 99.388, 8.034 ], [ 99.379, 8.045 ], [ 99.38, 8.091 ], [ 99.392, 8.096 ], [ 99.401, 8.091 ], [ 99.414, 8.108 ], [ 99.437, 8.109 ], [ 99.438, 8.125 ], [ 99.463, 8.125 ], [ 99.463, 8.133 ], [ 99.498, 8.166 ], [ 99.516, 8.153 ], [ 99.517, 8.138 ], [ 99.546, 8.138 ], [ 99.551, 8.157 ], [ 99.587, 8.167 ], [ 99.617, 8.164 ], [ 99.626, 8.203 ], [ 99.654, 8.208 ], [ 99.649, 8.237 ], [ 99.666, 8.242 ], [ 99.674, 8.256 ], [ 99.671, 8.273 ], [ 99.681, 8.291 ], [ 99.72, 8.299 ], [ 99.721, 8.292 ], [ 99.729, 8.291 ], [ 99.726, 8.285 ], [ 99.73, 8.275 ], [ 99.737, 8.27 ], [ 99.749, 8.274 ], [ 99.758, 8.258 ], [ 99.754, 8.247 ], [ 99.788, 8.232 ], [ 99.779, 8.222 ], [ 99.78, 8.205 ], [ 99.8, 8.196 ], [ 99.787, 8.172 ], [ 99.776, 8.166 ], [ 99.77, 8.147 ], [ 99.772, 8.134 ], [ 99.78, 8.132 ], [ 99.779, 8.119 ], [ 99.762, 8.097 ], [ 99.763, 8.069 ], [ 99.768, 8.059 ], [ 99.783, 8.05 ], [ 99.796, 7.983 ], [ 99.791, 7.978 ], [ 99.796, 7.966 ], [ 99.792, 7.947 ], [ 99.809, 7.945 ], [ 99.808, 7.929 ], [ 99.8, 7.925 ], [ 99.766, 7.93 ], [ 99.755, 7.924 ], [ 99.753, 7.909 ], [ 99.745, 7.908 ], [ 99.718, 7.916 ], [ 99.712, 7.903 ], [ 99.717, 7.889 ], [ 99.708, 7.883 ], [ 99.712, 7.848 ], [ 99.708, 7.83 ], [ 99.7, 7.828 ], [ 99.721, 7.792 ], [ 99.745, 7.805 ], [ 99.762, 7.798 ], [ 99.767, 7.768 ], [ 99.774, 7.766 ], [ 99.788, 7.742 ], [ 99.783, 7.734 ], [ 99.788, 7.71 ], [ 99.801, 7.688 ], [ 99.817, 7.676 ], [ 99.812, 7.652 ], [ 99.8, 7.642 ], [ 99.808, 7.617 ], [ 99.799, 7.596 ], [ 99.809, 7.571 ], [ 99.827, 7.555 ], [ 99.837, 7.553 ], [ 99.828, 7.525 ], [ 99.806, 7.517 ], [ 99.798, 7.525 ], [ 99.779, 7.525 ], [ 99.769, 7.533 ], [ 99.696, 7.525 ], [ 99.673, 7.534 ], [ 99.659, 7.523 ], [ 99.658, 7.513 ], [ 99.638, 7.512 ], [ 99.633, 7.497 ], [ 99.595, 7.505 ], [ 99.583, 7.496 ], [ 99.574, 7.468 ], [ 99.562, 7.459 ], [ 99.567, 7.451 ], [ 99.566, 7.443 ], [ 99.558, 7.441 ], [ 99.563, 7.425 ], [ 99.551, 7.42 ], [ 99.541, 7.384 ], [ 99.529, 7.379 ], [ 99.523, 7.395 ], [ 99.504, 7.392 ], [ 99.484, 7.405 ], [ 99.483, 7.419 ], [ 99.474, 7.428 ], [ 99.463, 7.43 ], [ 99.459, 7.448 ], [ 99.463, 7.469 ], [ 99.43, 7.471 ], [ 99.428, 7.478 ], [ 99.413, 7.483 ], [ 99.412, 7.499 ], [ 99.375, 7.522 ], [ 99.395, 7.548 ], [ 99.396, 7.561 ], [ 99.388, 7.563 ], [ 99.387, 7.59 ], [ 99.367, 7.605 ], [ 99.363, 7.654 ], [ 99.367, 7.68 ], [ 99.354, 7.705 ], [ 99.363, 7.724 ], [ 99.37, 7.726 ], [ 99.371, 7.736 ], [ 99.359, 7.743 ], [ 99.358, 7.811 ], [ 99.34, 7.825 ], [ 99.292, 7.829 ], [ 99.279, 7.848 ], [ 99.317, 7.882 ], [ 99.305, 7.902 ], [ 99.309, 7.924 ], [ 99.352, 7.949 ], [ 99.37, 7.951 ], [ 99.37, 7.961 ], [ 99.363, 7.971 ], [ 99.38, 7.983 ], [ 99.396, 7.984 ], [ 99.391, 8.008 ], [ 99.404, 8.008 ] ] ] } },
{ "type": "Feature", "properties": { "hybas_id": 4070021590, "next_down": 0, "main_bas": 4070021590, "sub_area": 1853.5, "up_area": 1853.5, "th_share": 0.91 }, "geometry": { "type": "MultiPolygon", "coordinates": [ [ [ [ 99.478, 7.267 ], [ 99.472, 7.267 ], [ 99.47, 7.274 ], [ 99.478, 7.275 ], [ 99.478, 7.267 ] ] ], [ [ [ 99.303, 7.35 ], [ 99.284, 7.365 ], [ 99.281, 7.392 ], [ 99.299, 7.391 ], [ 99.316, 7.373 ], [ 99.303, 7.35 ] ] ], [ [ [ 99.257, 7.296 ], [ 99.251, 7.297 ], [ 99.247, 7.333 ], [ 99.253, 7.333 ], [ 99.263, 7.309 ], [ 99.257, 7.296 ] ] ], [ [ [ 99.219, 7.4 ], [ 99.195, 7.401 ], [ 99.197, 7.438 ], [ 99.203, 7.437 ], [ 99.219, 7.4 ] ] ], [ [ [ 99.251, 7.38 ], [ 99.245, 7.378 ], [ 99.247, 7.384 ], [ 99.251, 7.38 ] ] ], [ [ [ 99.065, 7.196 ], [ 99.049, 7.204 ], [ 99.055, 7.216 ], [ 99.078, 7.233 ], [ 99.082, 7.217 ], [ 99.067, 7.216 ], [ 99.065, 7.196 ] ] ], [ [ [ 99.236, 7.4 ], [ 99.23, 7.401 ], [ 99.229, 7.407 ], [ 99.236, 7.409 ], [ 99.236, 7.4 ] ] ], [ [ [ 99.282, 7.542 ], [ 99.274, 7.548 ], [ 99.28, 7.551 ], [ 99.282, 7.542 ] ] ], [ [ [ 99.324, 7.467 ], [ 99.317, 7.467 ], [ 99.316, 7.474 ], [ 99.324, 7.475 ], [ 99.324, 7.467 ] ] ], [ [ [ 99.194, 7.646 ], [ 99.188, 7.647 ], [ 99.187, 7.653 ], [ 99.195, 7.655 ], [ 99.194, 7.646 ] ] ], [ [ [ 99.136, 7.525 ], [ 99.116, 7.541 ], [ 99.118, 7.546 ], [ 99.128, 7.545 ], [ 99.138, 7.534 ], [ 99.136, 7.525 ] ] ], [ [ [ 98.89, 7.421 ], [ 98.889, 7.429 ], [ 98.9, 7.432 ], [ 98.89, 7.421 ] ] ], [ [ [ 99.144, 7.571 ], [ 99.137, 7.572 ], [ 99.139, 7.596 ], [ 99.151, 7.595 ], [ 99.144, 7.571 ] ] ], [ [ [ 99.153, 7.608 ], [ 99.142, 7.615 ], [ 99.139, 7.642 ], [ 99.149, 7.641 ], [ 99.153, 7.608 ] ] ], [ [ [ 98.867, 7.613 ], [ 98.862, 7.611 ], [ 98.866, 7.621 ], [ 98.867, 7.613 ] ] ], [ [ [ 99.149, 7.56 ], [ 99.141, 7.559 ], [ 99.143, 7.567 ], [ 99.149, 7.56 ] ] ], [ [ [ 99.188, 7.679 ], [ 99.187, 7.672 ], [ 99.184, 7.671 ], [ 99.183, 7.678 ], [ 99.188, 7.679 ] ] ], [ [ [ 99.492, 7.338 ], [ 99.487, 7.293 ], [ 99.476, 7.283 ], [ 99.418, 7.297 ], [ 99.409, 7.309 ], [ 99.392, 7.305 ], [ 99.392, 7.317 ], [ 99.359, 7.347 ], [ 99.358, 7.356 ], [ 99.338, 7.377 ], [ 99.337, 7.388 ], [ 99.346, 7.407 ], [ 99.337, 7.415 ], [ 99.345, 7.418 ], [ 99.346, 7.43 ], [ 99.324, 7.494 ], [ 99.306, 7.508 ], [ 99.309, 7.495 ], [ 99.303, 7.487 ], [ 99.284, 7.51 ], [ 99.283, 7.52 ], [ 99.298, 7.524 ], [ 99.303, 7.521 ], [ 99.309, 7.542 ], [ 99.294, 7.558 ], [ 99.289, 7.554 ], [ 99.287, 7.559 ], [ 99.292, 7.571 ], [ 99.274, 7.605 ], [ 99.28, 7.624 ], [ 99.263, 7.616 ], [ 99.234, 7.626 ], [ 99.229, 7.632 ], [ 99.237, 7.638 ], [ 99.249, 7.635 ], [ 99.258, 7.657 ], [ 99.25, 7.659 ], [ 99.245, 7.671 ], [ 99.217, 7.676 ], [ 99.209, 7.674 ], [ 99.207, 7.666 ], [ 99.197, 7.667 ], [ 99.199, 7.687 ], [ 99.188, 7.679 ], [ 99.183, 7.69 ], [ 99.188, 7.7 ], [ 99.176, 7.701 ], [ 99.17, 7.723 ], [ 99.158, 7.737 ], [ 99.134, 7.742 ], [ 99.133, 7.73 ], [ 99.122, 7.733 ], [ 99.129, 7.771 ], [ 99.138, 7.78 ], [ 99.135, 7.784 ], [ 99.124, 7.763 ], [ 99.117, 7.762 ], [ 99.112, 7.726 ], [ 99.12, 7.724 ], [ 99.117, 7.715 ], [ 99.126, 7.697 ], [ 99.12, 7.695 ], [ 99.11, 7.709 ], [ 99.103, 7.693 ], [ 99.088, 7.688 ], [ 99.089, 7.683 ], [ 99.103, 7.684 ], [ 99.11, 7.696 ], [ 99.116, 7.695 ], [ 99.117, 7.681 ], [ 99.134, 7.655 ], [ 99.128, 7.63 ], [ 99.12, 7.628 ], [ 99.124, 7.588 ], [ 99.113, 7.585 ], [ 99.112, 7.599 ], [ 99.105, 7.6 ], [ 99.103, 7.592 ], [ 99.084, 7.591 ], [ 99.079, 7.58 ], [ 99.08, 7.56 ], [ 99.114, 7.496 ], [ 99.126, 7.498 ], [ 99.124, 7.492 ], [ 99.113, 7.491 ], [ 99.1, 7.466 ], [ 99.088, 7.472 ], [ 99.063, 7.502 ], [ 99.029, 7.579 ], [ 99.033, 7.602 ], [ 99.024, 7.62 ], [ 99.028, 7.637 ], [ 99.016, 7.643 ], [ 99.018, 7.654 ], [ 99.025, 7.649 ], [ 99.037, 7.656 ], [ 99.038, 7.687 ], [ 99.046, 7.699 ], [ 99.038, 7.701 ], [ 99.021, 7.748 ], [ 99.017, 7.765 ], [ 99.024, 7.777 ], [ 99.02, 7.792 ], [ 99.026, 7.805 ], [ 99.017, 7.815 ], [ 98.999, 7.875 ], [ 99.005, 7.887 ], [ 99.024, 7.888 ], [ 99.034, 7.872 ], [ 99.05, 7.87 ], [ 99.045, 7.859 ], [ 99.061, 7.858 ], [ 99.067, 7.875 ], [ 99.054, 7.88 ], [ 99.039, 7.874 ], [ 99.037, 7.88 ], [ 99.051, 7.895 ], [ 99.062, 7.897 ], [ 99.063, 7.919 ], [ 99.074, 7.93 ], [ 99.079, 7.95 ], [ 99.092, 7.95 ], [ 99.1, 7.942 ], [ 99.124, 7.946 ], [ 99.134, 7.966 ], [ 99.156, 7.967 ], [ 99.208, 7.988 ], [ 99.213, 8.021 ], [ 99.224, 8.02 ], [ 99.226, 8.012 ], [ 99.246, 8.017 ], [ 99.26, 8.016 ], [ 99.27, 8.008 ], [ 99.287, 8.013 ], [ 99.288, 7.988 ], [ 99.299, 7.987 ], [ 99.317, 7.943 ], [ 99.325, 7.938 ], [ 99.309, 7.924 ], [ 99.305, 7.902 ], [ 99.317, 7.882 ], [ 99.279, 7.848 ], [ 99.292, 7.829 ], [ 99.34, 7.825 ], [ 99.358, 7.811 ], [ 99.359, 7.743 ], [ 99.371, 7.736 ], [ 99.37, 7.726 ], [ 99.363, 7.724 ], [ 99.354, 7.705 ], [ 99.367, 7.68 ], [ 99.363, 7.654 ], [ 99.367, 7.605 ], [ 99.387, 7.59 ], [ 99.388, 7.563 ], [ 99.396, 7.561 ], [ 99.395, 7.548 ], [ 99.375, 7.522 ], [ 99.412, 7.499 ], [ 99.413, 7.483 ], [ 99.428, 7.478 ], [ 99.43, 7.471 ], [ 99.463, 7.469 ], [ 99.459, 7.448 ], [ 99.463, 7.43 ], [ 99.474, 7.428 ], [ 99.483, 7.419 ], [ 99.484, 7.405 ], [ 99.5, 7.399 ], [ 99.509, 7.385 ], [ 99.501, 7.37 ], [ 99.5, 7.338 ], [ 99.492, 7.338 ] ], [ [ 99.072, 7.688 ], [ 99.078, 7.691 ], [ 99.071, 7.692 ], [ 99.072, 7.688 ] ], [ [ 99.067, 7.692 ], [ 99.051, 7.696 ], [ 99.05, 7.688 ], [ 99.056, 7.691 ], [ 99.067, 7.692 ] ], [ [ 99.042, 7.85 ], [ 99.025, 7.836 ], [ 99.026, 7.829 ], [ 99.041, 7.834 ], [ 99.042, 7.85 ] ], [ [ 99.492, 7.338 ], [ 99.49, 7.342 ], [ 99.487, 7.339 ], [ 99.492, 7.338 ] ], [ [ 99.042, 7.85 ], [ 99.046, 7.851 ], [ 99.043, 7.855 ], [ 99.042, 7.85 ] ] ], [ [ [ 99.45, 7.246 ], [ 99.409, 7.237 ], [ 99.396, 7.224 ], [ 99.391, 7.205 ], [ 99.378, 7.204 ], [ 99.358, 7.222 ], [ 99.37, 7.244 ], [ 99.366, 7.27 ], [ 99.385, 7.283 ], [ 99.402, 7.267 ], [ 99.426, 7.271 ], [ 99.453, 7.258 ], [ 99.45, 7.246 ] ] ], [ [ [ 99.455, 7.245 ], [ 99.451, 7.241 ], [ 99.45, 7.246 ], [ 99.455, 7.245 ] ] ] ] } },
{ "type": "Feature", "properties": { "hybas_id": 4070021690, "next_down": 0, "main_bas": 4070021690, "sub_area": 581.6, "up_area": 581.9, "th_share": 1.0 }, "geometry": { "type": "Polygon", "coordinates": [ [ [ 99.071, 8.2 ], [ 99.124, 8.209 ], [ 99.138, 8.197 ], [ 99.183, 8.179 ], [ 99.183, 8.159 ], [ 99.174, 8.157 ], [ 99.179, 8.14 ], [ 99.17, 8.113 ], [ 99.171, 8.094 ], [ 99.192, 8.044 ], [ 99.213, 8.021 ], [ 99.208, 7.988 ], [ 99.156, 7.967 ], [ 99.134, 7.966 ], [ 99.124, 7.946 ], [ 99.1, 7.942 ], [ 99.092, 7.95 ], [ 99.079, 7.95 ], [ 99.078, 7.958 ], [ 99.055, 7.959 ], [ 99.053, 7.967 ], [ 99.035, 7.955 ], [ 99.026, 7.959 ], [ 99.024, 7.986 ], [ 99.008, 8.026 ], [ 99.016, 8.081 ], [ 99.005, 8.094 ], [ 98.999, 8.113 ], [ 99.012, 8.127 ], [ 99.021, 8.213 ], [ 99.006, 8.224 ], [ 98.995, 8.22 ], [ 98.976, 8.226 ], [ 98.97, 8.234 ], [ 98.943, 8.224 ], [ 98.938, 8.275 ], [ 98.946, 8.271 ], [ 98.96, 8.279 ], [ 98.986, 8.279 ], [ 99.005, 8.259 ], [ 99.044, 8.254 ], [ 99.053, 8.245 ], [ 99.066, 8.25 ], [ 99.071, 8.238 ], [ 99.066, 8.226 ], [ 99.071, 8.2 ] ] ] } },
{ "type": "Feature", "properties": { "hybas_id": 4070021700, "next_down": 0, "main_bas": 4070021700, "sub_area": 4779.7, "up_area": 4779.7, "th_share": 0.92 }, "geometry": { "type": "MultiPolygon", "coordinates": [ [ [ [ 98.496, 8.243 ], [ 98.491, 8.24 ], [ 98.495, 8.254 ], [ 98.496, 8.243 ] ] ], [ [ [ 98.511, 8.192 ], [ 98.504, 8.22 ], [ 98.495, 8.222 ], [ 98.504, 8.23 ], [ 98.502, 8.242 ], [ 98.508, 8.241 ], [ 98.513, 8.217 ], [ 98.511, 8.192 ] ] ], [ [ [ 98.494, 8.163 ], [ 98.483, 8.183 ], [ 98.484, 8.199 ], [ 98.491, 8.205 ], [ 98.496, 8.202 ], [ 98.494, 8.163 ] ] ], [ [ [ 98.449, 8.121 ], [ 98.442, 8.122 ], [ 98.441, 8.128 ], [ 98.449, 8.13 ], [ 98.449, 8.121 ] ] ], [ [ [ 98.394, 7.754 ], [ 98.387, 7.761 ], [ 98.403, 7.766 ], [ 98.405, 7.76 ], [ 98.394, 7.754 ] ] ], [ [ [ 98.307, 7.458 ], [ 98.305, 7.473 ], [ 98.317, 7.491 ], [ 98.313, 7.502 ], [ 98.326, 7.521 ], [ 98.338, 7.52 ], [ 98.307, 7.458 ] ] ], [ [ [ 98.407, 8.104 ], [ 98.395, 8.105 ], [ 98.399, 8.109 ], [ 98.407, 8.104 ] ] ], [ [ [ 98.382, 7.775 ], [ 98.359, 7.78 ], [ 98.355, 7.791 ], [ 98.369, 7.8 ], [ 98.387, 7.795 ], [ 98.392, 7.784 ], [ 98.382, 7.775 ] ] ], [ [ [ 98.337, 7.754 ], [ 98.325, 7.751 ], [ 98.337, 7.767 ], [ 98.337, 7.754 ] ] ], [ [ [ 98.361, 7.733 ], [ 98.354, 7.74 ], [ 98.366, 7.751 ], [ 98.382, 7.749 ], [ 98.388, 7.743 ], [ 98.361, 7.733 ] ] ], [ [ [ 98.478, 7.75 ], [ 98.471, 7.756 ], [ 98.476, 7.77 ], [ 98.482, 7.771 ], [ 98.478, 7.75 ] ] ], [ [ [ 98.463, 8.026 ], [ 98.458, 8.023 ], [ 98.462, 8.033 ], [ 98.463, 8.026 ] ] ], [ [ [ 98.426, 8.117 ], [ 98.42, 8.115 ], [ 98.422, 8.121 ], [ 98.426, 8.117 ] ] ], [ [ [ 98.461, 8.092 ], [ 98.454, 8.093 ], [ 98.457, 8.096 ], [ 98.461, 8.092 ] ] ], [ [ [ 98.453, 7.95 ], [ 98.441, 7.958 ], [ 98.453, 7.967 ], [ 98.455, 7.955 ], [ 98.453, 7.95 ] ] ], [ [ [ 98.369, 7.588 ], [ 98.355, 7.588 ], [ 98.35, 7.598 ], [ 98.364, 7.617 ], [ 98.382, 7.616 ], [ 98.369, 7.588 ] ] ], [ [ [ 98.951, 7.884 ], [ 98.945, 7.882 ], [ 98.947, 7.888 ], [ 98.951, 7.884 ] ] ], [ [ [ 98.711, 8.104 ], [ 98.704, 8.105 ], [ 98.705, 8.117 ], [ 98.713, 8.115 ], [ 98.711, 8.104 ] ] ], [ [ [ 98.783, 7.949 ], [ 98.774, 7.947 ], [ 98.782, 7.955 ], [ 98.783, 7.949 ] ] ], [ [ [ 98.694, 8.096 ], [ 98.68, 8.096 ], [ 98.679, 8.107 ], [ 98.7, 8.103 ], [ 98.694, 8.096 ] ] ], [ [ [ 98.908, 8.031 ], [ 98.904, 8.031 ], [ 98.907, 8.034 ], [ 98.908, 8.031 ] ] ], [ [ [ 98.69, 8.088 ], [ 98.683, 8.088 ], [ 98.687, 8.092 ], [ 98.69, 8.088 ] ] ], [ [ [ 98.815, 7.967 ], [ 98.801, 7.967 ], [ 98.8, 7.974 ], [ 98.811, 7.979 ], [ 98.815, 7.967 ] ] ], [ [ [ 98.769, 7.671 ], [ 98.758, 7.679 ], [ 98.763, 7.701 ], [ 98.776, 7.679 ], [ 98.769, 7.671 ] ] ], [ [ [ 98.765, 7.65 ], [ 98.764, 7.659 ], [ 98.771, 7.657 ], [ 98.765, 7.65 ] ] ], [ [ [ 98.719, 8.142 ], [ 98.712, 8.143 ], [ 98.716, 8.146 ], [ 98.719, 8.142 ] ] ], [ [ [ 98.811, 7.946 ], [ 98.799, 7.951 ], [ 98.812, 7.963 ], [ 98.813, 7.951 ], [ 98.811, 7.946 ] ] ], [ [ [ 98.666, 8.115 ], [ 98.658, 8.113 ], [ 98.66, 8.121 ], [ 98.666, 8.115 ] ] ], [ [ [ 98.68, 8.051 ], [ 98.674, 8.048 ], [ 98.676, 8.055 ], [ 98.68, 8.051 ] ] ], [ [ [ 98.799, 7.813 ], [ 98.792, 7.813 ], [ 98.791, 7.82 ], [ 98.799, 7.821 ], [ 98.799, 7.813 ] ] ], [ [ [ 98.682, 8.071 ], [ 98.674, 8.072 ], [ 98.676, 8.084 ], [ 98.684, 8.082 ], [ 98.682, 8.071 ] ] ], [ [ [ 98.774, 7.808 ], [ 98.766, 7.814 ], [ 98.772, 7.826 ], [ 98.779, 7.82 ], [ 98.774, 7.808 ] ] ], [ [ [ 98.69, 8.2 ], [ 98.683, 8.211 ], [ 98.69, 8.217 ], [ 98.696, 8.209 ], [ 98.69, 8.2 ] ] ], [ [ [ 98.616, 8.245 ], [ 98.608, 8.243 ], [ 98.616, 8.251 ], [ 98.616, 8.245 ] ] ], [ [ [ 98.59, 8.279 ], [ 98.571, 8.28 ], [ 98.587, 8.297 ], [ 98.601, 8.288 ], [ 98.59, 8.279 ] ] ], [ [ [ 98.616, 8.235 ], [ 98.612, 8.235 ], [ 98.615, 8.238 ], [ 98.616, 8.235 ] ] ], [ [ [ 98.599, 7.888 ], [ 98.592, 7.888 ], [ 98.591, 7.907 ], [ 98.584, 7.909 ], [ 98.588, 7.889 ], [ 98.581, 7.887 ], [ 98.57, 7.917 ], [ 98.576, 7.925 ], [ 98.562, 7.963 ], [ 98.567, 7.98 ], [ 98.562, 7.998 ], [ 98.574, 7.996 ], [ 98.576, 7.987 ], [ 98.587, 7.997 ], [ 98.588, 8.009 ], [ 98.564, 8.034 ], [ 98.562, 8.026 ], [ 98.551, 8.024 ], [ 98.545, 8.052 ], [ 98.53, 8.068 ], [ 98.521, 8.09 ], [ 98.529, 8.098 ], [ 98.526, 8.121 ], [ 98.573, 8.08 ], [ 98.598, 8.084 ], [ 98.595, 8.062 ], [ 98.612, 8.049 ], [ 98.613, 8.041 ], [ 98.605, 8.031 ], [ 98.604, 7.995 ], [ 98.616, 7.981 ], [ 98.617, 7.958 ], [ 98.599, 7.888 ] ] ], [ [ [ 98.63, 8.08 ], [ 98.624, 8.078 ], [ 98.626, 8.084 ], [ 98.63, 8.08 ] ] ], [ [ [ 98.661, 8.183 ], [ 98.66, 8.192 ], [ 98.667, 8.19 ], [ 98.661, 8.183 ] ] ], [ [ [ 98.515, 7.95 ], [ 98.512, 7.953 ], [ 98.514, 7.963 ], [ 98.521, 7.961 ], [ 98.515, 7.95 ] ] ], [ [ [ 98.58, 8.151 ], [ 98.574, 8.148 ], [ 98.576, 8.155 ], [ 98.58, 8.151 ] ] ], [ [ [ 98.52, 7.89 ], [ 98.512, 7.888 ], [ 98.514, 7.896 ], [ 98.52, 7.89 ] ] ], [ [ [ 98.615, 8.188 ], [ 98.608, 8.188 ], [ 98.609, 8.201 ], [ 98.617, 8.199 ], [ 98.615, 8.188 ] ] ], [ [ [ 98.617, 7.747 ], [ 98.612, 7.744 ], [ 98.614, 7.751 ], [ 98.617, 7.747 ] ] ], [ [ [ 98.594, 8.208 ], [ 98.587, 8.209 ], [ 98.589, 8.226 ], [ 98.596, 8.224 ], [ 98.594, 8.208 ] ] ], [ [ [ 98.533, 7.798 ], [ 98.529, 7.797 ], [ 98.532, 7.8 ], [ 98.533, 7.798 ] ] ], [ [ [ 98.63, 8.038 ], [ 98.62, 8.034 ], [ 98.622, 8.046 ], [ 98.63, 8.038 ] ] ], [ [ [ 98.619, 8.346 ], [ 98.608, 8.351 ], [ 98.61, 8.359 ], [ 98.616, 8.357 ], [ 98.619, 8.346 ] ] ], [ [ [ 98.767, 8.479 ], [ 98.791, 8.483 ], [ 98.787, 8.455 ], [ 98.797, 8.437 ], [ 98.816, 8.441 ], [ 98.817, 8.43 ], [ 98.833, 8.416 ], [ 98.842, 8.39 ], [ 98.834, 8.338 ], [ 98.855, 8.322 ], [ 98.845, 8.305 ], [ 98.858, 8.303 ], [ 98.87, 8.29 ], [ 98.871, 8.279 ], [ 98.908, 8.292 ], [ 98.932, 8.283 ], [ 98.942, 8.26 ], [ 98.938, 8.238 ], [ 98.943, 8.224 ], [ 98.97, 8.234 ], [ 98.976, 8.226 ], [ 98.995, 8.22 ], [ 99.006, 8.224 ], [ 99.021, 8.213 ], [ 99.012, 8.127 ], [ 98.999, 8.113 ], [ 99.017, 8.075 ], [ 99.008, 8.026 ], [ 99.024, 7.986 ], [ 99.026, 7.959 ], [ 99.035, 7.955 ], [ 99.053, 7.967 ], [ 99.055, 7.959 ], [ 99.078, 7.958 ], [ 99.079, 7.939 ], [ 99.063, 7.913 ], [ 99.049, 7.897 ], [ 99.028, 7.887 ], [ 99.003, 7.905 ], [ 98.996, 7.89 ], [ 98.995, 7.851 ], [ 98.988, 7.85 ], [ 98.967, 7.91 ], [ 98.966, 7.944 ], [ 98.942, 7.981 ], [ 98.941, 7.992 ], [ 98.954, 8.004 ], [ 98.947, 8.005 ], [ 98.917, 8.034 ], [ 98.917, 8.042 ], [ 98.905, 8.046 ], [ 98.899, 8.03 ], [ 98.881, 8.017 ], [ 98.86, 8.026 ], [ 98.845, 8.001 ], [ 98.834, 7.999 ], [ 98.833, 8.011 ], [ 98.826, 8.014 ], [ 98.811, 8.041 ], [ 98.79, 8.045 ], [ 98.78, 8.029 ], [ 98.776, 8.042 ], [ 98.774, 8.022 ], [ 98.763, 8.02 ], [ 98.762, 8.04 ], [ 98.747, 8.051 ], [ 98.737, 8.079 ], [ 98.745, 8.094 ], [ 98.746, 8.123 ], [ 98.754, 8.131 ], [ 98.747, 8.142 ], [ 98.745, 8.134 ], [ 98.735, 8.133 ], [ 98.733, 8.138 ], [ 98.751, 8.188 ], [ 98.741, 8.21 ], [ 98.734, 8.217 ], [ 98.731, 8.204 ], [ 98.721, 8.221 ], [ 98.738, 8.224 ], [ 98.726, 8.242 ], [ 98.725, 8.225 ], [ 98.709, 8.222 ], [ 98.7, 8.249 ], [ 98.707, 8.251 ], [ 98.71, 8.242 ], [ 98.717, 8.259 ], [ 98.709, 8.269 ], [ 98.713, 8.282 ], [ 98.693, 8.291 ], [ 98.696, 8.304 ], [ 98.66, 8.283 ], [ 98.654, 8.272 ], [ 98.647, 8.27 ], [ 98.639, 8.284 ], [ 98.636, 8.275 ], [ 98.63, 8.279 ], [ 98.629, 8.272 ], [ 98.637, 8.27 ], [ 98.646, 8.246 ], [ 98.645, 8.229 ], [ 98.638, 8.233 ], [ 98.633, 8.247 ], [ 98.638, 8.253 ], [ 98.621, 8.259 ], [ 98.612, 8.295 ], [ 98.624, 8.301 ], [ 98.633, 8.331 ], [ 98.638, 8.354 ], [ 98.633, 8.374 ], [ 98.646, 8.379 ], [ 98.622, 8.38 ], [ 98.615, 8.396 ], [ 98.608, 8.39 ], [ 98.613, 8.37 ], [ 98.607, 8.363 ], [ 98.602, 8.366 ], [ 98.594, 8.359 ], [ 98.573, 8.358 ], [ 98.555, 8.349 ], [ 98.553, 8.338 ], [ 98.519, 8.326 ], [ 98.501, 8.328 ], [ 98.492, 8.308 ], [ 98.493, 8.304 ], [ 98.505, 8.307 ], [ 98.499, 8.297 ], [ 98.503, 8.271 ], [ 98.496, 8.271 ], [ 98.472, 8.301 ], [ 98.466, 8.299 ], [ 98.471, 8.279 ], [ 98.459, 8.284 ], [ 98.459, 8.277 ], [ 98.463, 8.249 ], [ 98.472, 8.263 ], [ 98.48, 8.246 ], [ 98.478, 8.224 ], [ 98.474, 8.246 ], [ 98.467, 8.233 ], [ 98.471, 8.232 ], [ 98.47, 8.2 ], [ 98.446, 8.19 ], [ 98.438, 8.165 ], [ 98.446, 8.155 ], [ 98.445, 8.146 ], [ 98.43, 8.133 ], [ 98.421, 8.14 ], [ 98.418, 8.158 ], [ 98.416, 8.147 ], [ 98.405, 8.145 ], [ 98.403, 8.134 ], [ 98.383, 8.126 ], [ 98.371, 8.14 ], [ 98.357, 8.188 ], [ 98.333, 8.179 ], [ 98.346, 8.159 ], [ 98.342, 8.152 ], [ 98.351, 8.143 ], [ 98.346, 8.13 ], [ 98.358, 8.123 ], [ 98.354, 8.117 ], [ 98.369, 8.124 ], [ 98.38, 8.119 ], [ 98.376, 8.11 ], [ 98.385, 8.092 ], [ 98.398, 8.084 ], [ 98.417, 8.089 ], [ 98.422, 8.105 ], [ 98.437, 8.099 ], [ 98.442, 8.092 ], [ 98.439, 8.076 ], [ 98.456, 8.063 ], [ 98.47, 8.062 ], [ 98.476, 8.05 ], [ 98.474, 8.037 ], [ 98.462, 8.038 ], [ 98.467, 8.044 ], [ 98.456, 8.054 ], [ 98.434, 8.062 ], [ 98.433, 8.038 ], [ 98.421, 8.037 ], [ 98.412, 8.021 ], [ 98.418, 7.996 ], [ 98.43, 7.99 ], [ 98.428, 7.983 ], [ 98.413, 7.988 ], [ 98.399, 7.98 ], [ 98.401, 7.946 ], [ 98.411, 7.937 ], [ 98.414, 7.945 ], [ 98.436, 7.95 ], [ 98.442, 7.942 ], [ 98.441, 7.929 ], [ 98.417, 7.924 ], [ 98.416, 7.914 ], [ 98.428, 7.904 ], [ 98.437, 7.917 ], [ 98.446, 7.916 ], [ 98.441, 7.9 ], [ 98.445, 7.88 ], [ 98.437, 7.878 ], [ 98.44, 7.862 ], [ 98.423, 7.87 ], [ 98.417, 7.866 ], [ 98.411, 7.876 ], [ 98.396, 7.852 ], [ 98.414, 7.833 ], [ 98.43, 7.836 ], [ 98.419, 7.82 ], [ 98.409, 7.825 ], [ 98.417, 7.801 ], [ 98.41, 7.796 ], [ 98.393, 7.813 ], [ 98.39, 7.804 ], [ 98.384, 7.805 ], [ 98.374, 7.838 ], [ 98.369, 7.837 ], [ 98.346, 7.819 ], [ 98.337, 7.792 ], [ 98.341, 7.775 ], [ 98.322, 7.77 ], [ 98.32, 7.759 ], [ 98.301, 7.754 ], [ 98.295, 7.766 ], [ 98.304, 7.775 ], [ 98.284, 7.779 ], [ 98.283, 7.794 ], [ 98.296, 7.804 ], [ 98.295, 7.821 ], [ 98.285, 7.816 ], [ 98.283, 7.821 ], [ 98.291, 7.831 ], [ 98.292, 7.846 ], [ 98.258, 7.887 ], [ 98.267, 7.896 ], [ 98.285, 7.888 ], [ 98.296, 7.904 ], [ 98.277, 7.92 ], [ 98.259, 7.925 ], [ 98.258, 7.949 ], [ 98.284, 7.961 ], [ 98.276, 7.964 ], [ 98.274, 7.982 ], [ 98.266, 7.99 ], [ 98.286, 7.987 ], [ 98.292, 8.013 ], [ 98.287, 8.028 ], [ 98.27, 8.038 ], [ 98.276, 8.059 ], [ 98.27, 8.075 ], [ 98.295, 8.092 ], [ 98.301, 8.125 ], [ 98.28, 8.205 ], [ 98.279, 8.261 ], [ 98.255, 8.352 ], [ 98.254, 8.375 ], [ 98.204, 8.549 ], [ 98.213, 8.591 ], [ 98.219, 8.592 ], [ 98.225, 8.583 ], [ 98.237, 8.588 ], [ 98.238, 8.615 ], [ 98.23, 8.618 ], [ 98.23, 8.628 ], [ 98.246, 8.641 ], [ 98.232, 8.721 ], [ 98.212, 8.726 ], [ 98.212, 8.737 ], [ 98.219, 8.745 ], [ 98.229, 8.737 ], [ 98.246, 8.743 ], [ 98.263, 8.771 ], [ 98.25, 8.811 ], [ 98.262, 8.823 ], [ 98.263, 8.861 ], [ 98.275, 8.868 ], [ 98.283, 8.892 ], [ 98.304, 8.882 ], [ 98.329, 8.852 ], [ 98.326, 8.822 ], [ 98.337, 8.815 ], [ 98.358, 8.777 ], [ 98.362, 8.752 ], [ 98.358, 8.738 ], [ 98.326, 8.727 ], [ 98.32, 8.717 ], [ 98.324, 8.698 ], [ 98.308, 8.675 ], [ 98.333, 8.666 ], [ 98.334, 8.648 ], [ 98.349, 8.641 ], [ 98.351, 8.633 ], [ 98.37, 8.638 ], [ 98.402, 8.633 ], [ 98.416, 8.624 ], [ 98.424, 8.63 ], [ 98.441, 8.624 ], [ 98.452, 8.629 ], [ 98.477, 8.604 ], [ 98.502, 8.605 ], [ 98.517, 8.608 ], [ 98.521, 8.64 ], [ 98.533, 8.658 ], [ 98.548, 8.658 ], [ 98.564, 8.642 ], [ 98.604, 8.629 ], [ 98.629, 8.648 ], [ 98.638, 8.671 ], [ 98.664, 8.651 ], [ 98.703, 8.645 ], [ 98.699, 8.634 ], [ 98.704, 8.625 ], [ 98.72, 8.626 ], [ 98.747, 8.674 ], [ 98.773, 8.675 ], [ 98.794, 8.666 ], [ 98.805, 8.652 ], [ 98.8, 8.635 ], [ 98.808, 8.629 ], [ 98.791, 8.614 ], [ 98.799, 8.612 ], [ 98.801, 8.598 ], [ 98.809, 8.588 ], [ 98.808, 8.576 ], [ 98.788, 8.57 ], [ 98.767, 8.531 ], [ 98.766, 8.506 ], [ 98.758, 8.497 ], [ 98.767, 8.479 ] ], [ [ 98.458, 8.243 ], [ 98.462, 8.244 ], [ 98.461, 8.246 ], [ 98.458, 8.243 ] ], [ [ 98.329, 8.179 ], [ 98.319, 8.195 ], [ 98.304, 8.2 ], [ 98.314, 8.188 ], [ 98.329, 8.179 ] ], [ [ 99.003, 7.925 ], [ 98.982, 7.938 ], [ 98.974, 7.93 ], [ 98.99, 7.929 ], [ 99.003, 7.925 ] ], [ [ 98.7, 8.307 ], [ 98.708, 8.31 ], [ 98.708, 8.313 ], [ 98.7, 8.307 ] ], [ [ 98.221, 8.579 ], [ 98.216, 8.566 ], [ 98.222, 8.555 ], [ 98.254, 8.529 ], [ 98.257, 8.541 ], [ 98.248, 8.542 ], [ 98.221, 8.563 ], [ 98.221, 8.579 ] ], [ [ 98.508, 8.358 ], [ 98.508, 8.363 ], [ 98.504, 8.36 ], [ 98.508, 8.358 ] ], [ [ 98.497, 8.334 ], [ 98.499, 8.337 ], [ 98.496, 8.338 ], [ 98.497, 8.334 ] ], [ [ 98.663, 8.388 ], [ 98.661, 8.38 ], [ 98.667, 8.386 ], [ 98.663, 8.388 ] ], [ [ 98.434, 8.316 ], [ 98.441, 8.313 ], [ 98.442, 8.317 ], [ 98.434, 8.316 ] ], [ [ 98.458, 8.321 ], [ 98.473, 8.309 ], [ 98.482, 8.313 ], [ 98.487, 8.301 ], [ 98.487, 8.316 ], [ 98.476, 8.326 ], [ 98.47, 8.316 ], [ 98.458, 8.321 ] ], [ [ 99.013, 7.921 ], [ 99.013, 7.914 ], [ 99.016, 7.912 ], [ 99.017, 7.92 ], [ 99.013, 7.921 ] ], [ [ 99.013, 7.921 ], [ 99.011, 7.925 ], [ 99.008, 7.922 ], [ 99.013, 7.921 ] ] ], [ [ [ 98.638, 8.188 ], [ 98.629, 8.193 ], [ 98.637, 8.205 ], [ 98.642, 8.203 ], [ 98.638, 8.188 ] ] ], [ [ [ 98.558, 8.125 ], [ 98.538, 8.134 ], [ 98.533, 8.146 ], [ 98.538, 8.162 ], [ 98.533, 8.171 ], [ 98.534, 8.188 ], [ 98.541, 8.187 ], [ 98.542, 8.152 ], [ 98.558, 8.135 ], [ 98.558, 8.125 ] ] ], [ [ [ 98.638, 8.188 ], [ 98.642, 8.179 ], [ 98.637, 8.14 ], [ 98.63, 8.131 ], [ 98.62, 8.08 ], [ 98.609, 8.079 ], [ 98.608, 8.096 ], [ 98.602, 8.099 ], [ 98.594, 8.092 ], [ 98.575, 8.101 ], [ 98.558, 8.125 ], [ 98.577, 8.117 ], [ 98.586, 8.121 ], [ 98.596, 8.152 ], [ 98.627, 8.187 ], [ 98.638, 8.188 ] ] ], [ [ [ 98.984, 7.783 ], [ 98.966, 7.812 ], [ 98.944, 7.833 ], [ 98.933, 7.834 ], [ 98.934, 7.849 ], [ 98.95, 7.859 ], [ 98.996, 7.844 ], [ 98.992, 7.815 ], [ 99.001, 7.805 ], [ 98.986, 7.774 ], [ 98.979, 7.776 ], [ 98.984, 7.783 ] ], [ [ 98.979, 7.839 ], [ 98.983, 7.84 ], [ 98.982, 7.842 ], [ 98.979, 7.839 ] ], [ [ 98.987, 7.802 ], [ 98.991, 7.802 ], [ 98.99, 7.804 ], [ 98.987, 7.802 ] ] ], [ [ [ 98.782, 7.762 ], [ 98.794, 7.724 ], [ 98.776, 7.734 ], [ 98.77, 7.732 ], [ 98.775, 7.718 ], [ 98.765, 7.716 ], [ 98.759, 7.723 ], [ 98.755, 7.745 ], [ 98.767, 7.75 ], [ 98.77, 7.741 ], [ 98.771, 7.749 ], [ 98.758, 7.762 ], [ 98.762, 7.769 ], [ 98.756, 7.788 ], [ 98.782, 7.762 ] ] ], [ [ [ 98.683, 8.125 ], [ 98.677, 8.113 ], [ 98.666, 8.124 ], [ 98.668, 8.13 ], [ 98.683, 8.125 ] ] ], [ [ [ 98.496, 8.271 ], [ 98.495, 8.258 ], [ 98.479, 8.268 ], [ 98.48, 8.282 ], [ 98.496, 8.271 ] ] ], [ [ [ 98.733, 8.179 ], [ 98.738, 8.178 ], [ 98.736, 8.17 ], [ 98.734, 8.173 ], [ 98.733, 8.179 ] ] ], [ [ [ 98.3, 7.742 ], [ 98.301, 7.751 ], [ 98.309, 7.749 ], [ 98.307, 7.742 ], [ 98.3, 7.742 ] ] ], [ [ [ 98.73, 8.18 ], [ 98.733, 8.187 ], [ 98.733, 8.179 ], [ 98.73, 8.18 ] ] ], [ [ [ 98.725, 8.188 ], [ 98.726, 8.196 ], [ 98.729, 8.188 ], [ 98.725, 8.188 ] ] ], [ [ [ 98.291, 7.735 ], [ 98.298, 7.741 ], [ 98.3, 7.742 ], [ 98.299, 7.733 ], [ 98.291, 7.735 ] ] ], [ [ [ 98.692, 8.132 ], [ 98.685, 8.126 ], [ 98.683, 8.125 ], [ 98.684, 8.134 ], [ 98.692, 8.132 ] ] ], [ [ [ 98.476, 8.278 ], [ 98.471, 8.273 ], [ 98.471, 8.279 ], [ 98.476, 8.278 ] ] ], [ [ [ 98.724, 8.18 ], [ 98.72, 8.186 ], [ 98.725, 8.188 ], [ 98.724, 8.18 ] ] ], [ [ [ 98.508, 8.258 ], [ 98.513, 8.257 ], [ 98.51, 8.254 ], [ 98.508, 8.258 ] ] ], [ [ [ 98.636, 8.229 ], [ 98.633, 8.232 ], [ 98.638, 8.233 ], [ 98.636, 8.229 ] ] ], [ [ [ 98.504, 8.26 ], [ 98.507, 8.263 ], [ 98.508, 8.258 ], [ 98.504, 8.26 ] ] ] ] } },
{ "type": "Feature", "properties": { "hybas_id": 4070021960, "next_down": 0, "main_bas": 4070021960, "sub_area": 749.4, "up_area": 749.4, "th_share": 1.0 }, "geometry": { "type": "Polygon", "coordinates": [ [ [ 98.447, 8.895 ], [ 98.504, 8.882 ], [ 98.519, 8.859 ], [ 98.537, 8.858 ], [ 98.547, 8.834 ], [ 98.558, 8.825 ], [ 98.555, 8.814 ], [ 98.564, 8.805 ], [ 98.59, 8.804 ], [ 98.595, 8.798 ], [ 98.601, 8.784 ], [ 98.595, 8.709 ], [ 98.563, 8.682 ], [ 98.562, 8.672 ], [ 98.547, 8.67 ], [ 98.53, 8.657 ], [ 98.517, 8.608 ], [ 98.477, 8.604 ], [ 98.452, 8.629 ], [ 98.441, 8.624 ], [ 98.424, 8.63 ], [ 98.416, 8.624 ], [ 98.402, 8.633 ], [ 98.37, 8.638 ], [ 98.351, 8.633 ], [ 98.349, 8.641 ], [ 98.334, 8.648 ], [ 98.333, 8.666 ], [ 98.308, 8.675 ], [ 98.324, 8.698 ], [ 98.32, 8.717 ], [ 98.326, 8.727 ], [ 98.358, 8.738 ], [ 98.362, 8.752 ], [ 98.358, 8.777 ], [ 98.337, 8.815 ], [ 98.326, 8.822 ], [ 98.329, 8.852 ], [ 98.288, 8.896 ], [ 98.297, 8.912 ], [ 98.328, 8.913 ], [ 98.337, 8.926 ], [ 98.342, 8.909 ], [ 98.366, 8.895 ], [ 98.372, 8.871 ], [ 98.399, 8.884 ], [ 98.412, 8.873 ], [ 98.413, 8.863 ], [ 98.421, 8.863 ], [ 98.432, 8.868 ], [ 98.447, 8.895 ] ] ] } },
{ "type": "Feature", "properties": { "hybas_id": 4070021970, "next_down": 0, "main_bas": 4070021970, "sub_area": 2750.7, "up_area": 2750.7, "th_share": 0.93 }, "geometry": { "type": "MultiPolygon", "coordinates": [ [ [ [ 98.491, 9.735 ], [ 98.483, 9.732 ], [ 98.484, 9.742 ], [ 98.491, 9.735 ] ] ], [ [ [ 98.511, 9.692 ], [ 98.495, 9.701 ], [ 98.497, 9.713 ], [ 98.508, 9.712 ], [ 98.517, 9.701 ], [ 98.511, 9.692 ] ] ], [ [ [ 98.403, 9.704 ], [ 98.387, 9.705 ], [ 98.395, 9.715 ], [ 98.39, 9.725 ], [ 98.378, 9.731 ], [ 98.38, 9.74 ], [ 98.389, 9.755 ], [ 98.397, 9.745 ], [ 98.403, 9.747 ], [ 98.408, 9.761 ], [ 98.399, 9.764 ], [ 98.401, 9.77 ], [ 98.416, 9.78 ], [ 98.43, 9.717 ], [ 98.403, 9.704 ] ] ], [ [ [ 98.474, 9.892 ], [ 98.466, 9.897 ], [ 98.476, 9.912 ], [ 98.491, 9.916 ], [ 98.495, 9.91 ], [ 98.487, 9.897 ], [ 98.474, 9.892 ] ] ], [ [ [ 98.445, 9.877 ], [ 98.441, 9.877 ], [ 98.444, 9.879 ], [ 98.445, 9.877 ] ] ], [ [ [ 98.491, 9.931 ], [ 98.479, 9.926 ], [ 98.48, 9.938 ], [ 98.491, 9.931 ] ] ], [ [ [ 98.465, 9.763 ], [ 98.458, 9.768 ], [ 98.466, 9.776 ], [ 98.471, 9.774 ], [ 98.465, 9.763 ] ] ], [ [ [ 98.541, 9.919 ], [ 98.533, 9.918 ], [ 98.535, 9.926 ], [ 98.541, 9.919 ] ] ], [ [ [ 98.48, 9.78 ], [ 98.474, 9.778 ], [ 98.476, 9.784 ], [ 98.48, 9.78 ] ] ], [ [ [ 98.232, 9.017 ], [ 98.22, 9.018 ], [ 98.224, 9.021 ], [ 98.232, 9.017 ] ] ], [ [ [ 98.29, 9.025 ], [ 98.245, 9.03 ], [ 98.251, 9.062 ], [ 98.245, 9.125 ], [ 98.251, 9.141 ], [ 98.258, 9.143 ], [ 98.263, 9.207 ], [ 98.274, 9.209 ], [ 98.306, 9.266 ], [ 98.322, 9.254 ], [ 98.308, 9.226 ], [ 98.291, 9.209 ], [ 98.299, 9.198 ], [ 98.283, 9.172 ], [ 98.295, 9.17 ], [ 98.301, 9.143 ], [ 98.328, 9.115 ], [ 98.338, 9.088 ], [ 98.328, 9.064 ], [ 98.307, 9.037 ], [ 98.291, 9.032 ], [ 98.29, 9.025 ] ], [ [ 98.266, 9.168 ], [ 98.27, 9.169 ], [ 98.269, 9.171 ], [ 98.266, 9.168 ] ] ], [ [ [ 98.345, 9.472 ], [ 98.329, 9.468 ], [ 98.338, 9.499 ], [ 98.354, 9.51 ], [ 98.355, 9.521 ], [ 98.363, 9.52 ], [ 98.345, 9.472 ] ] ], [ [ [ 98.329, 9.335 ], [ 98.32, 9.332 ], [ 98.322, 9.342 ], [ 98.329, 9.335 ] ] ], [ [ [ 98.357, 9.433 ], [ 98.347, 9.434 ], [ 98.346, 9.441 ], [ 98.356, 9.442 ], [ 98.357, 9.433 ] ] ], [ [ [ 98.386, 9.563 ], [ 98.379, 9.563 ], [ 98.387, 9.576 ], [ 98.392, 9.573 ], [ 98.386, 9.563 ] ] ], [ [ [ 98.328, 9.45 ], [ 98.327, 9.459 ], [ 98.334, 9.457 ], [ 98.328, 9.45 ] ] ], [ [ [ 98.382, 9.475 ], [ 98.372, 9.476 ], [ 98.368, 9.509 ], [ 98.374, 9.507 ], [ 98.376, 9.493 ], [ 98.388, 9.484 ], [ 98.382, 9.475 ] ] ], [ [ [ 98.346, 8.975 ], [ 98.35, 8.983 ], [ 98.357, 8.979 ], [ 98.359, 8.986 ], [ 98.343, 8.984 ], [ 98.341, 8.991 ], [ 98.363, 8.993 ], [ 98.358, 9.001 ], [ 98.376, 9.016 ], [ 98.368, 9.017 ], [ 98.353, 9.001 ], [ 98.345, 8.999 ], [ 98.326, 9.013 ], [ 98.316, 9.038 ], [ 98.335, 9.066 ], [ 98.363, 9.075 ], [ 98.372, 9.062 ], [ 98.374, 9.074 ], [ 98.363, 9.075 ], [ 98.367, 9.085 ], [ 98.359, 9.084 ], [ 98.346, 9.097 ], [ 98.341, 9.131 ], [ 98.332, 9.124 ], [ 98.309, 9.152 ], [ 98.308, 9.179 ], [ 98.317, 9.187 ], [ 98.312, 9.195 ], [ 98.326, 9.226 ], [ 98.337, 9.224 ], [ 98.339, 9.216 ], [ 98.348, 9.224 ], [ 98.363, 9.225 ], [ 98.341, 9.243 ], [ 98.366, 9.269 ], [ 98.358, 9.284 ], [ 98.374, 9.292 ], [ 98.379, 9.302 ], [ 98.38, 9.323 ], [ 98.391, 9.344 ], [ 98.396, 9.392 ], [ 98.393, 9.404 ], [ 98.416, 9.409 ], [ 98.429, 9.444 ], [ 98.434, 9.506 ], [ 98.451, 9.556 ], [ 98.462, 9.568 ], [ 98.458, 9.58 ], [ 98.466, 9.589 ], [ 98.462, 9.628 ], [ 98.48, 9.638 ], [ 98.499, 9.626 ], [ 98.501, 9.64 ], [ 98.509, 9.649 ], [ 98.507, 9.654 ], [ 98.497, 9.649 ], [ 98.484, 9.687 ], [ 98.493, 9.688 ], [ 98.509, 9.674 ], [ 98.537, 9.697 ], [ 98.555, 9.734 ], [ 98.551, 9.746 ], [ 98.55, 9.742 ], [ 98.524, 9.746 ], [ 98.507, 9.73 ], [ 98.497, 9.729 ], [ 98.495, 9.734 ], [ 98.505, 9.753 ], [ 98.513, 9.755 ], [ 98.504, 9.786 ], [ 98.55, 9.792 ], [ 98.55, 9.8 ], [ 98.559, 9.805 ], [ 98.555, 9.809 ], [ 98.55, 9.8 ], [ 98.534, 9.801 ], [ 98.512, 9.854 ], [ 98.524, 9.859 ], [ 98.534, 9.887 ], [ 98.545, 9.892 ], [ 98.553, 9.891 ], [ 98.556, 9.883 ], [ 98.559, 9.887 ], [ 98.554, 9.9 ], [ 98.56, 9.925 ], [ 98.565, 9.921 ], [ 98.588, 9.933 ], [ 98.583, 9.95 ], [ 98.605, 10.006 ], [ 98.649, 10.081 ], [ 98.651, 10.104 ], [ 98.656, 10.101 ], [ 98.67, 10.113 ], [ 98.684, 10.151 ], [ 98.68, 10.155 ], [ 98.671, 10.149 ], [ 98.675, 10.143 ], [ 98.656, 10.133 ], [ 98.649, 10.15 ], [ 98.655, 10.16 ], [ 98.663, 10.167 ], [ 98.669, 10.163 ], [ 98.682, 10.167 ], [ 98.686, 10.158 ], [ 98.692, 10.175 ], [ 98.698, 10.174 ], [ 98.709, 10.166 ], [ 98.695, 10.114 ], [ 98.683, 10.094 ], [ 98.687, 10.081 ], [ 98.68, 10.031 ], [ 98.696, 9.993 ], [ 98.692, 9.983 ], [ 98.704, 9.977 ], [ 98.705, 9.963 ], [ 98.725, 9.957 ], [ 98.737, 9.944 ], [ 98.746, 9.921 ], [ 98.728, 9.897 ], [ 98.72, 9.894 ], [ 98.724, 9.873 ], [ 98.716, 9.859 ], [ 98.705, 9.858 ], [ 98.7, 9.833 ], [ 98.69, 9.829 ], [ 98.682, 9.834 ], [ 98.663, 9.819 ], [ 98.645, 9.792 ], [ 98.633, 9.792 ], [ 98.634, 9.752 ], [ 98.645, 9.74 ], [ 98.641, 9.714 ], [ 98.621, 9.688 ], [ 98.658, 9.666 ], [ 98.68, 9.634 ], [ 98.692, 9.629 ], [ 98.698, 9.637 ], [ 98.725, 9.633 ], [ 98.73, 9.623 ], [ 98.742, 9.617 ], [ 98.742, 9.584 ], [ 98.757, 9.578 ], [ 98.762, 9.569 ], [ 98.77, 9.514 ], [ 98.761, 9.496 ], [ 98.743, 9.495 ], [ 98.727, 9.484 ], [ 98.705, 9.483 ], [ 98.695, 9.468 ], [ 98.671, 9.467 ], [ 98.654, 9.454 ], [ 98.626, 9.459 ], [ 98.624, 9.451 ], [ 98.606, 9.449 ], [ 98.583, 9.438 ], [ 98.579, 9.41 ], [ 98.571, 9.4 ], [ 98.57, 9.363 ], [ 98.538, 9.358 ], [ 98.52, 9.334 ], [ 98.513, 9.333 ], [ 98.513, 9.313 ], [ 98.496, 9.304 ], [ 98.505, 9.293 ], [ 98.495, 9.276 ], [ 98.505, 9.255 ], [ 98.504, 9.214 ], [ 98.496, 9.194 ], [ 98.501, 9.172 ], [ 98.508, 9.17 ], [ 98.513, 9.158 ], [ 98.488, 9.144 ], [ 98.495, 9.081 ], [ 98.491, 9.072 ], [ 98.476, 9.066 ], [ 98.475, 9.046 ], [ 98.488, 9.036 ], [ 98.485, 9.021 ], [ 98.513, 8.999 ], [ 98.508, 8.983 ], [ 98.494, 8.983 ], [ 98.455, 8.966 ], [ 98.459, 8.933 ], [ 98.454, 8.924 ], [ 98.459, 8.916 ], [ 98.432, 8.868 ], [ 98.413, 8.863 ], [ 98.412, 8.873 ], [ 98.399, 8.884 ], [ 98.372, 8.871 ], [ 98.366, 8.895 ], [ 98.342, 8.909 ], [ 98.337, 8.926 ], [ 98.328, 8.913 ], [ 98.297, 8.912 ], [ 98.267, 8.863 ], [ 98.262, 8.89 ], [ 98.245, 8.911 ], [ 98.263, 8.949 ], [ 98.258, 8.986 ], [ 98.247, 9.012 ], [ 98.273, 9.016 ], [ 98.316, 8.999 ], [ 98.331, 8.98 ], [ 98.346, 8.975 ] ], [ [ 98.562, 9.897 ], [ 98.566, 9.898 ], [ 98.565, 9.9 ], [ 98.562, 9.897 ] ], [ [ 98.394, 9.029 ], [ 98.391, 9.034 ], [ 98.387, 9.03 ], [ 98.394, 9.029 ] ], [ [ 98.316, 9.177 ], [ 98.32, 9.177 ], [ 98.319, 9.179 ], [ 98.316, 9.177 ] ], [ [ 98.491, 9.502 ], [ 98.495, 9.502 ], [ 98.494, 9.504 ], [ 98.491, 9.502 ] ], [ [ 98.484, 9.52 ], [ 98.476, 9.52 ], [ 98.471, 9.496 ], [ 98.483, 9.51 ], [ 98.484, 9.52 ] ], [ [ 98.547, 9.568 ], [ 98.549, 9.57 ], [ 98.546, 9.571 ], [ 98.547, 9.568 ] ], [ [ 98.542, 9.571 ], [ 98.53, 9.576 ], [ 98.529, 9.571 ], [ 98.542, 9.571 ] ], [ [ 98.524, 9.568 ], [ 98.522, 9.57 ], [ 98.521, 9.567 ], [ 98.524, 9.568 ] ], [ [ 98.517, 9.567 ], [ 98.509, 9.573 ], [ 98.511, 9.591 ], [ 98.475, 9.591 ], [ 98.476, 9.584 ], [ 98.491, 9.583 ], [ 98.492, 9.572 ], [ 98.472, 9.576 ], [ 98.466, 9.555 ], [ 98.476, 9.534 ], [ 98.48, 9.554 ], [ 98.487, 9.553 ], [ 98.495, 9.526 ], [ 98.497, 9.553 ], [ 98.507, 9.555 ], [ 98.517, 9.567 ] ], [ [ 98.347, 8.972 ], [ 98.349, 8.974 ], [ 98.346, 8.975 ], [ 98.347, 8.972 ] ], [ [ 98.358, 8.967 ], [ 98.36, 8.962 ], [ 98.363, 8.965 ], [ 98.358, 8.967 ] ], [ [ 98.351, 8.967 ], [ 98.357, 8.97 ], [ 98.35, 8.971 ], [ 98.351, 8.967 ] ] ], [ [ [ 98.45, 9.788 ], [ 98.449, 9.774 ], [ 98.442, 9.782 ], [ 98.45, 9.788 ] ] ], [ [ [ 98.465, 9.863 ], [ 98.474, 9.871 ], [ 98.475, 9.858 ], [ 98.466, 9.838 ], [ 98.47, 9.823 ], [ 98.466, 9.813 ], [ 98.454, 9.811 ], [ 98.459, 9.796 ], [ 98.457, 9.788 ], [ 98.45, 9.788 ], [ 98.434, 9.797 ], [ 98.429, 9.816 ], [ 98.43, 9.833 ], [ 98.442, 9.834 ], [ 98.433, 9.857 ], [ 98.453, 9.875 ], [ 98.455, 9.867 ], [ 98.465, 9.863 ] ] ], [ [ [ 98.526, 9.924 ], [ 98.514, 9.895 ], [ 98.505, 9.897 ], [ 98.504, 9.909 ], [ 98.517, 9.934 ], [ 98.512, 9.961 ], [ 98.528, 9.967 ], [ 98.533, 9.956 ], [ 98.549, 9.958 ], [ 98.551, 9.943 ], [ 98.526, 9.924 ] ] ], [ [ [ 98.53, 9.915 ], [ 98.526, 9.912 ], [ 98.525, 9.917 ], [ 98.53, 9.915 ] ] ], [ [ [ 98.304, 9.18 ], [ 98.307, 9.184 ], [ 98.308, 9.179 ], [ 98.304, 9.18 ] ] ] ] } },
{ "type": "Feature", "properties": { "hybas_id": 4070022100, "next_down": 0, "main_bas": 4070022100, "sub_area": 537.4, "up_area": 537.4, "th_share": 1.0 }, "geometry": { "type": "Polygon", "coordinates": [ [ [ 98.683, 10.094 ], [ 98.709, 10.166 ], [ 98.692, 10.179 ], [ 98.71, 10.191 ], [ 98.727, 10.192 ], [ 98.739, 10.208 ], [ 98.752, 10.204 ], [ 98.769, 10.209 ], [ 98.783, 10.221 ], [ 98.802, 10.208 ], [ 98.823, 10.216 ], [ 98.865, 10.196 ], [ 98.871, 10.2 ], [ 98.871, 10.18 ], [ 98.892, 10.164 ], [ 98.871, 10.154 ], [ 98.87, 10.139 ], [ 98.862, 10.131 ], [ 98.867, 10.11 ], [ 98.862, 10.093 ], [ 98.838, 10.066 ], [ 98.894, 10.062 ], [ 98.904, 10.054 ], [ 98.904, 10.026 ], [ 98.877, 10.001 ], [ 98.847, 9.995 ], [ 98.829, 9.975 ], [ 98.811, 9.98 ], [ 98.792, 9.946 ], [ 98.788, 9.95 ], [ 98.767, 9.946 ], [ 98.746, 9.921 ], [ 98.737, 9.944 ], [ 98.725, 9.957 ], [ 98.705, 9.963 ], [ 98.704, 9.977 ], [ 98.692, 9.983 ], [ 98.696, 9.993 ], [ 98.684, 10.014 ], [ 98.679, 10.043 ], [ 98.687, 10.081 ], [ 98.683, 10.094 ] ] ] } },
{ "type": "Feature", "properties": { "hybas_id": 4070022110, "next_down": 0, "main_bas": 4070022110, "sub_area": 394.4, "up_area": 394.4, "th_share": 1.0 }, "geometry": { "type": "Polygon", "coordinates": [ [ [ 98.75, 10.325 ], [ 98.754, 10.388 ], [ 98.783, 10.379 ], [ 98.79, 10.384 ], [ 98.844, 10.379 ], [ 98.869, 10.384 ], [ 98.88, 10.399 ], [ 98.902, 10.404 ], [ 98.918, 10.392 ], [ 98.938, 10.392 ], [ 98.941, 10.386 ], [ 98.938, 10.363 ], [ 98.921, 10.344 ], [ 98.929, 10.325 ], [ 98.912, 10.301 ], [ 98.901, 10.295 ], [ 98.899, 10.282 ], [ 98.908, 10.273 ], [ 98.891, 10.227 ], [ 98.876, 10.212 ], [ 98.874, 10.201 ], [ 98.865, 10.196 ], [ 98.823, 10.216 ], [ 98.802, 10.208 ], [ 98.783, 10.221 ], [ 98.769, 10.209 ], [ 98.752, 10.204 ], [ 98.739, 10.208 ], [ 98.727, 10.192 ], [ 98.71, 10.191 ], [ 98.688, 10.18 ], [ 98.716, 10.235 ], [ 98.738, 10.311 ], [ 98.75, 10.325 ] ] ] } },
{ "type": "Feature", "properties": { "hybas_id": 4070022140, "next_down": 0, "main_bas": 4070022140, "sub_area": 1585.3, "up_area": 1585.3, "th_share": 0.38 }, "geometry": { "type": "Polygon", "coordinates": [ [ [ 98.629, 10.581 ], [ 98.642, 10.64 ], [ 98.629, 10.665 ], [ 98.63, 10.677 ], [ 98.646, 10.711 ], [ 98.642, 10.727 ], [ 98.646, 10.744 ], [ 98.667, 10.754 ], [ 98.663, 10.771 ], [ 98.686, 10.771 ], [ 98.725, 10.783 ], [ 98.726, 10.823 ], [ 98.734, 10.849 ], [ 98.761, 10.851 ], [ 98.767, 10.883 ], [ 98.795, 10.888 ], [ 98.796, 10.904 ], [ 98.821, 10.904 ], [ 98.844, 10.924 ], [ 98.858, 10.925 ], [ 98.859, 10.914 ], [ 98.877, 10.892 ], [ 98.896, 10.899 ], [ 98.908, 10.881 ], [ 98.905, 10.838 ], [ 98.928, 10.833 ], [ 98.942, 10.817 ], [ 98.93, 10.79 ], [ 98.928, 10.771 ], [ 98.917, 10.766 ], [ 98.912, 10.735 ], [ 98.892, 10.694 ], [ 98.904, 10.679 ], [ 98.912, 10.684 ], [ 98.941, 10.674 ], [ 98.967, 10.633 ], [ 98.962, 10.585 ], [ 98.946, 10.571 ], [ 98.946, 10.556 ], [ 98.963, 10.538 ], [ 98.956, 10.537 ], [ 98.936, 10.513 ], [ 98.919, 10.505 ], [ 98.896, 10.504 ], [ 98.891, 10.493 ], [ 98.896, 10.481 ], [ 98.888, 10.465 ], [ 98.888, 10.452 ], [ 98.896, 10.439 ], [ 98.892, 10.4 ], [ 98.88, 10.399 ], [ 98.869, 10.384 ], [ 98.781, 10.38 ], [ 98.754, 10.388 ], [ 98.746, 10.402 ], [ 98.75, 10.407 ], [ 98.726, 10.413 ], [ 98.724, 10.424 ], [ 98.709, 10.434 ], [ 98.704, 10.45 ], [ 98.688, 10.442 ], [ 98.676, 10.447 ], [ 98.665, 10.467 ], [ 98.654, 10.458 ], [ 98.645, 10.463 ], [ 98.625, 10.454 ], [ 98.613, 10.458 ], [ 98.604, 10.494 ], [ 98.617, 10.515 ], [ 98.6, 10.548 ], [ 98.612, 10.564 ], [ 98.613, 10.575 ], [ 98.629, 10.581 ] ] ] } },
{ "type": "Feature", "properties": { "hybas_id": 4070023020, "next_down": 0, "main_bas": 4070023020, "sub_area": 5931.1, "up_area": 5931.4, "th_share": 0.05 }, "geometry": { "type": "Polygon", "coordinates": [ [ [ 98.425, 15.546 ], [ 98.437, 15.541 ], [ 98.447, 15.526 ], [ 98.478, 15.524 ], [ 98.484, 15.501 ], [ 98.507, 15.487 ], [ 98.513, 15.471 ], [ 98.545, 15.466 ], [ 98.555, 15.447 ], [ 98.564, 15.442 ], [ 98.612, 15.432 ], [ 98.639, 15.404 ], [ 98.67, 15.418 ], [ 98.671, 15.425 ], [ 98.686, 15.42 ], [ 98.706, 15.425 ], [ 98.717, 15.408 ], [ 98.728, 15.409 ], [ 98.737, 15.421 ], [ 98.761, 15.42 ], [ 98.791, 15.407 ], [ 98.796, 15.392 ], [ 98.791, 15.384 ], [ 98.763, 15.378 ], [ 98.762, 15.362 ], [ 98.771, 15.351 ], [ 98.766, 15.342 ], [ 98.771, 15.321 ], [ 98.754, 15.301 ], [ 98.758, 15.289 ], [ 98.723, 15.271 ], [ 98.663, 15.275 ], [ 98.662, 15.298 ], [ 98.635, 15.313 ], [ 98.617, 15.331 ], [ 98.617, 15.342 ], [ 98.59, 15.346 ], [ 98.563, 15.333 ], [ 98.551, 15.343 ], [ 98.541, 15.374 ], [ 98.51, 15.376 ], [ 98.495, 15.391 ], [ 98.48, 15.392 ], [ 98.478, 15.38 ], [ 98.468, 15.375 ], [ 98.466, 15.383 ], [ 98.45, 15.383 ], [ 98.454, 15.372 ], [ 98.438, 15.362 ], [ 98.418, 15.366 ], [ 98.409, 15.352 ], [ 98.408, 15.326 ], [ 98.399, 15.324 ], [ 98.421, 15.267 ], [ 98.416, 15.259 ], [ 98.403, 15.254 ], [ 98.376, 15.272 ], [ 98.374, 15.279 ], [ 98.326, 15.292 ], [ 98.307, 15.313 ], [ 98.301, 15.307 ], [ 98.303, 15.271 ], [ 98.28, 15.266 ], [ 98.257, 15.221 ], [ 98.233, 15.221 ], [ 98.208, 15.238 ], [ 98.204, 15.273 ], [ 98.188, 15.293 ], [ 98.188, 15.313 ], [ 98.161, 15.329 ], [ 98.139, 15.33 ], [ 98.134, 15.335 ], [ 98.133, 15.352 ], [ 98.117, 15.373 ], [ 98.116, 15.395 ], [ 98.097, 15.405 ], [ 98.087, 15.424 ], [ 98.072, 15.434 ], [ 98.051, 15.485 ], [ 98.05, 15.5 ], [ 98.009, 15.539 ], [ 98.004, 15.558 ], [ 98.012, 15.568 ], [ 98.008, 15.579 ], [ 97.995, 15.596 ], [ 97.974, 15.591 ], [ 97.947, 15.613 ], [ 97.945, 15.636 ], [ 97.955, 15.645 ], [ 97.94, 15.649 ], [ 97.925, 15.645 ], [ 97.912, 15.67 ], [ 97.883, 15.676 ], [ 97.876, 15.671 ], [ 97.871, 15.679 ], [ 97.875, 15.715 ], [ 97.871, 15.725 ], [ 97.883, 15.733 ], [ 97.883, 15.744 ], [ 97.863, 15.763 ], [ 97.867, 15.78 ], [ 97.859, 15.798 ], [ 97.871, 15.805 ], [ 97.837, 15.863 ], [ 97.845, 15.873 ], [ 97.846, 15.888 ], [ 97.838, 15.898 ], [ 97.837, 15.913 ], [ 97.85, 15.929 ], [ 97.838, 15.948 ], [ 97.833, 15.975 ], [ 97.841, 15.98 ], [ 97.85, 16.017 ], [ 97.838, 16.031 ], [ 97.837, 16.062 ], [ 97.83, 16.063 ], [ 97.829, 16.094 ], [ 97.817, 16.125 ], [ 97.804, 16.129 ], [ 97.809, 16.151 ], [ 97.796, 16.164 ], [ 97.787, 16.215 ], [ 97.771, 16.239 ], [ 97.766, 16.273 ], [ 97.751, 16.284 ], [ 97.738, 16.321 ], [ 97.718, 16.334 ], [ 97.712, 16.349 ], [ 97.701, 16.355 ], [ 97.676, 16.389 ], [ 97.675, 16.421 ], [ 97.666, 16.433 ], [ 97.652, 16.434 ], [ 97.643, 16.442 ], [ 97.63, 16.469 ], [ 97.63, 16.486 ], [ 97.662, 16.506 ], [ 97.658, 16.521 ], [ 97.671, 16.529 ], [ 97.684, 16.509 ], [ 97.713, 16.508 ], [ 97.733, 16.518 ], [ 97.733, 16.529 ], [ 97.741, 16.528 ], [ 97.76, 16.504 ], [ 97.778, 16.499 ], [ 97.78, 16.48 ], [ 97.795, 16.46 ], [ 97.801, 16.425 ], [ 97.824, 16.42 ], [ 97.838, 16.376 ], [ 97.854, 16.375 ], [ 97.86, 16.363 ], [ 97.873, 16.362 ], [ 97.879, 16.346 ], [ 97.895, 16.341 ], [ 97.905, 16.322 ], [ 97.921, 16.317 ], [ 97.935, 16.329 ], [ 97.962, 16.334 ], [ 97.967, 16.358 ], [ 97.977, 16.354 ], [ 97.992, 16.363 ], [ 97.996, 16.334 ], [ 98.05, 16.313 ], [ 98.058, 16.294 ], [ 98.054, 16.29 ], [ 98.08, 16.268 ], [ 98.076, 16.246 ], [ 98.087, 16.241 ], [ 98.096, 16.221 ], [ 98.133, 16.226 ], [ 98.138, 16.245 ], [ 98.162, 16.247 ], [ 98.171, 16.263 ], [ 98.182, 16.262 ], [ 98.189, 16.251 ], [ 98.203, 16.249 ], [ 98.216, 16.237 ], [ 98.222, 16.217 ], [ 98.233, 16.208 ], [ 98.234, 16.189 ], [ 98.242, 16.183 ], [ 98.224, 16.147 ], [ 98.212, 16.145 ], [ 98.221, 16.109 ], [ 98.213, 16.081 ], [ 98.233, 16.065 ], [ 98.251, 16.01 ], [ 98.263, 15.996 ], [ 98.267, 15.948 ], [ 98.271, 15.942 ], [ 98.294, 15.946 ], [ 98.302, 15.941 ], [ 98.32, 15.923 ], [ 98.338, 15.884 ], [ 98.312, 15.843 ], [ 98.313, 15.827 ], [ 98.363, 15.738 ], [ 98.375, 15.733 ], [ 98.392, 15.685 ], [ 98.409, 15.668 ], [ 98.403, 15.643 ], [ 98.388, 15.638 ], [ 98.392, 15.609 ], [ 98.399, 15.607 ], [ 98.405, 15.585 ], [ 98.42, 15.569 ], [ 98.425, 15.546 ] ] ] } },
{ "type": "Feature", "properties": { "hybas_id": 4071095340, "next_down": 4071093750, "main_bas": 4070023050, "sub_area": 3580.3, "up_area": 3580.3, "th_share": 0.14 }, "geometry": { "type": "Polygon", "coordinates": [ [ [ 98.667, 15.417 ], [ 98.639, 15.404 ], [ 98.612, 15.432 ], [ 98.564, 15.442 ], [ 98.555, 15.447 ], [ 98.545, 15.466 ], [ 98.513, 15.471 ], [ 98.507, 15.487 ], [ 98.484, 15.501 ], [ 98.478, 15.524 ], [ 98.447, 15.526 ], [ 98.437, 15.541 ], [ 98.425, 15.546 ], [ 98.42, 15.569 ], [ 98.405, 15.585 ], [ 98.399, 15.607 ], [ 98.392, 15.609 ], [ 98.388, 15.638 ], [ 98.403, 15.643 ], [ 98.409, 15.668 ], [ 98.392, 15.685 ], [ 98.375, 15.733 ], [ 98.363, 15.738 ], [ 98.313, 15.827 ], [ 98.312, 15.843 ], [ 98.338, 15.884 ], [ 98.32, 15.923 ], [ 98.302, 15.941 ], [ 98.294, 15.946 ], [ 98.271, 15.942 ], [ 98.267, 15.948 ], [ 98.263, 15.996 ], [ 98.251, 16.01 ], [ 98.233, 16.065 ], [ 98.213, 16.081 ], [ 98.221, 16.109 ], [ 98.212, 16.145 ], [ 98.224, 16.147 ], [ 98.242, 16.183 ], [ 98.234, 16.189 ], [ 98.233, 16.208 ], [ 98.222, 16.217 ], [ 98.216, 16.237 ], [ 98.203, 16.249 ], [ 98.189, 16.251 ], [ 98.182, 16.262 ], [ 98.171, 16.263 ], [ 98.158, 16.286 ], [ 98.163, 16.288 ], [ 98.158, 16.293 ], [ 98.163, 16.309 ], [ 98.159, 16.315 ], [ 98.166, 16.377 ], [ 98.163, 16.39 ], [ 98.176, 16.424 ], [ 98.188, 16.433 ], [ 98.187, 16.457 ], [ 98.175, 16.482 ], [ 98.181, 16.491 ], [ 98.196, 16.496 ], [ 98.233, 16.492 ], [ 98.248, 16.512 ], [ 98.263, 16.521 ], [ 98.282, 16.512 ], [ 98.298, 16.513 ], [ 98.311, 16.525 ], [ 98.323, 16.52 ], [ 98.335, 16.525 ], [ 98.352, 16.513 ], [ 98.377, 16.512 ], [ 98.446, 16.471 ], [ 98.449, 16.438 ], [ 98.429, 16.429 ], [ 98.425, 16.419 ], [ 98.445, 16.381 ], [ 98.433, 16.359 ], [ 98.434, 16.339 ], [ 98.454, 16.306 ], [ 98.459, 16.28 ], [ 98.455, 16.268 ], [ 98.462, 16.266 ], [ 98.463, 16.246 ], [ 98.472, 16.229 ], [ 98.496, 16.238 ], [ 98.496, 16.23 ], [ 98.512, 16.224 ], [ 98.513, 16.21 ], [ 98.529, 16.192 ], [ 98.529, 16.183 ], [ 98.546, 16.172 ], [ 98.542, 16.152 ], [ 98.551, 16.13 ], [ 98.559, 16.128 ], [ 98.541, 16.101 ], [ 98.55, 16.079 ], [ 98.546, 16.06 ], [ 98.551, 16.051 ], [ 98.562, 16.049 ], [ 98.563, 16.03 ], [ 98.599, 16.002 ], [ 98.609, 15.976 ], [ 98.608, 15.968 ], [ 98.592, 15.957 ], [ 98.583, 15.917 ], [ 98.6, 15.868 ], [ 98.63, 15.839 ], [ 98.621, 15.825 ], [ 98.621, 15.813 ], [ 98.629, 15.807 ], [ 98.633, 15.785 ], [ 98.616, 15.76 ], [ 98.621, 15.739 ], [ 98.633, 15.727 ], [ 98.638, 15.677 ], [ 98.646, 15.668 ], [ 98.638, 15.648 ], [ 98.649, 15.637 ], [ 98.658, 15.621 ], [ 98.659, 15.606 ], [ 98.699, 15.553 ], [ 98.713, 15.522 ], [ 98.725, 15.515 ], [ 98.708, 15.499 ], [ 98.729, 15.475 ], [ 98.734, 15.459 ], [ 98.779, 15.424 ], [ 98.779, 15.413 ], [ 98.737, 15.421 ], [ 98.728, 15.409 ], [ 98.717, 15.408 ], [ 98.706, 15.425 ], [ 98.686, 15.42 ], [ 98.671, 15.425 ], [ 98.667, 15.417 ] ] ] } },
{ "type": "Feature", "properties": { "hybas_id": 4071077730, "next_down": 4070023060, "main_bas": 4070023060, "sub_area": 4474.5, "up_area": 242490.9, "th_share": 0.42 }, "geometry": { "type": "Polygon", "coordinates": [ [ [ 97.071, 18.792 ], [ 97.067, 18.806 ], [ 97.087, 18.843 ], [ 97.088, 18.857 ], [ 97.113, 18.871 ], [ 97.113, 18.886 ], [ 97.124, 18.906 ], [ 97.126, 18.92 ], [ 97.118, 18.922 ], [ 97.105, 18.939 ], [ 97.104, 18.958 ], [ 97.113, 18.963 ], [ 97.105, 18.977 ], [ 97.107, 19.016 ], [ 97.123, 19.0 ], [ 97.133, 19.004 ], [ 97.139, 18.996 ], [ 97.165, 18.995 ], [ 97.179, 18.983 ], [ 97.192, 18.959 ], [ 97.248, 18.909 ], [ 97.259, 18.907 ], [ 97.254, 18.889 ], [ 97.26, 18.884 ], [ 97.283, 18.879 ], [ 97.284, 18.887 ], [ 97.304, 18.892 ], [ 97.333, 18.879 ], [ 97.33, 18.856 ], [ 97.338, 18.846 ], [ 97.363, 18.845 ], [ 97.353, 18.834 ], [ 97.355, 18.822 ], [ 97.382, 18.816 ], [ 97.387, 18.806 ], [ 97.355, 18.761 ], [ 97.351, 18.743 ], [ 97.357, 18.741 ], [ 97.363, 18.718 ], [ 97.399, 18.699 ], [ 97.404, 18.69 ], [ 97.404, 18.667 ], [ 97.396, 18.654 ], [ 97.412, 18.645 ], [ 97.416, 18.623 ], [ 97.4, 18.585 ], [ 97.412, 18.569 ], [ 97.413, 18.558 ], [ 97.428, 18.553 ], [ 97.434, 18.527 ], [ 97.45, 18.51 ], [ 97.446, 18.492 ], [ 97.482, 18.509 ], [ 97.491, 18.508 ], [ 97.503, 18.491 ], [ 97.516, 18.501 ], [ 97.542, 18.496 ], [ 97.542, 18.523 ], [ 97.548, 18.529 ], [ 97.565, 18.525 ], [ 97.571, 18.538 ], [ 97.577, 18.533 ], [ 97.602, 18.538 ], [ 97.617, 18.546 ], [ 97.613, 18.563 ], [ 97.649, 18.572 ], [ 97.651, 18.58 ], [ 97.677, 18.579 ], [ 97.698, 18.567 ], [ 97.72, 18.576 ], [ 97.728, 18.588 ], [ 97.75, 18.579 ], [ 97.767, 18.588 ], [ 97.771, 18.572 ], [ 97.766, 18.559 ], [ 97.788, 18.529 ], [ 97.784, 18.464 ], [ 97.788, 18.452 ], [ 97.804, 18.442 ], [ 97.8, 18.418 ], [ 97.808, 18.41 ], [ 97.796, 18.367 ], [ 97.796, 18.354 ], [ 97.809, 18.338 ], [ 97.808, 18.326 ], [ 97.797, 18.324 ], [ 97.792, 18.314 ], [ 97.796, 18.302 ], [ 97.813, 18.288 ], [ 97.822, 18.247 ], [ 97.83, 18.245 ], [ 97.829, 18.227 ], [ 97.817, 18.204 ], [ 97.833, 18.181 ], [ 97.826, 18.143 ], [ 97.846, 18.126 ], [ 97.841, 18.097 ], [ 97.846, 18.088 ], [ 97.841, 18.051 ], [ 97.833, 18.046 ], [ 97.833, 18.025 ], [ 97.852, 18.02 ], [ 97.862, 18.007 ], [ 97.862, 17.985 ], [ 97.85, 17.969 ], [ 97.858, 17.961 ], [ 97.859, 17.948 ], [ 97.879, 17.936 ], [ 97.888, 17.9 ], [ 97.812, 17.895 ], [ 97.803, 17.901 ], [ 97.777, 17.884 ], [ 97.759, 17.883 ], [ 97.748, 17.871 ], [ 97.735, 17.875 ], [ 97.688, 17.838 ], [ 97.671, 17.858 ], [ 97.656, 17.859 ], [ 97.647, 17.867 ], [ 97.637, 17.849 ], [ 97.627, 17.858 ], [ 97.606, 17.859 ], [ 97.598, 17.866 ], [ 97.577, 17.863 ], [ 97.571, 17.868 ], [ 97.55, 17.898 ], [ 97.541, 17.936 ], [ 97.496, 18.014 ], [ 97.487, 18.061 ], [ 97.47, 18.097 ], [ 97.48, 18.113 ], [ 97.459, 18.148 ], [ 97.45, 18.198 ], [ 97.392, 18.289 ], [ 97.383, 18.325 ], [ 97.363, 18.343 ], [ 97.362, 18.361 ], [ 97.334, 18.372 ], [ 97.291, 18.424 ], [ 97.27, 18.42 ], [ 97.251, 18.426 ], [ 97.238, 18.438 ], [ 97.237, 18.458 ], [ 97.226, 18.459 ], [ 97.22, 18.47 ], [ 97.225, 18.475 ], [ 97.217, 18.489 ], [ 97.212, 18.528 ], [ 97.205, 18.53 ], [ 97.196, 18.548 ], [ 97.201, 18.555 ], [ 97.184, 18.572 ], [ 97.183, 18.592 ], [ 97.171, 18.601 ], [ 97.166, 18.624 ], [ 97.159, 18.626 ], [ 97.132, 18.67 ], [ 97.105, 18.68 ], [ 97.091, 18.703 ], [ 97.095, 18.706 ], [ 97.063, 18.773 ], [ 97.063, 18.783 ], [ 97.071, 18.792 ] ] ] } },
{ "type": "Feature", "properties": { "hybas_id": 4071077760, "next_down": 4070023060, "main_bas": 4070023060, "sub_area": 68.7, "up_area": 14977.8, "th_share": 0.55 }, "geometry": { "type": "Polygon", "coordinates": [ [ [ 97.733, 17.746 ], [ 97.713, 17.764 ], [ 97.712, 17.782 ], [ 97.697, 17.793 ], [ 97.679, 17.828 ], [ 97.683, 17.838 ], [ 97.729, 17.867 ], [ 97.738, 17.835 ], [ 97.771, 17.8 ], [ 97.766, 17.785 ], [ 97.754, 17.775 ], [ 97.758, 17.767 ], [ 97.754, 17.756 ], [ 97.733, 17.746 ] ] ] } },
{ "type": "Feature", "properties": { "hybas_id": 4071078400, "next_down": 4071077760, "main_bas": 4070023060, "sub_area": 6097.2, "up_area": 6097.5, "th_share": 1.0 }, "geometry": { "type": "Polygon", "coordinates": [ [ [ 98.1, 17.5 ], [ 98.08, 17.51 ], [ 98.062, 17.545 ], [ 98.047, 17.555 ], [ 98.045, 17.577 ], [ 98.021, 17.604 ], [ 98.005, 17.605 ], [ 98.003, 17.624 ], [ 97.972, 17.638 ], [ 97.975, 17.657 ], [ 97.96, 17.662 ], [ 97.955, 17.658 ], [ 97.925, 17.742 ], [ 97.92, 17.746 ], [ 97.908, 17.73 ], [ 97.891, 17.724 ], [ 97.874, 17.741 ], [ 97.844, 17.742 ], [ 97.831, 17.754 ], [ 97.795, 17.749 ], [ 97.759, 17.772 ], [ 97.77, 17.802 ], [ 97.751, 17.818 ], [ 97.734, 17.844 ], [ 97.729, 17.871 ], [ 97.748, 17.871 ], [ 97.759, 17.883 ], [ 97.777, 17.884 ], [ 97.803, 17.901 ], [ 97.812, 17.895 ], [ 97.888, 17.9 ], [ 97.879, 17.936 ], [ 97.859, 17.948 ], [ 97.858, 17.961 ], [ 97.85, 17.969 ], [ 97.862, 17.985 ], [ 97.862, 18.007 ], [ 97.852, 18.02 ], [ 97.833, 18.025 ], [ 97.833, 18.046 ], [ 97.841, 18.051 ], [ 97.846, 18.088 ], [ 97.841, 18.097 ], [ 97.846, 18.126 ], [ 97.826, 18.143 ], [ 97.833, 18.181 ], [ 97.817, 18.204 ], [ 97.829, 18.227 ], [ 97.83, 18.245 ], [ 97.822, 18.247 ], [ 97.813, 18.288 ], [ 97.796, 18.302 ], [ 97.792, 18.317 ], [ 97.797, 18.324 ], [ 97.808, 18.326 ], [ 97.809, 18.338 ], [ 97.796, 18.354 ], [ 97.796, 18.367 ], [ 97.808, 18.41 ], [ 97.8, 18.418 ], [ 97.804, 18.442 ], [ 97.788, 18.452 ], [ 97.784, 18.464 ], [ 97.787, 18.531 ], [ 97.766, 18.559 ], [ 97.771, 18.572 ], [ 97.767, 18.588 ], [ 97.775, 18.596 ], [ 97.77, 18.606 ], [ 97.775, 18.621 ], [ 97.767, 18.635 ], [ 97.775, 18.69 ], [ 97.75, 18.723 ], [ 97.759, 18.764 ], [ 97.75, 18.811 ], [ 97.738, 18.827 ], [ 97.745, 18.835 ], [ 97.746, 18.856 ], [ 97.736, 18.883 ], [ 97.718, 18.888 ], [ 97.692, 18.908 ], [ 97.691, 18.931 ], [ 97.679, 18.942 ], [ 97.7, 18.946 ], [ 97.738, 18.975 ], [ 97.754, 18.967 ], [ 97.755, 18.947 ], [ 97.766, 18.941 ], [ 97.772, 18.918 ], [ 97.833, 18.887 ], [ 97.902, 18.904 ], [ 97.957, 18.866 ], [ 97.977, 18.875 ], [ 98.019, 18.871 ], [ 98.036, 18.875 ], [ 98.069, 18.854 ], [ 98.088, 18.858 ], [ 98.083, 18.821 ], [ 98.092, 18.785 ], [ 98.096, 18.779 ], [ 98.121, 18.775 ], [ 98.12, 18.755 ], [ 98.1, 18.735 ], [ 98.108, 18.675 ], [ 98.113, 18.674 ], [ 98.109, 18.647 ], [ 98.152, 18.637 ], [ 98.16, 18.63 ], [ 98.183, 18.628 ], [ 98.188, 18.621 ], [ 98.183, 18.613 ], [ 98.213, 18.608 ], [ 98.213, 18.593 ], [ 98.234, 18.574 ], [ 98.221, 18.546 ], [ 98.211, 18.538 ], [ 98.202, 18.537 ], [ 98.185, 18.55 ], [ 98.157, 18.513 ], [ 98.117, 18.496 ], [ 98.108, 18.459 ], [ 98.084, 18.445 ], [ 98.08, 18.436 ], [ 98.08, 18.423 ], [ 98.088, 18.409 ], [ 98.087, 18.389 ], [ 98.083, 18.376 ], [ 98.076, 18.374 ], [ 98.075, 18.363 ], [ 98.095, 18.348 ], [ 98.101, 18.326 ], [ 98.12, 18.316 ], [ 98.126, 18.301 ], [ 98.146, 18.284 ], [ 98.137, 18.268 ], [ 98.146, 18.252 ], [ 98.142, 18.239 ], [ 98.154, 18.225 ], [ 98.16, 18.221 ], [ 98.193, 18.25 ], [ 98.212, 18.249 ], [ 98.217, 18.223 ], [ 98.23, 18.196 ], [ 98.244, 18.184 ], [ 98.316, 18.162 ], [ 98.328, 18.137 ], [ 98.363, 18.15 ], [ 98.376, 18.126 ], [ 98.374, 18.113 ], [ 98.362, 18.107 ], [ 98.367, 18.071 ], [ 98.363, 18.06 ], [ 98.375, 18.035 ], [ 98.371, 18.025 ], [ 98.36, 18.029 ], [ 98.342, 18.021 ], [ 98.332, 18.026 ], [ 98.325, 18.019 ], [ 98.329, 18.015 ], [ 98.318, 18.007 ], [ 98.312, 17.976 ], [ 98.305, 17.974 ], [ 98.296, 17.947 ], [ 98.307, 17.941 ], [ 98.313, 17.917 ], [ 98.305, 17.912 ], [ 98.299, 17.892 ], [ 98.26, 17.874 ], [ 98.258, 17.879 ], [ 98.246, 17.879 ], [ 98.245, 17.86 ], [ 98.233, 17.84 ], [ 98.237, 17.822 ], [ 98.22, 17.809 ], [ 98.225, 17.793 ], [ 98.204, 17.779 ], [ 98.225, 17.752 ], [ 98.229, 17.725 ], [ 98.291, 17.702 ], [ 98.283, 17.68 ], [ 98.255, 17.666 ], [ 98.246, 17.629 ], [ 98.255, 17.622 ], [ 98.245, 17.61 ], [ 98.255, 17.598 ], [ 98.249, 17.559 ], [ 98.238, 17.558 ], [ 98.238, 17.542 ], [ 98.22, 17.546 ], [ 98.206, 17.538 ], [ 98.191, 17.542 ], [ 98.176, 17.537 ], [ 98.157, 17.513 ], [ 98.145, 17.512 ], [ 98.133, 17.521 ], [ 98.1, 17.5 ] ] ] } },
{ "type": "Feature", "properties": { "hybas_id": 4071078450, "next_down": 4071077760, "main_bas": 4070023060, "sub_area": 3302.8, "up_area": 8811.5, "th_share": 0.66 }, "geometry": { "type": "Polygon", "coordinates": [ [ [ 98.317, 16.996 ], [ 98.282, 17.045 ], [ 98.244, 17.054 ], [ 98.227, 17.038 ], [ 98.202, 17.033 ], [ 98.19, 17.021 ], [ 98.163, 17.013 ], [ 98.162, 17.031 ], [ 98.146, 17.052 ], [ 98.116, 17.148 ], [ 98.099, 17.183 ], [ 98.083, 17.188 ], [ 98.08, 17.206 ], [ 98.087, 17.223 ], [ 98.078, 17.237 ], [ 98.063, 17.243 ], [ 98.062, 17.257 ], [ 98.055, 17.264 ], [ 98.054, 17.303 ], [ 98.046, 17.305 ], [ 98.041, 17.324 ], [ 98.034, 17.326 ], [ 98.029, 17.346 ], [ 98.013, 17.355 ], [ 98.004, 17.377 ], [ 97.992, 17.388 ], [ 98.001, 17.44 ], [ 97.973, 17.451 ], [ 97.931, 17.491 ], [ 97.915, 17.492 ], [ 97.903, 17.503 ], [ 97.872, 17.513 ], [ 97.866, 17.531 ], [ 97.853, 17.545 ], [ 97.83, 17.555 ], [ 97.816, 17.582 ], [ 97.8, 17.588 ], [ 97.791, 17.619 ], [ 97.775, 17.635 ], [ 97.738, 17.708 ], [ 97.733, 17.746 ], [ 97.754, 17.756 ], [ 97.758, 17.767 ], [ 97.754, 17.775 ], [ 97.795, 17.749 ], [ 97.831, 17.754 ], [ 97.844, 17.742 ], [ 97.874, 17.741 ], [ 97.891, 17.724 ], [ 97.908, 17.73 ], [ 97.92, 17.746 ], [ 97.941, 17.707 ], [ 97.942, 17.685 ], [ 97.954, 17.673 ], [ 97.955, 17.658 ], [ 97.96, 17.662 ], [ 97.975, 17.657 ], [ 97.972, 17.638 ], [ 98.003, 17.624 ], [ 98.005, 17.605 ], [ 98.021, 17.604 ], [ 98.045, 17.577 ], [ 98.047, 17.555 ], [ 98.062, 17.545 ], [ 98.08, 17.51 ], [ 98.093, 17.5 ], [ 98.133, 17.521 ], [ 98.145, 17.512 ], [ 98.157, 17.513 ], [ 98.176, 17.537 ], [ 98.191, 17.542 ], [ 98.206, 17.538 ], [ 98.22, 17.546 ], [ 98.238, 17.542 ], [ 98.238, 17.558 ], [ 98.249, 17.559 ], [ 98.254, 17.575 ], [ 98.269, 17.58 ], [ 98.298, 17.575 ], [ 98.309, 17.535 ], [ 98.322, 17.505 ], [ 98.329, 17.5 ], [ 98.329, 17.46 ], [ 98.32, 17.443 ], [ 98.325, 17.423 ], [ 98.315, 17.413 ], [ 98.3, 17.413 ], [ 98.305, 17.393 ], [ 98.333, 17.358 ], [ 98.329, 17.342 ], [ 98.334, 17.326 ], [ 98.321, 17.321 ], [ 98.326, 17.309 ], [ 98.358, 17.292 ], [ 98.358, 17.271 ], [ 98.37, 17.27 ], [ 98.412, 17.228 ], [ 98.419, 17.213 ], [ 98.462, 17.191 ], [ 98.475, 17.167 ], [ 98.532, 17.141 ], [ 98.543, 17.117 ], [ 98.581, 17.112 ], [ 98.606, 17.088 ], [ 98.635, 17.071 ], [ 98.707, 17.054 ], [ 98.725, 17.027 ], [ 98.75, 17.007 ], [ 98.75, 16.992 ], [ 98.727, 16.987 ], [ 98.712, 16.955 ], [ 98.7, 16.95 ], [ 98.688, 16.957 ], [ 98.678, 16.942 ], [ 98.645, 16.951 ], [ 98.598, 16.946 ], [ 98.584, 16.954 ], [ 98.57, 16.926 ], [ 98.563, 16.924 ], [ 98.567, 16.897 ], [ 98.549, 16.847 ], [ 98.538, 16.841 ], [ 98.538, 16.825 ], [ 98.532, 16.817 ], [ 98.508, 16.817 ], [ 98.48, 16.826 ], [ 98.47, 16.846 ], [ 98.446, 16.829 ], [ 98.43, 16.838 ], [ 98.422, 16.874 ], [ 98.431, 16.876 ], [ 98.442, 16.888 ], [ 98.416, 16.957 ], [ 98.393, 16.967 ], [ 98.383, 16.979 ], [ 98.353, 16.974 ], [ 98.343, 16.98 ], [ 98.337, 16.995 ], [ 98.317, 16.996 ] ] ] } },
{ "type": "Feature", "properties": { "hybas_id": 4071090600, "next_down": 4071078450, "main_bas": 4070023060, "sub_area": 1631.5, "up_area": 1631.5, "th_share": 1.0 }, "geometry": { "type": "Polygon", "coordinates": [ [ [ 98.754, 16.604 ], [ 98.746, 16.608 ], [ 98.741, 16.634 ], [ 98.73, 16.633 ], [ 98.724, 16.673 ], [ 98.712, 16.687 ], [ 98.713, 16.699 ], [ 98.724, 16.702 ], [ 98.713, 16.714 ], [ 98.699, 16.752 ], [ 98.688, 16.759 ], [ 98.678, 16.778 ], [ 98.66, 16.784 ], [ 98.648, 16.796 ], [ 98.632, 16.784 ], [ 98.571, 16.779 ], [ 98.562, 16.802 ], [ 98.567, 16.818 ], [ 98.538, 16.829 ], [ 98.538, 16.841 ], [ 98.549, 16.847 ], [ 98.567, 16.897 ], [ 98.563, 16.924 ], [ 98.57, 16.926 ], [ 98.584, 16.954 ], [ 98.598, 16.946 ], [ 98.645, 16.951 ], [ 98.678, 16.942 ], [ 98.688, 16.957 ], [ 98.7, 16.95 ], [ 98.712, 16.955 ], [ 98.727, 16.987 ], [ 98.753, 16.991 ], [ 98.772, 16.968 ], [ 98.812, 16.945 ], [ 98.813, 16.935 ], [ 98.829, 16.923 ], [ 98.837, 16.893 ], [ 98.821, 16.881 ], [ 98.843, 16.851 ], [ 98.87, 16.841 ], [ 98.875, 16.817 ], [ 98.888, 16.797 ], [ 98.924, 16.783 ], [ 98.933, 16.758 ], [ 98.95, 16.758 ], [ 98.951, 16.738 ], [ 98.969, 16.721 ], [ 99.0, 16.713 ], [ 99.001, 16.693 ], [ 99.007, 16.691 ], [ 99.021, 16.664 ], [ 99.013, 16.658 ], [ 99.013, 16.639 ], [ 99.022, 16.622 ], [ 99.038, 16.608 ], [ 99.02, 16.57 ], [ 99.025, 16.533 ], [ 99.021, 16.5 ], [ 98.994, 16.505 ], [ 98.983, 16.488 ], [ 98.997, 16.451 ], [ 99.016, 16.445 ], [ 99.021, 16.434 ], [ 99.016, 16.392 ], [ 99.021, 16.383 ], [ 98.992, 16.379 ], [ 98.99, 16.374 ], [ 98.963, 16.384 ], [ 98.947, 16.383 ], [ 98.937, 16.363 ], [ 98.917, 16.358 ], [ 98.921, 16.385 ], [ 98.872, 16.422 ], [ 98.859, 16.443 ], [ 98.867, 16.495 ], [ 98.85, 16.496 ], [ 98.824, 16.541 ], [ 98.788, 16.567 ], [ 98.783, 16.591 ], [ 98.769, 16.599 ], [ 98.754, 16.596 ], [ 98.754, 16.604 ] ] ] } },
{ "type": "Feature", "properties": { "hybas_id": 4071090700, "next_down": 4071078450, "main_bas": 4070023060, "sub_area": 385.7, "up_area": 3877.3, "th_share": 0.86 }, "geometry": { "type": "Polygon", "coordinates": [ [ [ 98.746, 16.608 ], [ 98.736, 16.604 ], [ 98.729, 16.613 ], [ 98.706, 16.621 ], [ 98.677, 16.65 ], [ 98.652, 16.662 ], [ 98.64, 16.658 ], [ 98.632, 16.663 ], [ 98.623, 16.655 ], [ 98.584, 16.655 ], [ 98.574, 16.678 ], [ 98.547, 16.693 ], [ 98.545, 16.699 ], [ 98.509, 16.709 ], [ 98.5, 16.738 ], [ 98.467, 16.725 ], [ 98.446, 16.752 ], [ 98.445, 16.773 ], [ 98.454, 16.785 ], [ 98.446, 16.829 ], [ 98.47, 16.846 ], [ 98.48, 16.826 ], [ 98.508, 16.817 ], [ 98.532, 16.817 ], [ 98.538, 16.829 ], [ 98.561, 16.825 ], [ 98.567, 16.818 ], [ 98.562, 16.802 ], [ 98.571, 16.779 ], [ 98.632, 16.784 ], [ 98.648, 16.796 ], [ 98.66, 16.784 ], [ 98.678, 16.778 ], [ 98.688, 16.759 ], [ 98.699, 16.752 ], [ 98.713, 16.714 ], [ 98.724, 16.702 ], [ 98.713, 16.699 ], [ 98.712, 16.687 ], [ 98.724, 16.673 ], [ 98.73, 16.633 ], [ 98.741, 16.634 ], [ 98.746, 16.608 ] ] ] } },
{ "type": "Feature", "properties": { "hybas_id": 4071092070, "next_down": 4071090700, "main_bas": 4070023060, "sub_area": 1043.3, "up_area": 2556.4, "th_share": 0.66 }, "geometry": { "type": "Polygon", "coordinates": [ [ [ 98.788, 16.567 ], [ 98.824, 16.541 ], [ 98.85, 16.496 ], [ 98.825, 16.455 ], [ 98.813, 16.449 ], [ 98.812, 16.418 ], [ 98.784, 16.399 ], [ 98.766, 16.367 ], [ 98.739, 16.358 ], [ 98.727, 16.346 ], [ 98.713, 16.345 ], [ 98.717, 16.324 ], [ 98.712, 16.313 ], [ 98.698, 16.313 ], [ 98.671, 16.333 ], [ 98.663, 16.333 ], [ 98.662, 16.341 ], [ 98.644, 16.354 ], [ 98.614, 16.349 ], [ 98.604, 16.402 ], [ 98.583, 16.454 ], [ 98.552, 16.487 ], [ 98.525, 16.463 ], [ 98.505, 16.467 ], [ 98.503, 16.474 ], [ 98.45, 16.471 ], [ 98.455, 16.486 ], [ 98.468, 16.499 ], [ 98.478, 16.501 ], [ 98.487, 16.519 ], [ 98.483, 16.526 ], [ 98.488, 16.538 ], [ 98.479, 16.57 ], [ 98.496, 16.579 ], [ 98.484, 16.588 ], [ 98.471, 16.614 ], [ 98.466, 16.628 ], [ 98.474, 16.63 ], [ 98.476, 16.651 ], [ 98.45, 16.702 ], [ 98.471, 16.729 ], [ 98.5, 16.738 ], [ 98.509, 16.709 ], [ 98.545, 16.699 ], [ 98.547, 16.693 ], [ 98.574, 16.678 ], [ 98.584, 16.655 ], [ 98.623, 16.655 ], [ 98.632, 16.663 ], [ 98.64, 16.658 ], [ 98.652, 16.662 ], [ 98.677, 16.65 ], [ 98.706, 16.621 ], [ 98.729, 16.613 ], [ 98.736, 16.604 ], [ 98.748, 16.608 ], [ 98.754, 16.596 ], [ 98.769, 16.599 ], [ 98.783, 16.591 ], [ 98.788, 16.567 ] ] ] } },
{ "type": "Feature", "properties": { "hybas_id": 4071058560, "next_down": 4071063060, "main_bas": 4070023060, "sub_area": 7178.8, "up_area": 7178.8, "th_share": 0.88 }, "geometry": { "type": "Polygon", "coordinates": [ [ [ 97.867, 19.563 ], [ 97.863, 19.575 ], [ 97.867, 19.579 ], [ 97.902, 19.58 ], [ 97.969, 19.601 ], [ 97.984, 19.645 ], [ 98.003, 19.647 ], [ 98.004, 19.658 ], [ 98.025, 19.654 ], [ 98.037, 19.66 ], [ 98.029, 19.688 ], [ 98.034, 19.701 ], [ 98.024, 19.722 ], [ 98.038, 19.772 ], [ 98.034, 19.812 ], [ 98.045, 19.817 ], [ 98.056, 19.809 ], [ 98.083, 19.808 ], [ 98.08, 19.802 ], [ 98.101, 19.771 ], [ 98.135, 19.787 ], [ 98.156, 19.771 ], [ 98.173, 19.77 ], [ 98.183, 19.761 ], [ 98.183, 19.746 ], [ 98.188, 19.738 ], [ 98.199, 19.737 ], [ 98.2, 19.729 ], [ 98.216, 19.724 ], [ 98.228, 19.729 ], [ 98.238, 19.713 ], [ 98.234, 19.698 ], [ 98.252, 19.676 ], [ 98.312, 19.688 ], [ 98.323, 19.705 ], [ 98.352, 19.695 ], [ 98.377, 19.696 ], [ 98.39, 19.705 ], [ 98.429, 19.688 ], [ 98.466, 19.695 ], [ 98.476, 19.676 ], [ 98.471, 19.669 ], [ 98.493, 19.642 ], [ 98.524, 19.628 ], [ 98.537, 19.611 ], [ 98.547, 19.555 ], [ 98.562, 19.549 ], [ 98.57, 19.536 ], [ 98.571, 19.513 ], [ 98.587, 19.508 ], [ 98.588, 19.497 ], [ 98.595, 19.495 ], [ 98.6, 19.471 ], [ 98.588, 19.442 ], [ 98.588, 19.414 ], [ 98.596, 19.408 ], [ 98.575, 19.385 ], [ 98.595, 19.353 ], [ 98.591, 19.328 ], [ 98.609, 19.303 ], [ 98.599, 19.291 ], [ 98.604, 19.277 ], [ 98.588, 19.267 ], [ 98.595, 19.226 ], [ 98.567, 19.208 ], [ 98.584, 19.188 ], [ 98.616, 19.174 ], [ 98.633, 19.157 ], [ 98.642, 19.114 ], [ 98.655, 19.097 ], [ 98.645, 19.076 ], [ 98.63, 19.066 ], [ 98.625, 19.047 ], [ 98.591, 19.041 ], [ 98.566, 19.046 ], [ 98.544, 19.026 ], [ 98.528, 19.024 ], [ 98.494, 19.041 ], [ 98.437, 19.046 ], [ 98.417, 19.029 ], [ 98.397, 19.042 ], [ 98.388, 19.063 ], [ 98.368, 19.068 ], [ 98.357, 19.087 ], [ 98.351, 19.088 ], [ 98.341, 19.126 ], [ 98.346, 19.133 ], [ 98.338, 19.15 ], [ 98.304, 19.154 ], [ 98.254, 19.15 ], [ 98.247, 19.154 ], [ 98.241, 19.13 ], [ 98.242, 19.122 ], [ 98.249, 19.12 ], [ 98.249, 19.105 ], [ 98.226, 19.082 ], [ 98.216, 19.059 ], [ 98.193, 19.041 ], [ 98.187, 19.014 ], [ 98.171, 18.998 ], [ 98.167, 18.979 ], [ 98.175, 18.971 ], [ 98.175, 18.954 ], [ 98.154, 18.938 ], [ 98.158, 18.921 ], [ 98.122, 18.908 ], [ 98.112, 18.888 ], [ 98.101, 18.887 ], [ 98.088, 18.858 ], [ 98.077, 18.855 ], [ 98.069, 18.854 ], [ 98.052, 18.867 ], [ 98.048, 18.863 ], [ 98.036, 18.875 ], [ 98.019, 18.871 ], [ 97.977, 18.875 ], [ 97.957, 18.866 ], [ 97.902, 18.904 ], [ 97.833, 18.887 ], [ 97.772, 18.918 ], [ 97.766, 18.941 ], [ 97.755, 18.947 ], [ 97.754, 18.967 ], [ 97.74, 18.975 ], [ 97.7, 18.946 ], [ 97.683, 18.946 ], [ 97.679, 18.963 ], [ 97.684, 18.976 ], [ 97.674, 18.995 ], [ 97.646, 19.018 ], [ 97.645, 19.041 ], [ 97.617, 19.054 ], [ 97.6, 19.081 ], [ 97.6, 19.098 ], [ 97.577, 19.105 ], [ 97.546, 19.146 ], [ 97.577, 19.17 ], [ 97.586, 19.171 ], [ 97.604, 19.194 ], [ 97.6, 19.208 ], [ 97.605, 19.227 ], [ 97.626, 19.263 ], [ 97.622, 19.291 ], [ 97.628, 19.296 ], [ 97.641, 19.295 ], [ 97.643, 19.288 ], [ 97.654, 19.292 ], [ 97.658, 19.306 ], [ 97.654, 19.313 ], [ 97.665, 19.313 ], [ 97.672, 19.328 ], [ 97.679, 19.33 ], [ 97.683, 19.363 ], [ 97.715, 19.371 ], [ 97.732, 19.384 ], [ 97.738, 19.4 ], [ 97.783, 19.396 ], [ 97.803, 19.409 ], [ 97.829, 19.435 ], [ 97.83, 19.449 ], [ 97.858, 19.473 ], [ 97.876, 19.499 ], [ 97.888, 19.5 ], [ 97.871, 19.518 ], [ 97.87, 19.532 ], [ 97.858, 19.533 ], [ 97.859, 19.552 ], [ 97.867, 19.563 ] ] ] } },
{ "type": "Feature", "properties": { "hybas_id": 4071097350, "next_down": 4071092070, "main_bas": 4070023060, "sub_area": 803.4, "up_area": 803.4, "th_share": 0.13 }, "geometry": { "type": "Polygon", "coordinates": [ [ [ 98.642, 16.222 ], [ 98.621, 16.288 ], [ 98.628, 16.288 ], [ 98.634, 16.307 ], [ 98.645, 16.313 ], [ 98.655, 16.333 ], [ 98.671, 16.333 ], [ 98.698, 16.313 ], [ 98.712, 16.313 ], [ 98.717, 16.324 ], [ 98.713, 16.345 ], [ 98.727, 16.346 ], [ 98.739, 16.358 ], [ 98.766, 16.367 ], [ 98.784, 16.399 ], [ 98.812, 16.418 ], [ 98.813, 16.449 ], [ 98.829, 16.46 ], [ 98.842, 16.491 ], [ 98.867, 16.495 ], [ 98.859, 16.443 ], [ 98.872, 16.422 ], [ 98.921, 16.385 ], [ 98.908, 16.333 ], [ 98.925, 16.329 ], [ 98.925, 16.31 ], [ 98.909, 16.286 ], [ 98.908, 16.258 ], [ 98.855, 16.219 ], [ 98.859, 16.198 ], [ 98.854, 16.19 ], [ 98.862, 16.182 ], [ 98.863, 16.169 ], [ 98.855, 16.161 ], [ 98.846, 16.125 ], [ 98.834, 16.124 ], [ 98.833, 16.113 ], [ 98.808, 16.1 ], [ 98.788, 16.104 ], [ 98.778, 16.126 ], [ 98.747, 16.116 ], [ 98.741, 16.108 ], [ 98.706, 16.137 ], [ 98.688, 16.138 ], [ 98.688, 16.129 ], [ 98.671, 16.113 ], [ 98.663, 16.113 ], [ 98.661, 16.121 ], [ 98.641, 16.116 ], [ 98.634, 16.122 ], [ 98.633, 16.147 ], [ 98.642, 16.172 ], [ 98.633, 16.208 ], [ 98.642, 16.222 ] ] ] } },
{ "type": "Feature", "properties": { "hybas_id": 4070034180, "next_down": 0, "main_bas": 4070034180, "sub_area": 856.4, "up_area": 856.4, "th_share": 0.25 }, "geometry": { "type": "MultiPolygon", "coordinates": [ [ [ [ 99.799, 6.154 ], [ 99.791, 6.155 ], [ 99.793, 6.167 ], [ 99.803, 6.167 ], [ 99.799, 6.154 ] ] ], [ [ [ 99.844, 6.188 ], [ 99.833, 6.188 ], [ 99.841, 6.196 ], [ 99.85, 6.195 ], [ 99.844, 6.188 ] ] ], [ [ [ 99.774, 6.254 ], [ 99.766, 6.255 ], [ 99.77, 6.259 ], [ 99.774, 6.254 ] ] ], [ [ [ 99.78, 6.451 ], [ 99.774, 6.448 ], [ 99.776, 6.455 ], [ 99.78, 6.451 ] ] ], [ [ [ 99.799, 6.45 ], [ 99.788, 6.451 ], [ 99.787, 6.457 ], [ 99.798, 6.459 ], [ 99.799, 6.45 ] ] ], [ [ [ 99.728, 6.175 ], [ 99.722, 6.176 ], [ 99.72, 6.211 ], [ 99.708, 6.221 ], [ 99.709, 6.245 ], [ 99.721, 6.251 ], [ 99.729, 6.244 ], [ 99.726, 6.224 ], [ 99.741, 6.238 ], [ 99.751, 6.236 ], [ 99.746, 6.226 ], [ 99.763, 6.224 ], [ 99.745, 6.205 ], [ 99.749, 6.188 ], [ 99.729, 6.186 ], [ 99.728, 6.175 ] ], [ [ 99.716, 6.235 ], [ 99.72, 6.235 ], [ 99.719, 6.238 ], [ 99.716, 6.235 ] ] ], [ [ [ 99.708, 6.548 ], [ 99.704, 6.547 ], [ 99.707, 6.55 ], [ 99.708, 6.548 ] ] ], [ [ [ 99.696, 6.642 ], [ 99.691, 6.64 ], [ 99.693, 6.646 ], [ 99.696, 6.642 ] ] ], [ [ [ 99.705, 6.609 ], [ 99.699, 6.607 ], [ 99.701, 6.613 ], [ 99.705, 6.609 ] ] ], [ [ [ 99.724, 6.579 ], [ 99.717, 6.58 ], [ 99.716, 6.586 ], [ 99.724, 6.588 ], [ 99.724, 6.579 ] ] ], [ [ [ 99.712, 6.731 ], [ 99.704, 6.73 ], [ 99.705, 6.738 ], [ 99.712, 6.731 ] ] ], [ [ [ 99.695, 6.652 ], [ 99.691, 6.652 ], [ 99.694, 6.654 ], [ 99.695, 6.652 ] ] ], [ [ [ 99.336, 6.483 ], [ 99.329, 6.49 ], [ 99.334, 6.492 ], [ 99.336, 6.483 ] ] ], [ [ [ 99.349, 6.554 ], [ 99.342, 6.555 ], [ 99.339, 6.576 ], [ 99.35, 6.563 ], [ 99.349, 6.554 ] ] ], [ [ [ 99.307, 6.504 ], [ 99.291, 6.509 ], [ 99.284, 6.504 ], [ 99.283, 6.531 ], [ 99.27, 6.57 ], [ 99.279, 6.58 ], [ 99.321, 6.566 ], [ 99.317, 6.56 ], [ 99.329, 6.553 ], [ 99.324, 6.519 ], [ 99.307, 6.504 ] ] ], [ [ [ 99.265, 6.538 ], [ 99.259, 6.538 ], [ 99.254, 6.545 ], [ 99.264, 6.546 ], [ 99.265, 6.538 ] ] ], [ [ [ 99.471, 6.57 ], [ 99.462, 6.568 ], [ 99.47, 6.576 ], [ 99.471, 6.57 ] ] ], [ [ [ 99.275, 6.524 ], [ 99.266, 6.522 ], [ 99.274, 6.53 ], [ 99.275, 6.524 ] ] ], [ [ [ 99.311, 6.479 ], [ 99.295, 6.484 ], [ 99.285, 6.479 ], [ 99.283, 6.486 ], [ 99.312, 6.495 ], [ 99.311, 6.479 ] ] ], [ [ [ 99.265, 6.513 ], [ 99.258, 6.513 ], [ 99.262, 6.517 ], [ 99.265, 6.513 ] ] ], [ [ [ 99.449, 6.554 ], [ 99.441, 6.555 ], [ 99.451, 6.588 ], [ 99.459, 6.586 ], [ 99.458, 6.569 ], [ 99.449, 6.554 ] ] ], [ [ [ 99.725, 6.267 ], [ 99.712, 6.263 ], [ 99.713, 6.276 ], [ 99.724, 6.274 ], [ 99.725, 6.267 ] ] ], [ [ [ 99.754, 6.267 ], [ 99.741, 6.266 ], [ 99.743, 6.249 ], [ 99.741, 6.258 ], [ 99.726, 6.259 ], [ 99.725, 6.267 ], [ 99.73, 6.28 ], [ 99.713, 6.306 ], [ 99.721, 6.334 ], [ 99.712, 6.358 ], [ 99.685, 6.354 ], [ 99.676, 6.363 ], [ 99.67, 6.354 ], [ 99.651, 6.359 ], [ 99.642, 6.377 ], [ 99.637, 6.422 ], [ 99.643, 6.441 ], [ 99.666, 6.437 ], [ 99.668, 6.429 ], [ 99.676, 6.442 ], [ 99.723, 6.437 ], [ 99.737, 6.433 ], [ 99.729, 6.418 ], [ 99.737, 6.416 ], [ 99.743, 6.438 ], [ 99.76, 6.425 ], [ 99.766, 6.43 ], [ 99.787, 6.426 ], [ 99.801, 6.446 ], [ 99.825, 6.461 ], [ 99.816, 6.464 ], [ 99.822, 6.48 ], [ 99.853, 6.47 ], [ 99.862, 6.452 ], [ 99.859, 6.438 ], [ 99.87, 6.437 ], [ 99.872, 6.429 ], [ 99.88, 6.431 ], [ 99.876, 6.44 ], [ 99.891, 6.459 ], [ 99.912, 6.425 ], [ 99.92, 6.442 ], [ 99.916, 6.401 ], [ 99.91, 6.4 ], [ 99.895, 6.421 ], [ 99.891, 6.418 ], [ 99.9, 6.413 ], [ 99.901, 6.397 ], [ 99.913, 6.395 ], [ 99.905, 6.365 ], [ 99.917, 6.351 ], [ 99.913, 6.325 ], [ 99.895, 6.322 ], [ 99.911, 6.32 ], [ 99.927, 6.329 ], [ 99.95, 6.314 ], [ 99.93, 6.303 ], [ 99.924, 6.291 ], [ 99.907, 6.309 ], [ 99.898, 6.305 ], [ 99.893, 6.309 ], [ 99.884, 6.295 ], [ 99.879, 6.297 ], [ 99.882, 6.308 ], [ 99.868, 6.303 ], [ 99.876, 6.276 ], [ 99.892, 6.271 ], [ 99.884, 6.262 ], [ 99.859, 6.28 ], [ 99.858, 6.295 ], [ 99.845, 6.304 ], [ 99.851, 6.312 ], [ 99.842, 6.321 ], [ 99.805, 6.316 ], [ 99.803, 6.301 ], [ 99.777, 6.28 ], [ 99.755, 6.278 ], [ 99.754, 6.267 ] ], [ [ 99.883, 6.422 ], [ 99.887, 6.423 ], [ 99.886, 6.425 ], [ 99.883, 6.422 ] ] ], [ [ [ 99.688, 6.613 ], [ 99.688, 6.624 ], [ 99.691, 6.625 ], [ 99.692, 6.614 ], [ 99.688, 6.613 ] ] ], [ [ [ 99.599, 6.585 ], [ 99.597, 6.612 ], [ 99.612, 6.617 ], [ 99.617, 6.637 ], [ 99.613, 6.662 ], [ 99.629, 6.667 ], [ 99.642, 6.691 ], [ 99.637, 6.72 ], [ 99.638, 6.737 ], [ 99.645, 6.742 ], [ 99.666, 6.727 ], [ 99.667, 6.705 ], [ 99.672, 6.713 ], [ 99.695, 6.665 ], [ 99.683, 6.634 ], [ 99.684, 6.613 ], [ 99.695, 6.607 ], [ 99.701, 6.584 ], [ 99.695, 6.571 ], [ 99.701, 6.559 ], [ 99.697, 6.526 ], [ 99.709, 6.524 ], [ 99.707, 6.516 ], [ 99.688, 6.517 ], [ 99.68, 6.534 ], [ 99.671, 6.527 ], [ 99.674, 6.508 ], [ 99.668, 6.513 ], [ 99.659, 6.499 ], [ 99.651, 6.501 ], [ 99.637, 6.544 ], [ 99.628, 6.558 ], [ 99.613, 6.563 ], [ 99.599, 6.585 ] ] ], [ [ [ 99.875, 6.242 ], [ 99.874, 6.233 ], [ 99.871, 6.242 ], [ 99.875, 6.242 ] ] ], [ [ [ 99.867, 6.242 ], [ 99.868, 6.251 ], [ 99.871, 6.242 ], [ 99.867, 6.242 ] ] ], [ [ [ 99.842, 6.272 ], [ 99.857, 6.266 ], [ 99.866, 6.227 ], [ 99.857, 6.212 ], [ 99.851, 6.213 ], [ 99.849, 6.225 ], [ 99.838, 6.22 ], [ 99.814, 6.158 ], [ 99.799, 6.179 ], [ 99.79, 6.171 ], [ 99.782, 6.175 ], [ 99.783, 6.163 ], [ 99.777, 6.162 ], [ 99.77, 6.17 ], [ 99.783, 6.194 ], [ 99.768, 6.201 ], [ 99.759, 6.215 ], [ 99.772, 6.232 ], [ 99.787, 6.238 ], [ 99.796, 6.274 ], [ 99.824, 6.284 ], [ 99.835, 6.3 ], [ 99.846, 6.295 ], [ 99.842, 6.272 ] ], [ [ 99.833, 6.267 ], [ 99.825, 6.266 ], [ 99.826, 6.258 ], [ 99.832, 6.262 ], [ 99.833, 6.267 ] ], [ [ 99.833, 6.267 ], [ 99.838, 6.268 ], [ 99.835, 6.271 ], [ 99.833, 6.267 ] ] ], [ [ [ 99.178, 6.55 ], [ 99.193, 6.579 ], [ 99.229, 6.584 ], [ 99.235, 6.58 ], [ 99.249, 6.587 ], [ 99.263, 6.572 ], [ 99.262, 6.555 ], [ 99.23, 6.545 ], [ 99.228, 6.537 ], [ 99.196, 6.542 ], [ 99.171, 6.538 ], [ 99.17, 6.542 ], [ 99.166, 6.539 ], [ 99.188, 6.524 ], [ 99.175, 6.51 ], [ 99.184, 6.507 ], [ 99.183, 6.492 ], [ 99.176, 6.492 ], [ 99.17, 6.516 ], [ 99.154, 6.522 ], [ 99.155, 6.545 ], [ 99.164, 6.555 ], [ 99.178, 6.55 ] ] ], [ [ [ 99.684, 6.294 ], [ 99.693, 6.309 ], [ 99.717, 6.296 ], [ 99.701, 6.287 ], [ 99.684, 6.294 ] ] ], [ [ [ 99.901, 6.278 ], [ 99.894, 6.271 ], [ 99.892, 6.271 ], [ 99.893, 6.28 ], [ 99.901, 6.278 ] ] ], [ [ [ 99.876, 6.249 ], [ 99.88, 6.243 ], [ 99.875, 6.242 ], [ 99.876, 6.249 ] ] ], [ [ [ 99.762, 6.266 ], [ 99.755, 6.262 ], [ 99.754, 6.267 ], [ 99.762, 6.266 ] ] ] ] } }
]
}
